query	rank	path	pid	score
Q1	1	0070_costs_and_regression_evidence.md	2253	0.48985714
Q1	2	0070_dep_is_quiet_by_default.md	2263	0.40821558
Q1	3	0057_a_project_declares_what_its_executable_contains.md	1521	0.3939664
Q1	4	0001_the_first_release.md	3	0.39258158
Q1	5	0002_the_interactive_session_evidence.md	28	0.38625747
Q2	1	0130_polars_test_limit_isolation.md	3776	0.59176826
Q2	2	0130_polars_test_limit_isolation_evidence.md	3780	0.57567286
Q2	3	0025_the_same_contracts_on_windows_evidence.md	491	0.4767316
Q2	4	0088_polars_owned_cow_chunked_returns_evidence.md	2781	0.47498155
Q2	5	0056_a_server_entry_without_ownership_by_accident_evidence.md	1483	0.47147173
Q3	1	0126_eager_group_by_evidence.md	3681	0.60355574
Q3	2	0126_eager_group_by.md	3666	0.55496055
Q3	3	0093_polars_checked_integer_readback_evidence.md	2864	0.52152014
Q3	4	0089_polars_integer_generic_arg_extrema.md	2785	0.49675384
Q3	5	0088_polars_owned_cow_chunked_returns.md	2770	0.49659297
Q4	1	0082_polars_borrowed_slice_bindings_evidence.md	2676	0.44783342
Q4	2	0129_candle_workflow_evidence.md	3756	0.42574802
Q4	3	0129_candle_workflow.md	3738	0.40007794
Q4	4	0048_a_bounded_transport_before_a_notebook.md	1174	0.39358118
Q4	5	0118_polars_in_memory_io.md	3421	0.38761124
Q5	1	0068_interactive_frames_show_a_bounded_preview.md	2147	0.44620967
Q5	2	0068_product_port_evidence.md	2173	0.41198364
Q5	3	0068_presentation_seam_evidence.md	2166	0.40472335
Q5	4	0124_preview_dtypes_and_columns.md	3586	0.39580536
Q5	5	0058_a_small_dataframe_pipeline_through_the_same_engine.md	1573	0.390443
