id,a,b,c
0,0,-3,0
1,0.25,-2,0.5
2,0.5,-1,1
3,0.75,0,0.125
4,1,1,0.625
5,1.25,2,1.125
6,1.5,3,0.25
7,1.75,-3,0.75
8,2,-2,1.25
9,2.25,-1,0.375
10,2.5,0,0.875
11,2.75,1,0
12,3,2,0.5
13,3.25,3,1
14,3.5,-3,0.125
15,3.75,-2,0.625
16,4,-1,1.125
17,4.25,0,0.25
18,4.5,1,0.75
19,4.75,2,1.25
20,5,3,0.375
21,5.25,-3,0.875
22,5.5,-2,0
23,5.75,-1,0.5
24,6,0,1
25,6.25,1,0.125
26,6.5,2,0.625
27,6.75,3,1.125
28,7,-3,0.25
29,7.25,-2,0.75
30,7.5,-1,1.25
31,7.75,0,0.375
32,8,1,0.875
33,8.25,2,0
34,8.5,3,0.5
35,8.75,-3,1
36,9,-2,0.125
37,9.25,-1,0.625
38,9.5,0,1.125
39,9.75,1,0.25
40,10,2,0.75
41,10.25,3,1.25
42,10.5,-3,0.375
43,10.75,-2,0.875
44,11,-1,0
45,11.25,0,0.5
46,11.5,1,1
47,11.75,2,0.125
48,12,3,0.625
49,12.25,-3,1.125
50,12.5,-2,0.25
51,12.75,-1,0.75
52,13,0,1.25
53,13.25,1,0.375
54,13.5,2,0.875
55,13.75,3,0
56,14,-3,0.5
57,14.25,-2,1
58,14.5,-1,0.125
59,14.75,0,0.625
60,15,1,1.125
61,15.25,2,0.25
62,15.5,3,0.75
63,15.75,-3,1.25
