month,region,product,units,price_cents,returned
2026-07,north,widget,3,1250,false
2026-07,south,gadget,1,4000,false
2026-07,east,widget,2,1250,true
2026-07,west,gizmo,4,2500,false
2026-07,north,gizmo,1,2500,false
2026-07,east,gadget,2,4000,false
2026-07,south,widget,6,1250,false
2026-07,west,widget,2,1250,false
2026-08,north,gadget,2,4000,false
2026-08,west,widget,5,1250,false
2026-08,south,gizmo,3,2500,true
2026-08,east,gizmo,2,2500,false
2026-08,north,widget,4,1250,false
2026-08,south,gadget,2,4000,false
2026-08,west,gadget,1,4000,true
2026-08,east,widget,7,1250,false
2026-09,north,gizmo,3,2500,false
2026-09,south,widget,4,1250,false
2026-09,east,gadget,1,4000,false
2026-09,west,gizmo,2,2500,false
2026-09,north,gadget,3,4000,false
2026-09,south,gizmo,1,2500,false
2026-09,east,widget,3,1250,true
2026-09,west,widget,6,1250,false
