date	Rust_(programming_language)	Python_(programming_language)	Go_(programming_language)	Zig_(programming_language)
20230701	2679	4208	4269	561
20230702	2684	4469	3963	548
20230703	3348	5810	4944	662
20230704	3272	6076	4855	636
20230705	3409	6344	4849	552
20230706	3426	6130	4497	500
20230707	3122	5652	4482	446
20230708	2420	4828	3982	408
20230709	2508	4610	4055	430
20230710	3261	6620	4957	421
20230711	3238	8297	4809	404
20230712	3190	7445	4737	387
20230713	3412	7481	4857	419
20230714	3138	6816	4370	413
20230715	2523	5245	3791	352
20230716	2288	5352	4064	370
20230717	3135	7093	4953	422
20230718	2979	10552	4766	997
20230719	3094	12631	4175	1437
20230720	2939	12577	3974	523
20230721	2745	11044	4319	436
20230722	2340	9239	3656	346
20230723	2192	9665	3481	353
20230724	3072	12243	4493	408
20230725	3081	6820	4554	387
20230726	3010	6792	4313	400
20230727	2990	6421	4588	487
20230728	2693	5746	4488	412
20230729	2119	4980	3929	329
20230730	3518	5005	3887	346
20230731	3894	6673	4846	361
20230801	3212	6798	4585	384
20230802	3108	6504	4725	368
20230803	3041	6256	4513	846
20230804	2879	5736	4155	878
20230805	2269	4447	3539	582
20230806	2204	4425	3544	557
20230807	2794	6245	4236	519
20230808	2736	6557	4247	462
20230809	2733	6511	4055	459
20230810	2806	6226	4721	469
20230811	2647	6071	4387	437
20230812	2236	5319	3457	340
20230813	2076	6201	3339	387
20230814	2890	11233	4072	400
20230815	2855	11332	4361	374
20230816	2831	12576	4722	365
20230817	2736	11945	4519	369
20230818	2614	8265	4344	297
20230819	2184	6075	3379	321
20230820	2201	5381	3237	289
20230821	2779	7994	4563	375
20230822	2901	10047	4795	378
20230823	2935	10402	4488	406
20230824	2858	8066	4137	484
20230825	2552	7802	4159	418
20230826	2001	6231	3489	330
20230827	2127	5983	3158	301
20230828	2999	7782	3895	397
20230829	2849	10622	4004	356
20230830	2903	8108	4244	378
20230831	2970	8518	3766	318
20230901	2649	7530	3553	358
20230902	2081	6637	3170	250
20230903	2087	6902	2882	312
20230904	2813	8947	3451	518
20230905	3106	8324	3876	518
20230906	2949	8126	3895	404
20230907	3052	8608	4036	472
20230908	3081	7740	4129	636
20230909	2408	7004	3203	815
20230910	3156	7195	3308	1218
20230911	3005	8497	4163	2007
20230912	2956	8435	4162	1469
20230913	2477	7102	3361	1171
20230914	2570	6854	3200	949
20230915	2332	6393	3222	900
20230916	1867	4787	2620	625
20230917	1619	4323	2625	535
20230918	2191	6165	3202	866
20230919	2273	6599	3599	781
20230920	2336	6986	3538	759
20230921	2461	6669	4002	648
20230922	2243	5854	3949	715
20230923	1802	4598	3136	552
20230924	1679	4638	3024	634
20230925	2580	6552	3578	735
20230926	2259	6578	3469	621
20230927	2212	6114	3274	598
20230928	2116	6280	3295	597
20230929	2018	5486	2820	505
20230930	2130	4287	1882	413
20231001	2003	4173	1816	404
20231002	2272	5823	2488	467
20231003	2064	6431	2554	451
20231004	2054	6447	2514	499
20231005	2222	6071	2778	493
20231006	2092	5604	2749	530
20231007	1510	4513	2088	476
20231008	1538	4094	2088	423
20231009	2079	5972	2661	446
20231010	1957	6152	2777	450
20231011	2030	5965	2671	442
20231012	2210	6002	2942	478
20231013	2136	5467	2671	428
20231014	1533	4380	1895	368
20231015	1652	4304	2009	374
20231016	2075	5965	2781	414
20231017	2126	6183	2707	427
20231018	2206	5954	2655	514
20231019	2169	5911	2688	495
20231020	2019	5039	2339	508
20231021	1530	4114	1894	390
20231022	1479	3994	1904	396
20231023	2139	5168	2333	379
20231024	2117	5454	2310	442
20231025	2173	5680	2565	432
20231026	2261	5701	2582	632
20231027	2058	5463	2412	492
20231028	1586	3914	1759	339
20231029	1460	4067	1806	363
20231030	2017	6034	2407	381
20231031	2231	5529	2518	410
20231101	2064	5248	2410	393
20231102	2232	5284	2464	368
20231103	2036	5170	2121	410
20231104	1676	4004	1875	321
20231105	2256	4120	1706	362
20231106	2854	5557	2304	351
20231107	2487	5718	2427	435
20231108	2456	5500	2288	520
20231109	2348	5263	2294	432
20231110	2092	4765	2214	368
20231111	1859	3928	1959	366
20231112	1757	3993	1897	302
20231113	2424	6133	2399	448
20231114	2409	6659	2526	357
20231115	2459	6182	2569	400
20231116	2463	6090	2647	482
20231117	2253	5682	2452	483
20231118	1908	4765	1874	401
20231119	1925	5126	1862	413
20231120	2436	7083	2459	446
20231121	2382	7020	2503	480
20231122	2447	6773	2558	488
20231123	2043	6383	2291	409
20231124	2094	5779	2203	363
20231125	1668	4383	2005	385
20231126	1739	4191	2030	388
20231127	2496	6224	2732	450
20231128	2503	5906	2728	491
20231129	2479	5912	2851	445
20231130	2554	6436	2739	467
20231201	2386	5608	2620	568
20231202	1902	4613	2239	437
20231203	2002	5145	2348	481
20231204	2917	6018	2902	512
20231205	2313	6528	3234	516
20231206	2508	6741	3364	537
20231207	2710	6396	3280	601
20231208	2632	6189	3407	512
20231209	2021	4943	3212	472
20231210	2031	5347	2951	502
20231211	2688	7112	3797	565
20231212	2843	7482	3466	501
20231213	2804	7443	2977	524
20231214	2510	7403	3117	489
20231215	2363	6293	2810	564
20231216	1889	4635	2323	479
20231217	1949	4401	2302	494
20231218	2716	6321	3330	601
20231219	2449	6238	3075	524
20231220	2622	6101	3063	575
20231221	2579	5966	2813	539
20231222	2074	5516	2684	522
20231223	1952	4617	2163	436
20231224	1998	4132	2183	431
20231225	1796	4324	2367	467
20231226	2177	5039	2574	605
20231227	2317	5322	2883	705
20231228	2238	5345	2715	536
20231229	2438	4995	2680	559
20231230	2103	4515	2147	492
20231231	1977	3809	1899	400
20240101	1984	4455	2225	437
20240102	2688	6334	3092	633
20240103	2586	6790	3075	623
20240104	2444	6795	3323	527
20240105	2550	6322	3147	510
20240106	2219	5308	2421	471
20240107	1975	4980	2438	480
20240108	3798	6769	3030	527
20240109	3209	11237	5637	555
20240110	3287	10515	5178	605
20240111	3183	10377	4789	601
20240112	3076	8994	4668	526
20240113	2344	7111	3640	443
20240114	2314	7358	3514	444
20240115	2614	10099	4918	507
20240116	3007	10392	4963	515
20240117	2924	10515	4777	549
20240118	3202	10829	4796	548
20240119	3050	9664	4604	518
20240120	2713	7560	3439	461
20240121	2260	7869	3317	435
20240122	2837	10390	4575	557
20240123	2976	11145	4782	558
20240124	3062	11215	5141	537
20240125	2859	10693	4993	527
20240126	2816	10013	4583	511
20240127	2021	7966	3442	455
20240128	2037	8205	3572	615
20240129	2796	11847	5243	594
20240130	3286	11970	5161	504
20240131	3703	11798	5813	488
20240201	3907	8090	4713	498
20240202	3359	6738	3273	521
20240203	2528	5303	2360	444
20240204	2352	5289	2529	428
20240205	3527	7711	3466	484
20240206	3734	7461	3486	508
20240207	3400	7334	3388	551
20240208	3395	7114	3100	468
20240209	2944	6335	2952	456
20240210	2299	5238	2293	442
20240211	2308	5174	2303	339
20240212	2948	7251	3011	427
20240213	2791	7182	3127	448
20240214	2805	6611	2943	419
20240215	2750	7258	3131	470
20240216	2703	9233	3007	431
20240217	2283	6127	2397	439
20240218	2451	5416	2510	433
20240219	2927	7332	3171	514
20240220	3008	7672	3282	493
20240221	2889	7144	3330	582
20240222	2971	7411	3294	725
20240223	2869	6544	2811	837
20240224	2211	4896	2529	606
20240225	2216	5029	2410	533
20240226	3133	7473	3450	685
20240227	4198	7894	3311	796
20240228	7279	8024	3575	846
20240229	7211	7801	3513	787
20240301	5545	7149	3360	641
20240302	3498	5266	2714	614
20240303	3352	5155	2658	644
20240304	3886	7932	3527	601
20240305	4203	8168	3449	559
20240306	4395	7916	3421	630
20240307	3981	7167	3379	617
20240308	3337	5986	3124	494
20240309	2626	5125	2341	518
20240310	2489	5013	2392	432
20240311	3262	7183	3123	545
20240312	3380	7391	3223	543
20240313	3436	7011	3359	505
20240314	3342	6855	3340	494
20240315	3022	6728	3028	514
20240316	2336	4881	2424	625
20240317	2290	4902	2414	619
20240318	3008	6969	3327	835
20240319	2986	7196	3173	628
20240320	3003	6881	2986	648
20240321	2825	6637	3001	579
20240322	2662	6143	3432	437
20240323	2057	4611	2336	423
20240324	2042	4508	2116	399
20240325	2801	6212	2662	432
20240326	2650	6336	2920	701
20240327	2644	6101	2983	601
20240328	3455	5927	3077	557
20240329	2491	4973	2761	484
20240330	2081	4394	2896	439
20240331	2486	4224	3213	407
20240401	3729	5577	3821	501
20240402	3721	6142	3768	611
20240403	3154	6340	3552	798
20240404	3140	6371	3510	658
20240405	3413	5749	3983	710
20240406	2346	12936	3264	580
20240407	2195	6437	3059	490
20240408	2716	6478	3623	610
20240409	2769	6164	3258	566
20240410	2860	6067	2774	551
20240411	2626	6242	2975	523
20240412	2583	5608	3381	481
20240413	1808	4618	3308	421
20240414	1806	4251	3218	367
20240415	2595	6381	3907	551
20240416	2720	6535	3844	521
20240417	2461	6525	4037	503
20240418	2489	6413	3918	548
20240419	2500	5946	3508	472
20240420	1853	4541	3072	429
20240421	2018	4581	3153	474
20240422	2458	6482	3919	601
20240423	2530	6692	3574	504
20240424	2488	6574	3940	506
20240425	2493	6386	4127	437
20240426	2345	5980	3952	554
20240427	2039	4727	3351	432
20240428	1992	4900	3042	429
20240429	2497	7465	4316	520
20240430	2497	7215	4377	776
20240501	2234	6436	3780	799
20240502	2607	6716	4200	743
20240503	2397	6518	4255	732
20240504	1926	4977	3593	465
20240505	1790	4978	3362	545
20240506	2244	6470	4242	550
20240507	2301	6717	4318	860
20240508	2379	6436	3896	872
20240509	2277	5957	3291	676
20240510	2235	4952	2050	536
20240511	1633	4148	1465	414
20240512	1817	4245	1517	446
20240513	2299	5759	2104	578
20240514	2300	5965	2202	497
20240515	2443	5922	2243	434
20240516	2305	5923	2196	461
20240517	2252	5185	2062	434
20240518	1675	4218	1564	380
20240519	1601	4122	1549	406
20240520	2003	5613	2099	529
20240521	2261	6159	2272	514
20240522	2188	5597	2223	468
20240523	2243	5504	2106	467
20240524	2112	5062	2009	425
20240525	1663	4113	1527	385
20240526	1697	3945	1526	383
20240527	2186	5559	1948	519
20240528	2262	5980	2092	556
20240529	2416	5682	1985	552
20240530	2220	5671	1957	554
20240531	2138	5096	1838	468
20240601	1449	3908	1491	397
20240602	1641	4056	1469	367
20240603	2062	5704	1926	491
20240604	2321	5413	2109	563
20240605	2092	5549	1952	423
20240606	2051	5433	1962	457
20240607	1973	4830	1789	412
20240608	1874	3854	1414	409
20240609	1723	4061	1409	354
20240610	2087	5863	1910	493
20240611	2216	5848	1970	469
20240612	2195	5445	2046	581
20240613	2067	5229	1884	473
20240614	2050	4897	1781	497
20240615	1455	3768	1407	456
20240616	1529	3372	1439	477
20240617	1819	4709	1798	475
20240618	1903	5672	1944	504
20240619	2119	5874	1912	698
20240620	2022	5520	1860	740
20240621	1981	4965	1927	554
20240622	1584	5688	1566	526
20240623	1434	4646	1492	505
20240624	1986	8277	1868	506
20240625	1821	9828	2056	792
20240626	2045	6219	2084	1310
20240627	2059	5015	1922	1031
20240628	1842	4490	1836	783
20240629	1434	3374	1415	510
20240630	1381	4642	1382	448
20240701	1810	5452	1867	570
20240702	2080	4884	1847	730
20240703	2041	5506	2131	760
20240704	1852	4755	1909	541
20240705	1677	4057	1857	555
20240706	1453	4117	1450	473
20240707	1508	3698	1520	464
20240708	1868	5091	1899	588
20240709	2075	6029	1916	552
20240710	2119	5693	3154	634
20240711	2093	6356	2248	780
20240712	2208	4982	2007	746
20240713	1792	3643	1444	541
20240714	1445	3200	1397	439
20240715	1894	4666	1699	510
20240716	2075	4994	1859	695
20240717	2675	5055	1930	751
20240718	3127	5983	2110	727
20240719	2371	4546	1984	595
20240720	3878	3639	1635	600
20240721	2369	3396	1367	595
20240722	2310	5079	1963	614
20240723	2623	5132	2009	791
20240724	2420	5069	2036	744
20240725	2384	5025	1929	748
20240726	2181	4564	1796	821
20240727	1652	3618	1474	579
20240728	1604	3589	1402	477
20240729	2430	5156	2007	585
20240730	2558	5224	2186	719
20240731	2326	5086	2088	757
20240801	2322	5203	2050	533
20240802	2354	4637	2131	468
20240803	2004	3716	1450	435
20240804	1937	3575	1418	464
20240805	2694	4972	1981	477
20240806	2380	5245	2054	441
20240807	2309	5234	2047	466
20240808	2453	5097	1868	474
20240809	2139	4503	2005	440
20240810	1695	3583	1384	423
20240811	1576	3727	1403	375
20240812	2167	5067	1967	613
20240813	2282	5193	2216	854
20240814	2498	4813	2008	843
20240815	2453	4019	2126	678
20240816	2156	4475	1803	532
20240817	1594	3952	1416	381
20240818	1644	3543	1517	481
20240819	2344	4794	1953	551
20240820	2129	5250	2133	693
20240821	2231	5803	2024	613
20240822	2153	5360	2223	500
20240823	2131	5005	1941	511
20240824	1880	3978	1449	437
20240825	1787	3633	1433	378
20240826	2255	5066	2048	556
20240827	2278	5736	2041	616
20240828	2312	5880	2157	522
20240829	2374	5743	2012	624
20240830	2368	5100	2012	592
20240831	1939	4116	1601	514
20240901	1788	4142	1455	659
20240902	2369	5347	1908	693
20240903	3296	5947	2133	679
20240904	3921	5678	2173	615
20240905	2975	5442	2203	626
20240906	2679	5323	1875	719
20240907	2410	3771	1567	447
20240908	2564	3948	1528	464
20240909	2803	5777	2101	517
20240910	2511	5900	2003	480
20240911	2413	5787	2125	566
20240912	2391	5626	2135	480
20240913	2249	5210	2033	495
20240914	1723	3888	1531	456
20240915	1654	3805	1579	394
20240916	2400	5365	2127	557
20240917	2643	5828	2261	634
20240918	2616	5879	2257	617
20240919	2809	6041	2143	667
20240920	2687	5561	2171	509
20240921	2011	4356	1613	457
20240922	1999	3991	1615	447
20240923	2575	5834	2580	654
20240924	2643	5936	2649	647
20240925	2507	5906	2937	543
20240926	2840	5874	2684	538
20240927	2640	5391	2579	467
20240928	2057	3776	1679	386
20240929	1824	4040	1784	402
20240930	2288	5904	2309	454
20241001	2530	5741	2295	598
20241002	2365	5594	2147	1043
20241003	2442	5811	2331	758
20241004	2420	5396	2093	632
20241005	1987	4161	1723	504
20241006	1945	4042	1658	457
20241007	2481	5866	2497	557
20241008	2595	6116	2337	683
20241009	2398	5804	2282	608
20241010	2373	5408	2118	571
20241011	2305	4848	2178	630
20241012	1691	3609	1567	593
20241013	1752	3935	1584	552
20241014	2346	6081	2165	640
20241015	2470	5986	2184	608
20241016	2621	5847	2329	589
20241017	2429	5793	2253	531
20241018	2302	5322	2118	550
20241019	1744	4005	1616	413
20241020	1796	4006	1610	463
20241021	2435	5371	2111	605
20241022	2290	5493	2256	560
20241023	2390	5232	2198	601
20241024	2378	5177	2244	529
20241025	2168	4914	2154	598
20241026	1611	3650	1569	503
20241027	1714	3530	1526	511
20241028	2133	4830	2092	562
20241029	2036	4722	1947	483
20241030	2158	4516	2043	508
20241031	1969	4338	1771	531
20241101	2100	3766	1718	444
20241102	1904	3295	1492	394
20241103	1994	3511	1538	379
20241104	2559	4700	2056	503
20241105	2363	4825	2116	569
20241106	1994	4559	1800	384
20241107	2133	4742	2143	419
20241108	2487	4604	2034	442
20241109	2256	3660	1570	410
20241110	2155	3863	1577	492
20241111	2624	5069	2154	386
20241112	2996	5475	2199	482
20241113	3155	5186	2233	606
20241114	3040	5080	2237	585
20241115	2448	4657	2105	449
20241116	1644	3536	1524	343
20241117	1740	3660	1513	422
20241118	2271	5192	2296	458
20241119	2510	5400	2289	452
20241120	2476	5313	2275	438
20241121	2226	5513	2105	430
20241122	2150	5021	2050	458
20241123	1759	3596	1594	342
20241124	1690	3700	1693	376
20241125	2396	5302	2235	459
20241126	2596	5217	2459	492
20241127	2450	5333	2289	480
20241128	2203	4644	2106	441
20241129	2366	4328	2066	453
20241130	1896	3643	1829	376
20241201	2167	3580	1738	452
20241202	2541	4999	2338	600
20241203	2434	5116	2514	615
20241204	2417	5417	2367	772
20241205	2496	5146	2157	737
20241206	2243	4614	2024	549
20241207	1726	3429	1638	488
20241208	1651	3542	1491	429
20241209	2133	5195	2089	598
20241210	2227	4879	2198	591
20241211	2213	5081	2312	529
20241212	2310	5365	2155	546
20241213	2090	4453	2030	508
20241214	1717	3258	1637	426
20241215	1730	3526	1587	498
20241216	2042	4826	2170	533
20241217	2005	4927	2309	469
20241218	2044	5204	2233	546
20241219	2077	4816	2247	596
20241220	1813	4273	2148	619
20241221	1579	3580	1817	436
20241222	1506	3268	1620	428
20241223	1668	4038	2062	429
20241224	1578	3800	1859	410
20241225	1536	3289	1648	440
20241226	1605	4606	2046	532
20241227	1701	3845	1933	1078
20241228	1677	3287	1712	818
20241229	1701	3313	1712	653
20241230	1856	3706	2176	920
20241231	1482	3323	1902	792
20250101	1416	3074	1694	691
20250102	1863	4207	2366	944
20250103	2342	4250	2165	1092
20250104	2018	3525	1750	688
20250105	1880	3534	1710	810
20250106	2232	4663	2396	1097
20250107	2392	5285	2422	2281
20250108	2290	5519	2541	1498
20250109	2295	5512	2425	1178
20250110	2245	4753	2370	973
20250111	1791	3593	1910	825
20250112	1652	3505	1872	1187
20250113	2126	5212	2534	1504
20250114	2183	5020	2451	1134
20250115	2216	5544	2508	962
20250116	2185	5955	2672	1138
20250117	1986	5034	2504	1008
20250118	1658	3664	1865	775
20250119	1640	3820	1800	785
20250120	2006	5556	2411	920
20250121	2033	5797	2420	803
20250122	2123	5626	2524	823
20250123	2166	6036	2620	825
20250124	2418	5678	2540	754
20250125	1677	4073	1891	632
20250126	1520	4008	1735	539
20250127	1998	5742	2402	730
20250128	2121	6110	2465	715
20250129	1952	5890	2535	614
20250130	1964	5820	2348	643
20250131	2010	5390	2331	812
20250201	1448	4408	1849	560
20250202	1390	4081	2134	562
20250203	1847	5698	3014	671
20250204	1970	6098	2613	828
20250205	2154	6140	2523	923
20250206	2300	5905	2491	782
20250207	2395	5233	2420	800
20250208	2045	3816	2018	688
20250209	1961	3907	2022	660
20250210	2380	5289	2588	776
20250211	2246	5488	2480	683
20250212	2317	5375	2780	645
20250213	2283	5337	2608	686
20250214	2181	4436	2457	690
20250215	1897	3561	1928	635
20250216	1933	3574	1909	628
20250217	2180	5038	2355	707
20250218	2287	5540	2495	611
20250219	2447	5408	2675	627
20250220	2758	5395	2702	658
20250221	3329	4631	2457	608
20250222	2513	3676	1805	587
20250223	2306	4132	1862	735
20250224	2551	5463	2440	635
20250225	2310	5160	2456	713
20250226	2456	4724	2425	660
20250227	2729	5050	2462	653
20250228	2410	4739	2478	573
20250301	2078	3300	1709	527
20250302	1896	3607	1777	437
20250303	2443	4917	2505	539
20250304	2423	5025	2399	723
20250305	2451	5139	2526	605
20250306	2162	4870	2552	587
20250307	1923	4608	2351	569
20250308	1487	3263	1768	446
20250309	1599	3217	1767	885
20250310	2111	4748	2329	620
20250311	2247	4887	3311	658
20250312	2766	4885	4818	740
20250313	2620	4531	4420	721
20250314	2376	3920	3382	573
20250315	1964	3200	2536	443
20250316	1994	3395	2419	474
20250317	2446	4947	3045	521
20250318	2467	4769	3073	641
20250319	2496	4783	3099	612
20250320	2323	4498	2605	577
20250321	2371	4231	2284	485
20250322	1720	3340	1879	421
20250323	1750	3183	1829	573
20250324	2087	4205	2516	604
20250325	2209	4377	2453	581
20250326	2379	4531	2505	612
20250327	2193	4636	2640	615
20250328	2079	4011	2530	602
20250329	1729	3125	1928	568
20250330	1641	2843	1821	444
20250331	2084	3688	2460	705
20250401	1994	4131	2576	731
20250402	1988	4343	2547	579
20250403	1749	3921	2364	493
20250404	1654	3740	2235	438
20250405	1311	2815	1651	415
20250406	1297	2731	1762	398
20250407	1745	4193	2364	443
20250408	1877	4533	2161	491
20250409	1801	4432	2245	407
20250410	1670	4209	2308	427
20250411	1690	3803	2123	418
20250412	1283	2863	1669	368
20250413	1305	2804	1612	460
20250414	1686	3885	2194	569
20250415	1696	4180	2752	491
20250416	1711	3978	2840	487
20250417	1709	3968	2696	463
20250418	1413	3439	2335	434
20250419	1212	2885	1847	405
20250420	1277	2992	1678	411
20250421	1568	3408	2653	507
20250422	1732	4093	2954	465
20250423	1722	4142	2811	521
20250424	1748	3942	2607	477
20250425	1525	3680	2438	433
20250426	1101	2858	1741	349
20250427	1192	2889	1701	382
20250428	1675	3851	2998	414
20250429	1725	4026	2559	418
20250430	1650	3986	2141	461
20250501	1400	3130	1634	419
20250502	1485	3336	1713	420
20250503	1280	2765	1519	333
20250504	1283	2769	1493	355
20250505	1810	3943	2011	425
20250506	1959	4346	2146	496
20250507	1872	3974	2229	504
20250508	1825	3841	2110	448
20250509	1707	3793	2037	455
20250510	1500	2550	1730	420
20250511	1347	2741	1726	397
20250512	1679	3665	2126	466
20250513	1754	3884	2292	477
20250514	2011	4159	2341	539
20250515	2013	4021	2185	511
20250516	1784	3592	2097	450
20250517	1350	2825	1754	361
20250518	1303	2815	1732	534
20250519	1811	4153	2198	490
20250520	1944	4017	2282	424
20250521	1882	4001	2065	391
20250522	1777	4012	2125	457
20250523	1744	3697	2113	444
20250524	1333	2709	1822	290
20250525	1308	2736	1542	382
20250526	1582	3689	2031	462
20250527	1697	4417	2112	433
20250528	1710	3985	2104	408
20250529	1628	3780	1971	420
20250530	1565	3581	1862	364
20250531	1259	2666	1465	348
20250601	1300	2839	1382	382
20250602	1809	3728	1881	413
20250603	1755	3885	1973	429
20250604	1936	4132	1897	423
20250605	1752	3756	1879	491
20250606	1506	15718	1677	696
20250607	1185	7883	1332	460
20250608	1196	2628	1459	362
20250609	1519	3778	1839	471
20250610	1739	4132	1935	404
20250611	1668	3583	1996	405
20250612	1753	3803	1885	396
20250613	1389	3613	1772	323
20250614	1086	2610	1546	297
20250615	1057	2764	1426	264
20250616	1351	3727	1792	342
20250617	1530	3773	1883	327
20250618	1438	3554	1825	298
20250619	1331	3466	1802	354
20250620	1347	3087	1804	409
20250621	1297	2512	1416	317
20250622	1199	2572	1447	298
20250623	1470	3458	1950	316
20250624	1646	3627	1985	365
20250625	1544	3596	1799	388
20250626	1527	3578	1829	376
20250627	1444	3155	1803	351
20250628	1178	2499	1299	304
20250629	1212	2548	1339	324
20250630	1515	3496	1720	329
20250701	1561	4128	1742	418
20250702	1595	3906	1912	460
20250703	1442	3367	1997	374
20250704	1336	3008	1629	414
20250705	1234	2455	1292	341
20250706	1152	2362	1232	331
20250707	1402	4211	1768	460
20250708	1587	4412	1877	412
20250709	1732	4712	1870	472
20250710	1711	3922	1858	551
20250711	1527	4115	1681	508
20250712	1164	3023	1361	374
20250713	1199	2564	1356	425
20250714	1410	4165	1810	439
20250715	1585	4127	1807	419
20250716	1586	3751	1980	408
20250717	1434	4247	1776	417
20250718	1428	4404	1734	509
20250719	1155	2749	1393	362
20250720	1101	3445	1287	386
20250721	1444	4050	1902	419
20250722	1410	3871	1856	407
20250723	1520	3940	1913	388
20250724	1572	3862	2137	424
20250725	1651	3696	2125	438
20250726	1303	2863	1484	339
20250727	1329	3017	1482	359
20250728	1742	4101	2059	381
20250729	1721	4129	1966	490
20250730	1730	4315	1952	449
20250731	1593	4085	1911	463
20250801	1467	3872	1675	392
20250802	1100	2879	1439	372
20250803	1127	2937	1397	299
20250804	1505	4145	1893	451
20250805	1574	4147	1920	449
20250806	1462	4334	1975	437
20250807	1690	3967	1888	441
20250808	1478	3781	1891	357
20250809	1477	2686	1393	315
20250810	1322	2710	1371	416
20250811	1559	3615	1885	473
20250812	1609	3937	1767	485
20250813	1506	4130	1944	408
20250814	1517	3735	1912	457
20250815	1800	3083	1707	578
20250816	1281	2861	1444	394
20250817	1285	2924	1345	407
20250818	1619	4156	1891	431
20250819	1621	4441	1867	479
20250820	1637	4287	1757	450
20250821	1666	4341	1975	457
20250822	1552	4089	1935	429
20250823	1206	3212	1485	451
20250824	1222	3181	1442	325
20250825	1706	4394	1873	437
20250826	1630	4767	2018	453
20250827	1706	4189	2032	478
20250828	1685	4352	2020	452
20250829	1610	4314	1852	396
20250830	1228	3593	1499	369
20250831	1158	3716	1471	372
20250901	1552	4460	1861	424
20250902	1834	5114	2131	473
20250903	1809	5151	2194	522
20250904	1876	4891	2055	678
20250905	1801	4445	2096	672
20250906	1475	3208	1651	407
20250907	1542	3315	1665	478
20250908	1759	4766	2055	501
20250909	1618	5284	2104	546
20250910	1583	5286	2108	426
20250911	1503	4935	2038	456
20250912	1603	4277	2007	449
20250913	1243	3441	1509	308
20250914	1274	3548	1623	343
20250915	1795	4611	2068	465
20250916	1646	5013	2036	522
20250917	1600	5032	1990	500
20250918	1685	4944	2062	401
20250919	1786	4386	2028	432
20250920	1292	3335	1605	417
20250921	1496	3247	1515	387
20250922	1797	4613	2084	721
20250923	1986	5057	2031	724
20250924	1829	4688	2011	569
20250925	1722	4752	2254	436
20250926	1696	3945	2073	434
20250927	1308	3067	1542	360
20250928	1344	3192	1471	447
20250929	1722	4498	2006	424
20250930	1722	4379	1950	439
20251001	1657	4151	1870	534
20251002	1555	4182	1784	435
20251003	1429	4025	1727	436
20251004	1230	3149	1586	680
20251005	1202	3110	1337	398
20251006	1605	4354	1865	514
20251007	1728	4446	2055	539
20251008	1801	4732	2114	484
20251009	1746	4538	2135	463
20251010	1671	4510	1896	479
20251011	1296	3316	1493	477
20251012	1314	3311	1439	443
20251013	1662	4558	1799	597
20251014	1776	4579	1923	562
20251015	1743	4423	2006	501
20251016	1704	4407	2003	458
20251017	1692	4114	1788	523
20251018	1239	2862	1448	525
20251019	1309	3072	1385	437
20251020	1827	3875	1750	521
20251021	1657	3875	1781	446
20251022	1776	4017	1958	409
20251023	1788	4093	2137	531
20251024	1551	4232	1940	456
20251025	1261	3013	1522	611
20251026	1258	3023	1442	426
20251027	1650	4469	2159	644
20251028	1698	4543	2018	482
20251029	1719	4643	2031	493
20251030	1728	4187	2063	539
20251031	1563	3536	1856	467
20251101	1276	3002	1511	427
20251102	1692	3077	1463	429
20251103	1977	4350	1902	486
20251104	1968	4636	2053	466
20251105	1797	4769	2025	470
20251106	1927	4777	2158	464
20251107	1859	3891	1877	513
20251108	1364	3025	1443	689
20251109	1391	2997	1395	422
20251110	1824	4033	1982	516
20251111	1792	4381	2006	533
20251112	2299	4407	1924	489
20251113	1797	4225	1806	499
20251114	1802	4117	1771	452
20251115	1397	3323	1430	368
20251116	1440	3162	1404	442
20251117	1969	4303	1842	1200
20251118	2009	4735	1947	986
20251119	2290	4542	1941	582
20251120	2103	4642	1903	483
20251121	2071	4537	1782	473
20251122	1620	3006	1507	415
20251123	1519	2881	1452	430
20251124	1804	3932	1992	508
20251125	1881	4186	2047	529
20251126	1786	4085	1873	480
20251127	1624	4039	1830	998
20251128	1500	3567	1730	718
20251129	1344	2858	1430	553
20251130	1384	2840	1464	599
20251201	1914	3879	1977	675
20251202	1888	4203	2024	1304
20251203	1852	4328	2074	2274
20251204	1738	4040	2031	1259
20251205	1808	3899	1905	1173
20251206	1323	2948	1460	809
20251207	1330	2856	1426	667
20251208	1821	3889	2106	770
20251209	2073	4013	1987	726
20251210	3190	4280	2017	830
20251211	2704	5296	2110	774
20251212	2381	4152	2346	526
20251213	2053	3660	1513	474
20251214	1879	3384	1437	477
20251215	2139	4415	1837	528
20251216	2168	4893	1931	570
20251217	2336	3851	1831	562
20251218	2120	4869	1759	564
20251219	1960	4333	1768	474
20251220	1439	3207	1404	368
20251221	1588	2683	1340	472
20251222	1807	3585	1661	527
20251223	6091	3293	1772	529
20251224	6611	3433	1534	460
20251225	4466	3378	1372	770
20251226	3865	3998	2100	830
20251227	2463	2881	1867	768
20251228	2704	3350	1625	836
20251229	2735	3695	1817	667
20251230	2715	3407	1691	578
20251231	2303	3524	1576	628
20260101	1934	2952	1370	550
20260102	2227	3680	1845	622
20260103	1863	3060	2378	580
20260104	1741	2999	1886	428
20260105	2442	4605	2553	558
20260106	2071	4644	2277	552
20260107	2095	4703	2286	512
20260108	2158	6083	2010	511
20260109	1963	9136	1945	512
20260110	1557	3057	1435	439
20260111	1540	6713	1506	415
20260112	2074	6084	2062	546
20260113	2073	5115	2002	525
20260114	2064	5063	2001	617
20260115	2048	4281	1961	640
20260116	1777	4057	1757	449
20260117	1723	3464	1410	369
20260118	2034	3435	1457	336
20260119	2082	5137	1814	423
20260120	2392	5723	1922	526
20260121	1955	4423	2078	564
20260122	2188	4314	2088	665
20260123	2195	4107	1904	669
20260124	1476	2807	1443	439
20260125	1375	2772	1375	409
20260126	1734	3644	1712	532
20260127	1823	4257	1983	546
20260128	2184	4394	1874	527
20260129	2016	4671	2003	476
20260130	1846	4216	1887	469
20260131	1399	3505	1532	380
20260201	1455	3340	1500	424
20260202	1925	4716	1873	420
20260203	2023	4977	1927	515
20260204	1990	4804	2011	584
20260205	2005	5731	1891	509
20260206	1972	4506	1790	488
20260207	1621	3002	1433	416
20260208	1575	3261	1430	392
20260209	1955	4630	1776	479
20260210	2172	4489	1920	470
20260211	2255	4825	1867	505
20260212	2202	5035	1944	543
20260213	2111	4371	1872	535
20260214	1517	2764	1477	447
20260215	1411	3032	1448	452
20260216	1813	4252	1850	467
20260217	1835	4004	1783	498
20260218	2077	4350	1897	579
20260219	2277	4872	1969	576
20260220	1909	4216	1634	590
20260221	1467	3376	1418	508
20260222	1555	3085	1353	525
20260223	2347	4455	1719	505
20260224	2975	6050	1961	516
20260225	2130	5466	2001	600
20260226	1878	4623	1778	501
20260227	1767	4494	1693	511
20260228	1314	3194	1287	380
20260301	1575	2934	1384	547
20260302	1762	4101	1508	560
20260303	1796	4330	1668	555
20260304	1747	4496	1668	598
20260305	1834	4324	1499	571
20260306	1729	3980	1256	442
20260307	1350	3183	882	363
20260308	1245	2864	870	365
20260309	1766	4106	1257	452
20260310	2022	4321	1445	460
20260311	1797	4459	1272	516
20260312	1826	4385	1178	521
20260313	1804	3850	1191	481
20260314	1378	3190	875	376
20260315	1373	3242	878	396
20260316	1692	4609	1142	470
20260317	1788	4731	1163	566
20260318	1654	4594	1246	502
20260319	1687	4656	1173	524
20260320	1513	5258	1195	506
20260321	1280	2784	836	383
20260322	1332	2779	826	416
20260323	1770	4024	1177	424
20260324	1859	4150	1140	512
20260325	1827	5300	1248	417
20260326	1805	6411	1139	411
20260327	1579	3642	1114	306
20260328	1239	2770	754	321
20260329	1223	2769	750	321
20260330	1640	4023	1029	407
20260331	1615	4084	1193	453
20260401	1994	4293	1205	531
20260402	1823	3783	1068	483
20260403	1568	3681	948	426
20260404	1474	3072	863	358
20260405	1386	3151	754	340
20260406	1520	3890	1037	371
20260407	1703	4306	1104	430
20260408	1709	3995	1095	404
20260409	2002	4142	1313	440
20260410	1875	4385	1110	492
20260411	1777	3087	813	328
20260412	1738	2961	851	374
20260413	2252	4221	1341	415
20260414	2247	4494	1340	496
20260415	2001	4403	1113	472
20260416	2087	4589	1174	472
20260417	1677	4444	1151	453
20260418	1442	3243	845	354
20260419	1686	3123	845	305
20260420	1951	3950	1284	578
20260421	1890	4406	1384	681
20260422	1884	4237	1461	493
20260423	1739	4017	1226	514
20260424	1658	3893	1136	434
20260425	1377	2753	758	365
20260426	1449	2597	744	388
20260427	1946	4636	1610	454
20260428	2149	4776	1889	496
20260429	2030	4318	1213	685
20260430	1678	4104	1146	769
20260501	1460	3318	1030	591
20260502	1355	3017	920	742
20260503	1830	2918	844	456
20260504	1779	3730	1234	546
20260505	1840	4424	1177	1003
20260506	1845	4794	1279	695
20260507	1817	4053	1271	575
20260508	1741	3820	1220	939
20260509	1370	3115	900	797
20260510	1447	2976	833	719
20260511	1883	5028	1212	740
20260512	2334	4174	1376	813
20260513	1986	4274	1330	621
20260514	5499	4291	1347	1329
20260515	2057	4469	1210	1492
20260516	1640	3229	836	750
20260517	1498	3020	731	626
20260518	1957	4301	1307	711
20260519	2100	4859	1271	612
20260520	2673	4497	1282	577
20260521	2058	4048	1360	640
20260522	1890	3747	1184	579
20260523	1424	2748	776	408
20260524	1633	2841	763	373
20260525	1697	3822	1057	392
20260526	2040	4382	1528	548
20260527	1974	4205	1329	1113
20260528	2227	4491	1292	1913
20260529	2042	5191	1137	1488
20260530	1491	3201	829	1608
20260531	1472	2952	764	2148
20260601	1623	4707	1328	2315
20260602	2140	4540	1314	1852
20260603	2051	4384	1306	1312
20260604	1813	4548	1375	987
20260605	1984	4094	1314	1171
20260606	1533	3048	740	957
20260607	1230	2712	741	859
20260608	1726	4163	1365	1198
20260609	1889	4189	1303	951
20260610	1931	4436	1264	765
20260611	1795	4326	1140	649
20260612	1780	4475	1082	610
20260613	1392	2913	815	474
20260614	1369	3100	783	448
20260615	1593	4396	1152	510
20260616	1618	4388	1192	517
20260617	1763	4141	1090	524
20260618	1715	3987	1185	533
20260619	1672	3987	1056	522
20260620	1590	2738	669	391
20260621	1330	2806	639	412
20260622	1699	3674	1112	1096
20260623	1836	3899	1141	739
20260624	1634	3745	1114	546
20260625	1712	3571	1157	583
20260626	1497	3940	1008	545
20260627	1128	2712	718	397
20260628	1270	2957	767	393
20260629	1549	4001	1325	457
20260630	1626	4154	1080	455
20260701	1556	3971	1185	429
20260702	1485	3902	1173	440
20260703	1638	3860	1095	493
20260704	1348	2772	696	468
20260705	1201	2873	736	458
20260706	1584	4073	1311	471
20260707	1599	4073	1259	500
20260708	1523	5035	1191	1773
20260709	1835	4596	1241	1231
20260710	1847	3722	1135	1554
20260711	1596	2689	729	644
20260712	1588	2940	738	571
20260713	2036	4344	1172	1136
20260714	1639	4624	1127	891
20260715	1902	4509	1208	1444
20260716	2068	3833	1206	1433
20260717	1835	3505	1147	1010
20260718	1650	3081	1016	633
20260719	1866	2496	929	594
20260720	2003	3606	1207	872
20260721	2210	3669	1178	836
20260722	1881	3619	1099	636
20260723	1775	3298	1205	575
20260724	1676	3786	1290	559
20260725	1284	3226	932	503
20260726	1289	2646	712	469
20260727	2428	4546	1210	623
20260728	5735	7899	1159	619
20260729	1882	3872	1152	617
20260730	1837	4102	1228	618
20260731	1692	3531	1039	602
20260801	1311	2580	16445	495
20260802	1398	2290	779	400
20260803	1732	3626	1264	436
20260804	1681	3927	1514	394
20260805	1667	3736	1309	469
20260806	1698	3651	1128	385
20260807	1551	3397	969	445
20260808	1316	2499	760	358
20260809	1285	2469	677	383
20260810	1676	3466	1003	550
20260811	1684	3620	1156	503
20260812	1431	3491	1071	400
20260813	1653	4207	1109	481
20260814	1591	4318	942	384
20260815	1227	3569	776	289
20260816	1321	3310	724	381
20260817	1535	3831	1122	465
20260818	1883	4056	1039	410
20260819	1663	3956	986	499
20260820	1910	3856	1193	492
20260821	1747	3728	990	522
20260822	1512	3143	742	407
20260823	1411	2685	714	388
20260824	1711	3711	1046	504
20260825	1804	4218	1080	438
20260826	1869	4216	1130	399
20260827	1914	4458	1152	421
20260828	1710	4764	1213	380
20260829	1661	2979	816	415
20260830	1578	4175	896	400
20260831	1727	3885	1098	397
20260901	1888	4731	1263	427
20260902	1802	4503	1333	406
20260903	1983	4073	1280	357
20260904	1853	4197	1179	383
20260905	1654	3339	915	289
20260906	1675	3393	992	327
20260907	1596	4639	1107	350
20260908	1852	4718	1212	316
20260909	1791	5098	1136	339
20260910	1932	4991	1125	347
20260911	1972	4354	1086	354
20260912	1458	3462	799	284
20260913	1627	3806	783	302
20260914	1906	5123	963	351
20260915	1904	4727	1215	370
20260916	1994	4886	1199	309
20260917	2015	4494	1344	427
20260918	2604	4704	1254	384
20260919	1899	3897	1065	340
20260920	1817	3971	969	309
20260921	2388	5679	1442	364
20260922	2568	5421	1448	390
20260923	2482	5697	1593	398
20260924	3145	6088	1501	300
20260925	2876	4587	1504	336
20260926	2518	3330	1155	338
20260927	2699	3584	1139	332
20260928	2953	5101	1643	370
20260929	3206	4832	1759	366
20260930	2917	4672	1677	389
