ticket	passage	label	contradiction	entailment	neutral
1	0	bug	-1.3851256370544434	-0.6554431319236755	2.1258740425109863
1	0	feature	-1.1468098163604736	-2.290297269821167	3.686142921447754
1	0	question	-1.0431275367736816	-1.598659634590149	2.875666618347168
1	0	documentation	-0.03173224627971649	-2.0703744888305664	2.126957893371582
1	0	performance	-1.368041753768921	-2.1329994201660156	3.698765277862549
3	0	bug	-1.4982954263687134	0.4372064471244812	0.8876391053199768
3	0	feature	-0.9794167876243591	0.6957439184188843	-0.007717550732195377
3	0	question	-1.6335346698760986	1.0426326990127563	0.16899161040782928
3	0	documentation	-0.8537188768386841	0.7205939888954163	-0.23548121750354767
3	0	performance	-1.3972957134246826	0.9612699747085571	0.03548350930213928
3	1	bug	-1.9782768487930298	1.1700760126113892	0.22804081439971924
3	1	feature	-1.857384443283081	1.777077555656433	-0.8361807465553284
3	1	question	-1.9243887662887573	1.3769038915634155	-0.08535729348659515
3	1	documentation	-1.5922377109527588	1.5629538297653198	-0.8000303506851196
3	1	performance	-2.018908739089966	1.8063074350357056	-0.6973070502281189
3	2	bug	-2.281934976577759	1.344441533088684	0.3264453113079071
3	2	feature	-1.8826401233673096	1.667904257774353	-0.6224871277809143
3	2	question	-1.923813819885254	1.3042219877243042	0.060428768396377563
3	2	documentation	-1.5444928407669067	1.5677520036697388	-0.8478381633758545
3	2	performance	-2.173675775527954	1.8736655712127686	-0.631952702999115
