number	content	labels
1	f6d980bae7774daa65d51ff61b4311a39ecfc1196c9bf85f8c2db625e910e462	e3b0c44298fc1c149afbf4c8996fb92427ae41e4649b934ca495991b7852b855
2	6bc1de338da5429cb4f906151e24f321c6c1d7d010f8cebbbbf44dd12cbc018f	e3b0c44298fc1c149afbf4c8996fb92427ae41e4649b934ca495991b7852b855
3	cc7c5ce50ceaed1e6920c62cf2d69ca67853543abf6c066a6fdba2061f16ddfe	e3b0c44298fc1c149afbf4c8996fb92427ae41e4649b934ca495991b7852b855
4	b5a91767b89776ed59b411ca40460d3705f7c6273d0b5d8a3f2f8ee5a30b0fe4	e3b0c44298fc1c149afbf4c8996fb92427ae41e4649b934ca495991b7852b855
5	755291bebd9a4017c1793c44a8db74ad399d75b211cc5453d661c7fd91f6506f	e3b0c44298fc1c149afbf4c8996fb92427ae41e4649b934ca495991b7852b855
6	34ec803fd98a28889c4de5c4a9a6d88519952e4ec1aa56fadb5114b5b4a221ae	e3b0c44298fc1c149afbf4c8996fb92427ae41e4649b934ca495991b7852b855
7	2d7fd852665b198db2a4bf4772592021502febba5016c550ad44357a508dc9f0	e3b0c44298fc1c149afbf4c8996fb92427ae41e4649b934ca495991b7852b855
8	32959e202ec8606faa8c39007f8842862ded5ae8b31e4ab9d71f6a95420799f0	e3b0c44298fc1c149afbf4c8996fb92427ae41e4649b934ca495991b7852b855
9	662a85e77490a2f7b2b037777d980e78eab67db7eade2ed0b0218f587c5af3ce	e3b0c44298fc1c149afbf4c8996fb92427ae41e4649b934ca495991b7852b855
10	e6250b7df69508203e951f50c2c566f5bf61651e3bb3aad4e7c455e494f2a3f2	e3b0c44298fc1c149afbf4c8996fb92427ae41e4649b934ca495991b7852b855
11	9c9a66f73a8393017b093b4d36cadb54439a7ffaeff38ed5ef5f4894510e7e7b	ca9626dfa1b13e7e22edb5b263f67b17a6b0bb5f5d0db29239707bd07d319c3b
12	c05d942d4f66149e670c326336133479ca434850bc9cf3b3782d18597c0130f9	e3b0c44298fc1c149afbf4c8996fb92427ae41e4649b934ca495991b7852b855
13	d24ba007e326b9b87e4f7df8ccfd2064b047054a24b15a11882a950f147d2408	e3b0c44298fc1c149afbf4c8996fb92427ae41e4649b934ca495991b7852b855
14	1b5623a83daa42a9328db269d62d78df99a7c4578469cb577381d7adc5c8e056	e3b0c44298fc1c149afbf4c8996fb92427ae41e4649b934ca495991b7852b855
15	359c87407d201e5db8ee7552ebb58fd5917558edd26d959f79e28cd0af29181c	82c220e2e5bdc0973fd1b8401462e00b17a33f3f8e089fb05073531fadc8fb6d
16	74cd7c6305030dbcdcb83f176265dcb6bcd269a7c87175d17daf1b1e7df9059d	e3b0c44298fc1c149afbf4c8996fb92427ae41e4649b934ca495991b7852b855
17	c88436490a550800081d7af16b4332a9b6fed5799914ff3755860a9200f8da2a	e3b0c44298fc1c149afbf4c8996fb92427ae41e4649b934ca495991b7852b855
18	9d6cd458541af99f1621a0285fe690724d0be00131480548bca6c653ad09640c	e3b0c44298fc1c149afbf4c8996fb92427ae41e4649b934ca495991b7852b855
19	5966a470cb8061adc5f7d76692d6ce53c7a8efd5eddfcfb37cbb2b923635cfef	ca9626dfa1b13e7e22edb5b263f67b17a6b0bb5f5d0db29239707bd07d319c3b
20	e9b8a8e710f9ede88dcca8ad2f2754767adce6c4067990d6356a28b0a05f8e19	e3b0c44298fc1c149afbf4c8996fb92427ae41e4649b934ca495991b7852b855
21	0d86d0e5cee4a8ba3711f5d0f9516cd168a48dbdf466e78cfc1a8bbdc586a971	e3b0c44298fc1c149afbf4c8996fb92427ae41e4649b934ca495991b7852b855
22	5fa4fc79be2cfcb3d31addb643c7ffdc582a42e278f786c80189afcace3b2a2a	e3b0c44298fc1c149afbf4c8996fb92427ae41e4649b934ca495991b7852b855
23	feee3920be38850a27bb300f6501a0b314bcd5933312608f27957030815ed37f	e3b0c44298fc1c149afbf4c8996fb92427ae41e4649b934ca495991b7852b855
24	71dcce1576d9b14f44e53e3e64228fc9b5daceee29515fc26578fa887d4c88bb	e3b0c44298fc1c149afbf4c8996fb92427ae41e4649b934ca495991b7852b855
25	3b8ab02259b7dffff62eb609f615fbbe1fdc025130854eabde5e1cc0db10561d	e3b0c44298fc1c149afbf4c8996fb92427ae41e4649b934ca495991b7852b855
26	b0f59cd4a2ecf72faa8d50e60240c9632517a115d7e331ac75e85cc7f7d768de	e3b0c44298fc1c149afbf4c8996fb92427ae41e4649b934ca495991b7852b855
27	530f12727d1eb67f10e13474ee8d2f9a2167e83134db31707930a3e434221095	e3b0c44298fc1c149afbf4c8996fb92427ae41e4649b934ca495991b7852b855
28	f5485fd550e966598e3aab66ccb25c759c43264e825b2f05732f3e0c4e931f90	e3b0c44298fc1c149afbf4c8996fb92427ae41e4649b934ca495991b7852b855
29	59af8e5775c9206d9ab35dde4c7b022ada9c6b316e2172883d507605a7aae43c	e3b0c44298fc1c149afbf4c8996fb92427ae41e4649b934ca495991b7852b855
30	8285a118328093d70f82d01007395a6dc2af58fe60ca4db454df03d7f7182f9a	1f5087db919ced5c123c7f507d3fcce818cb0cf6e77c2f95a8a35e951e03fdb9
31	d928469ead1a2cf1c91df1065218dd618e37881ab770559bea1b92f93de206ab	13cdf297630815b16496702c091a6c50645d11eccb81f73af12f53e227e28f10
32	4b55e9844bc438cb05a42643920f7808088d2c57ad8ff37cb491ffd8dde731a8	13cdf297630815b16496702c091a6c50645d11eccb81f73af12f53e227e28f10
33	9136fde19adcc9e1e15e57937ea24a442df05b5c6e0d91171f18dc5d0a60d142	13cdf297630815b16496702c091a6c50645d11eccb81f73af12f53e227e28f10
34	94070267c6d3e3de3cea26850b3ade4a54844b2d52072ed668389e8de13554b4	e3b0c44298fc1c149afbf4c8996fb92427ae41e4649b934ca495991b7852b855
35	daf5abf9e80be234d18bafb8e3c651656cdb463569437e37a8f8fea467983c53	e3b0c44298fc1c149afbf4c8996fb92427ae41e4649b934ca495991b7852b855
36	8bdccce78ecffccb5115caea10eb76ab36560ecf7a3701d5aa573cfdc1ea06d9	13cdf297630815b16496702c091a6c50645d11eccb81f73af12f53e227e28f10
37	c9e3311d8c91651efb467476d48c81727ece433cc8ca21ea07b878ffd4690974	3092a5f0dba05ff3cadc3c2c8eeacd47940b1837f9534bc559d19d8435c8b219
44	a8b4fbeb26b409a7145aa27b03d986f412da015ca0dcce464da888007db41499	e3b0c44298fc1c149afbf4c8996fb92427ae41e4649b934ca495991b7852b855
45	d865f5536a2b330ed13d6089dbbe5162508e5335375e32487c724f1c5ac1d2fe	da71f32baa7dd7e2e62a6b177e676b6629e6acae7deb58926c6a0bb11632cea7
46	8d15181556bd7e46a7b1ca0caea8ef956cc569bd997b06c99fc8773ec5de555e	1f5087db919ced5c123c7f507d3fcce818cb0cf6e77c2f95a8a35e951e03fdb9
49	86e676a228de4626bf05472c8914207e741617dbf44003bed7e54b59662206df	e3b0c44298fc1c149afbf4c8996fb92427ae41e4649b934ca495991b7852b855
51	c2c8c40da21ea79072d360dc67705976e150617049d599b696d8f54cbbe34c1c	ca9626dfa1b13e7e22edb5b263f67b17a6b0bb5f5d0db29239707bd07d319c3b
52	a89d11461fa6907800a7c28452ff3dcc158c4ce080b317e54f992f2091bee5d3	13cdf297630815b16496702c091a6c50645d11eccb81f73af12f53e227e28f10
53	2f50e2e595be1d389a92d373292dc1fc3fa17cf994bd7bd7b7f1a436fc67414b	e3b0c44298fc1c149afbf4c8996fb92427ae41e4649b934ca495991b7852b855
56	59492da6d3e16f558a8bcfb63f7aa25c165d89a623ed570663ba5dbb7c688eb6	e3b0c44298fc1c149afbf4c8996fb92427ae41e4649b934ca495991b7852b855
58	5882570bb7ae6e07ab1a26ee4d250c01ae6108f9446898bc07fbb1cae22dacf4	e3b0c44298fc1c149afbf4c8996fb92427ae41e4649b934ca495991b7852b855
60	e88bf1202fa1d8131eaad0999c17c2c6054fcea2768853a0d6955f4c3aba79ba	e3b0c44298fc1c149afbf4c8996fb92427ae41e4649b934ca495991b7852b855
63	23c0a7fd8d0f326227f6fd5227b36b43e281e133be19c8ec892bcad27895d99a	9b52a5a113c3d95d8f1dde7bbcdb9fb4582b85838301947e387c0191f2cadaa0
64	2abb941d8d7c8bc5c3e81fc970e4dda57bb511cb6a1dd0fcc327340c1c690243	e3b0c44298fc1c149afbf4c8996fb92427ae41e4649b934ca495991b7852b855
65	b7c58b4812d02210ad362ae312d67c69e50fea53db1e6be240ad4927cdc22681	e3b0c44298fc1c149afbf4c8996fb92427ae41e4649b934ca495991b7852b855
66	860a8f4786f7f8fbe05538dbadc8f9cf9ecb49a9c479fe530f5c642c8717c5d4	e3b0c44298fc1c149afbf4c8996fb92427ae41e4649b934ca495991b7852b855
68	95289b57057cc561ad0bc86d438735a239c5cedab2fbab9698ef6072c850b6d4	e3b0c44298fc1c149afbf4c8996fb92427ae41e4649b934ca495991b7852b855
69	5769df18ed61686b52c988682e09101ea52a12ad4d002ba7d0ab5a56ede27a45	e3b0c44298fc1c149afbf4c8996fb92427ae41e4649b934ca495991b7852b855
72	f35340c53bee57231aa839e114b94a5536e172f65608cc42bfe44ffd37b52f7e	e3b0c44298fc1c149afbf4c8996fb92427ae41e4649b934ca495991b7852b855
73	967397f8223d9b3e439e163839b6bbc6c0ee938279e9f0a86ec66a4a0f92c34c	ca9626dfa1b13e7e22edb5b263f67b17a6b0bb5f5d0db29239707bd07d319c3b
74	09377c08c14170746c580a589452bf01f670ee78e004504e75f9f9f597dbd75a	e3b0c44298fc1c149afbf4c8996fb92427ae41e4649b934ca495991b7852b855
75	819e02d3875314db841a1b762e0efe3b031dc784bff98c630173a8b137d791f5	e3b0c44298fc1c149afbf4c8996fb92427ae41e4649b934ca495991b7852b855
78	285f789571be1d18bdca3fd5f0dfadc086695b2cb2151444b897cd1d48ac7ba3	ca9626dfa1b13e7e22edb5b263f67b17a6b0bb5f5d0db29239707bd07d319c3b
79	bc32c0a808896d28819b71d0b1064ae45059030fc97858088c360f04953d5377	e3b0c44298fc1c149afbf4c8996fb92427ae41e4649b934ca495991b7852b855
83	c834b9967080a083146137440048020329b96f25350bf6801fa9507551186c46	e3b0c44298fc1c149afbf4c8996fb92427ae41e4649b934ca495991b7852b855
84	f1e15ead749daa8060a774d8cba87b836c9ebaad976bdd25aeb7d7dc66afb6f9	e3b0c44298fc1c149afbf4c8996fb92427ae41e4649b934ca495991b7852b855
88	5f31da85c1a29d08fa94d9f845afbd1e37bb9040223302cd001fbc1912a4c1e1	e3b0c44298fc1c149afbf4c8996fb92427ae41e4649b934ca495991b7852b855
91	1fc0a36c9cf53b9f303979e22ede2823b97dcda6e3b270dabbb8b2fd70140b1e	e3b0c44298fc1c149afbf4c8996fb92427ae41e4649b934ca495991b7852b855
92	9d0dcf112c11d895c97cb44c3756a54d3ec8d96f44185a790eb6ef775d4a7296	e3b0c44298fc1c149afbf4c8996fb92427ae41e4649b934ca495991b7852b855
93	fa8af258f6a22861dcd4b5ee01417f0fc0a5be47ceea3ceb65d72c691be35fb6	e3b0c44298fc1c149afbf4c8996fb92427ae41e4649b934ca495991b7852b855
94	394d5f126a3f66d811f32c044e6eb228b11c3bcfbc5ed0b76993fc7194e55311	e3b0c44298fc1c149afbf4c8996fb92427ae41e4649b934ca495991b7852b855
95	84f28cf8c23f9be4036ca18ed12c85ef231ddec14ce13dd3c6428018aabb1a8b	e3b0c44298fc1c149afbf4c8996fb92427ae41e4649b934ca495991b7852b855
96	9cc1b507b41fcc6501b2c7813c0e99c7cbc8b468e7cdc73fdc9e1f8c71b3dabc	e3b0c44298fc1c149afbf4c8996fb92427ae41e4649b934ca495991b7852b855
99	d4df3255de2475d272abcdf53e21c7f8aeb9caabf945b8b93e1319982410640b	e3b0c44298fc1c149afbf4c8996fb92427ae41e4649b934ca495991b7852b855
100	813f8259fe067664c290ec8a2872329075cb4ac322e2022ea735bc1d58495a17	9b52a5a113c3d95d8f1dde7bbcdb9fb4582b85838301947e387c0191f2cadaa0
101	f312b81ed59ca8692eecb9ec54289ae6d7bd85cd5b7623ea0ac0f7e1d3a3edf1	bbeeffdda6f9d6e005e6c9eeec96d00a3170f0ed059201ada07d4d9afff60762
102	ab7166198b797ff6871c142d9edc28c4b33108b2486b34f0bcae8e900b2bafd4	e3b0c44298fc1c149afbf4c8996fb92427ae41e4649b934ca495991b7852b855
111	94784831a5afb03bb2628511cc7466ae9c0058e4c6fc21acbb0ef0740a981e16	e3b0c44298fc1c149afbf4c8996fb92427ae41e4649b934ca495991b7852b855
113	59fa497cafd1890fc8de4c081bb917e8ed0a5d05b16151124c52dbccabce00a2	e3b0c44298fc1c149afbf4c8996fb92427ae41e4649b934ca495991b7852b855
115	0bcf12710369bfc49b06c9e1309904769741977f00e197c27c57fd2e8dfbe2d2	e3b0c44298fc1c149afbf4c8996fb92427ae41e4649b934ca495991b7852b855
117	718d3b117b6e0c4d8d0b1e376f45a732426e775f3056fd42d89112a8051eddcf	9b52a5a113c3d95d8f1dde7bbcdb9fb4582b85838301947e387c0191f2cadaa0
119	dd30e8df085e87e06288d5372e3c2b61d2e79959a71d3b599733cf81bed11b01	ca9626dfa1b13e7e22edb5b263f67b17a6b0bb5f5d0db29239707bd07d319c3b
121	e4d2c8ce9843267a27a9fe838be4a889f6570e9fcbefb0cf202ca84478a16e4c	ca9626dfa1b13e7e22edb5b263f67b17a6b0bb5f5d0db29239707bd07d319c3b
122	31bab5e9517c1aa1b6ce816d8155edfaf5221eed1878e33f0079f776d0311740	ca9626dfa1b13e7e22edb5b263f67b17a6b0bb5f5d0db29239707bd07d319c3b
124	e7229ab9a36b94416645d8b475a6a7f2c8ccbbe74ed160d1d7f90918a535ec31	a991b982b0542efff51053d3ecd7d215271c2a2189285a9509816fac9ad3dcfb
125	07c6f558db6b2b750947529bfbfef12907065f0cf08c0de832c04719a53c7ff4	e3b0c44298fc1c149afbf4c8996fb92427ae41e4649b934ca495991b7852b855
126	2787c175ed5e239b1bcfd2c7e6f53013ee3c6c61d175fbeca4969eda85f5e896	e3b0c44298fc1c149afbf4c8996fb92427ae41e4649b934ca495991b7852b855
127	158e0739e7929ebfafb5452027b424ef7d37038fad06e0d8dcd5c9ec48dd6906	e3b0c44298fc1c149afbf4c8996fb92427ae41e4649b934ca495991b7852b855
129	7a4b847909a05ad25acf052585a063e0ef083cb96de5028600a823588fd3dbe8	e3b0c44298fc1c149afbf4c8996fb92427ae41e4649b934ca495991b7852b855
130	991d35882a5d22e540d36be0ddf59fb423a17680521b50fa537b8154f3d83bfc	e3b0c44298fc1c149afbf4c8996fb92427ae41e4649b934ca495991b7852b855
131	b38edfcd44d965f169646d3536213c584724ae6348da6d27cf5603861026a872	e3b0c44298fc1c149afbf4c8996fb92427ae41e4649b934ca495991b7852b855
132	2d7ea2ef69e6097686d65410bb1e86ed629561d0cf5bc11c88f43f70b55da8cf	ca9626dfa1b13e7e22edb5b263f67b17a6b0bb5f5d0db29239707bd07d319c3b
137	ad4c877c6bdb2844bfc93fe4ad620588f175ec89946eaa716712f297df990ae0	e3b0c44298fc1c149afbf4c8996fb92427ae41e4649b934ca495991b7852b855
139	258d2019d167ebbd1d5135e7648f1b32679794d9043f52c5b20bba289da5e854	e3b0c44298fc1c149afbf4c8996fb92427ae41e4649b934ca495991b7852b855
140	34ea6fbb087270abb1fc206476148f833598bc5418463fe7e66c9a6961bbd57c	ecb53f367b3541da3a14236d9a091f9bcc7a9903953f36577c2664fdd2a68a55
141	2a07fd7526c85d235058c3e84e4ace5e2989523e78432505630a108c42df06a4	ddd3c13c756ef4404318e8de94f1a8e6610b5f75b0d6ab6ebf33bf48e27dd4b8
142	2571838ea7bb4d31f9f11a6cbf3ac1ddc9bd6b026e2878c085297d2721103b3e	e3b0c44298fc1c149afbf4c8996fb92427ae41e4649b934ca495991b7852b855
143	493a3f821b0f7b5c1212184ed7c523e74cf64e4b2649aee4a5d1335dcab43d5c	e3b0c44298fc1c149afbf4c8996fb92427ae41e4649b934ca495991b7852b855
145	c1a4ac24e977a90db6dd0074edc7745f61e5f8cfdae6da3bc740b418c024ddbd	da71f32baa7dd7e2e62a6b177e676b6629e6acae7deb58926c6a0bb11632cea7
146	40db0bb50795bfb76b1c8321e5959f43239ae21ba364b325d112984c224116bd	e3b0c44298fc1c149afbf4c8996fb92427ae41e4649b934ca495991b7852b855
149	d4463cc5bdbac3018d54cba3d405f8f550863c1f46173a1898664faa1de8748a	e3b0c44298fc1c149afbf4c8996fb92427ae41e4649b934ca495991b7852b855
151	daa2653890f70e1d98aad8e1be6a4950df471046b22722b975830e8aaddb877e	e3b0c44298fc1c149afbf4c8996fb92427ae41e4649b934ca495991b7852b855
153	57017a21c7224bd28b820c9c80bf5372ff987c1d90f3861b86ab45b80ef428e9	e3b0c44298fc1c149afbf4c8996fb92427ae41e4649b934ca495991b7852b855
155	fbb73a4d462df272178e30d7b2aa3fc582a9b17a394164ac13ab319ff0e64018	f274537aaf2c509726a5ee54bb585c3c6e205fa6cf85a26d871bd7fc01a784a9
157	abd6baa8a0dee88061d7cb58f3b292e0255d1d3b054b2789aa63f7089ef0f5a5	e3b0c44298fc1c149afbf4c8996fb92427ae41e4649b934ca495991b7852b855
158	c477a3f8835125f3dfd5f57f237afe2245560b618ec5a20383bf6afa3cca0fd1	ca9626dfa1b13e7e22edb5b263f67b17a6b0bb5f5d0db29239707bd07d319c3b
159	2e7aa946029b1911f227494b0807acc614a0f153566ea88eb0f6d1056d78f152	9b52a5a113c3d95d8f1dde7bbcdb9fb4582b85838301947e387c0191f2cadaa0
160	531c83cddd4bdff3fd3c0dfccb51e7f31252bd381f61e55bcf040855a317a69f	e3b0c44298fc1c149afbf4c8996fb92427ae41e4649b934ca495991b7852b855
161	f29eba60325b4deba6b6a81a15071fc4fca90ebcbf7301ef6bffe51e10189edf	13cdf297630815b16496702c091a6c50645d11eccb81f73af12f53e227e28f10
162	1ca4976b781ea68149aa4609afadcb10b5672c188c1d41111282387c30e4d37b	e3b0c44298fc1c149afbf4c8996fb92427ae41e4649b934ca495991b7852b855
164	5ad8cf76255eed91020c9786698589924e4cfa21d7dcef64eeb3fd02d9d37c6a	ca9626dfa1b13e7e22edb5b263f67b17a6b0bb5f5d0db29239707bd07d319c3b
165	51b4fbecd9a2628d6fcf14421c3d4df125e0b1c736be9b413485f945ffda3027	ca9626dfa1b13e7e22edb5b263f67b17a6b0bb5f5d0db29239707bd07d319c3b
166	6ff4b55efdc80a7f08077e1cb17487f811d2f481fdfb5f6625bf6831e8f1c09c	ca9626dfa1b13e7e22edb5b263f67b17a6b0bb5f5d0db29239707bd07d319c3b
168	90bfcd870b197abf83b274b122c7517de92455a56d230b500439918a4f2a29eb	e3b0c44298fc1c149afbf4c8996fb92427ae41e4649b934ca495991b7852b855
169	a541d9c63e93700fa8bcad041ab46ed3f4705237b58817a11887e99cf6bdc1fd	e3b0c44298fc1c149afbf4c8996fb92427ae41e4649b934ca495991b7852b855
170	23343908536f406b2eb95b9e951195f54bf060e278e03f3a6376d6ce7d058ae1	9beb99a058d74ee69ea4573f97ded6d154898dc38aaa9d0b24bb41210d243e1a
173	c36df6a76f55b2986594c687c0d9671b788ca8a37ff2157028f1403758a9d9c6	e3b0c44298fc1c149afbf4c8996fb92427ae41e4649b934ca495991b7852b855
174	9fea646785b5995ac8d3a941919c43e19c0202f21de9cb5937c6a0fb7132e4aa	ca9626dfa1b13e7e22edb5b263f67b17a6b0bb5f5d0db29239707bd07d319c3b
175	ed30b633831ec7f0b2d47ef6fb20f3499428538adcae34a6dcc6dc561ef83f3b	e3b0c44298fc1c149afbf4c8996fb92427ae41e4649b934ca495991b7852b855
177	4c17e0293b81d50ac18af8b0886cdfbcc5501cc287170f5751aafb3bcee8c35f	8b2cbf545d4b4de544ae17cce83941a5f423d4e68f51fde4f347377b47459c93
178	013894f74e56fc23467c2cc7ae8d99d55b9601aeebc8392a52bd87fd95de81df	1f5087db919ced5c123c7f507d3fcce818cb0cf6e77c2f95a8a35e951e03fdb9
179	c41c614c9ccae072ea0b698592cf921cf1a6222463566413db0d143a66f7eecc	ecb53f367b3541da3a14236d9a091f9bcc7a9903953f36577c2664fdd2a68a55
180	271ca310615a738b2a7c0e45f7bf92b47a9c2710bdcbe9312e3e424bc5ff3af0	e3b0c44298fc1c149afbf4c8996fb92427ae41e4649b934ca495991b7852b855
181	fee5e1340790d680efdb0cc0599f95d0c2dc23287998cd1a2dd7b6fa2b9c1e8f	1f5087db919ced5c123c7f507d3fcce818cb0cf6e77c2f95a8a35e951e03fdb9
182	1b97012791438cd803dcc50ba028beac903218ff8eed9fd5ead0b033d03e0576	da71f32baa7dd7e2e62a6b177e676b6629e6acae7deb58926c6a0bb11632cea7
186	a41b70713bdd0e25f0b7d6d513a54dba32332a8f842a2172892ed18bfffeeeb3	ecb53f367b3541da3a14236d9a091f9bcc7a9903953f36577c2664fdd2a68a55
193	f1243a69d23ba8be8d0073dc317a99312e47d28fc2bfc55fc57b923f490f52ab	1f5087db919ced5c123c7f507d3fcce818cb0cf6e77c2f95a8a35e951e03fdb9
195	1c45a1f04b1ac0201a7228d6a3ee5b007a176a31fe0ea29abefd8acb793f663c	e3b0c44298fc1c149afbf4c8996fb92427ae41e4649b934ca495991b7852b855
204	4f310c58c4cdeed803a67c7ca166d80c3671c41842ead277bc7fa48f8f8008f8	ca9626dfa1b13e7e22edb5b263f67b17a6b0bb5f5d0db29239707bd07d319c3b
208	09b1d500ef7b49806fee4f4b71482723b912091338ab1890dbe437faa2f4e2b1	e3b0c44298fc1c149afbf4c8996fb92427ae41e4649b934ca495991b7852b855
210	9d3da7759dd79f25592eeb791b073dea3c8f6ae96b3b633258a0b31ee32d1b23	e3b0c44298fc1c149afbf4c8996fb92427ae41e4649b934ca495991b7852b855
212	0d118c578201d419307465f8b6ced2e1644260cc0d1c86deca71d7e00353e1d4	1f5087db919ced5c123c7f507d3fcce818cb0cf6e77c2f95a8a35e951e03fdb9
215	699b162e05e144a1031b740ab6341db55d7ceb85d42d5b753cc76b1afd35502c	1f5087db919ced5c123c7f507d3fcce818cb0cf6e77c2f95a8a35e951e03fdb9
217	396c7c328c0fe8298c98a0a4961097ab816065acdf005beb90a0d8f5114bb7d3	a33911c08a2eaf106e87c4de13f23ef8d93d0044b43c616c8a41d4cb4766008e
218	b7e2133dbb0025e5f22541103aa0543defe7bcbc9c295c8d2c1915fbef977e67	e3b0c44298fc1c149afbf4c8996fb92427ae41e4649b934ca495991b7852b855
219	c7328de05fc9c5dbea66612973a78512ddf42f466493fc4c1b5bc9d7b5625cff	ecb53f367b3541da3a14236d9a091f9bcc7a9903953f36577c2664fdd2a68a55
220	fd7eb43a20f0c3e7d22df6536774e9b98650154a8ad328d8b454db7ad75c7a9a	e3b0c44298fc1c149afbf4c8996fb92427ae41e4649b934ca495991b7852b855
221	b11fec361dede11c0aff0bee292c5d0d601c311a3a96d9b9a215df17caac7861	1f5087db919ced5c123c7f507d3fcce818cb0cf6e77c2f95a8a35e951e03fdb9
222	60b73ecbe73721b47cd635e02bf7a661c1a2dac54be86325bbe7ec10afcb98c2	ecb53f367b3541da3a14236d9a091f9bcc7a9903953f36577c2664fdd2a68a55
226	d0f22a7bdd8e07f0e1e94834ded943b0b08f8b0debf1ded05732e51ea9e68e32	1f5087db919ced5c123c7f507d3fcce818cb0cf6e77c2f95a8a35e951e03fdb9
231	adbbef9564d83639970cf6a814c1b5606f8ca82f5ab5cf109c32a5cbf075df95	1f5087db919ced5c123c7f507d3fcce818cb0cf6e77c2f95a8a35e951e03fdb9
233	a00b1c1ca4fdd821f30e8ad4e91352e80ba85f47c7fc5b084faf0966ab459812	ecb53f367b3541da3a14236d9a091f9bcc7a9903953f36577c2664fdd2a68a55
235	646433589df9efff6a53427e75ea67c12de07d79c06ec2051d333fcc9f406b77	e3b0c44298fc1c149afbf4c8996fb92427ae41e4649b934ca495991b7852b855
236	63e87b8597bf4719454f834077b62b199b1f12d88a425c2bccabd59f2b627135	ecb53f367b3541da3a14236d9a091f9bcc7a9903953f36577c2664fdd2a68a55
237	86ec7d1db16a277fbe65784e715b49c0689c99564edff13a8d5bb29fa0f2aced	da71f32baa7dd7e2e62a6b177e676b6629e6acae7deb58926c6a0bb11632cea7
239	943b0a17257804652dd6d1d665dedb397d2796b9df34df51831802fab2701b8d	1f5087db919ced5c123c7f507d3fcce818cb0cf6e77c2f95a8a35e951e03fdb9
241	fc411994bc2413fe6bceb439c5533dac582ba5a275794245c6bfa489d57644cf	1f5087db919ced5c123c7f507d3fcce818cb0cf6e77c2f95a8a35e951e03fdb9
243	b5606fb2bae33143c725d2346a154c040d4f5aa2a4948c6eafe61564d7b0be70	ca9626dfa1b13e7e22edb5b263f67b17a6b0bb5f5d0db29239707bd07d319c3b
244	23e7d96fdd65c2ae73f7eeed3f34fdb46fc08967f9d991e4bbf5036b33497284	ca9626dfa1b13e7e22edb5b263f67b17a6b0bb5f5d0db29239707bd07d319c3b
245	8cc75cbbc6eb6b5f76abf8e8e616691db05f5c3ccda3f70f703bffd987a0d279	ca9626dfa1b13e7e22edb5b263f67b17a6b0bb5f5d0db29239707bd07d319c3b
246	cbd5e5a860b62315126e44a6b24a79afdd45e9cb68e9e50027e3b340a4a5413a	ca9626dfa1b13e7e22edb5b263f67b17a6b0bb5f5d0db29239707bd07d319c3b
247	ab211c01ea1216ce6bb4e137183571832a27dc0811b442f3b4f473af7978fe17	e3b0c44298fc1c149afbf4c8996fb92427ae41e4649b934ca495991b7852b855
250	d5c18c32dc8ace4ed588744da718ff01dd3e2e0b6c2cb2146d29337917864166	ca9626dfa1b13e7e22edb5b263f67b17a6b0bb5f5d0db29239707bd07d319c3b
253	dda6372f8fde259552cc7c7f0390a8fa3f9dc25f8c977b21835e0965232c1455	ca9626dfa1b13e7e22edb5b263f67b17a6b0bb5f5d0db29239707bd07d319c3b
255	17d88baf934be55fdf0a99d6e3244433aa8c16ea70cc21bc0914d0a9684a01a1	ca9626dfa1b13e7e22edb5b263f67b17a6b0bb5f5d0db29239707bd07d319c3b
256	70f7aa88983d3c65cb5952d7296408ae37b8778a94545cbfe40928946ff55c22	e3b0c44298fc1c149afbf4c8996fb92427ae41e4649b934ca495991b7852b855
258	422a6cad6c35dba9912a6365076aae4d70101d1d5c9b37efc9065f162c05d4e5	e3b0c44298fc1c149afbf4c8996fb92427ae41e4649b934ca495991b7852b855
260	14fdef6d9d1cf25a26f7055cc312e390446b082a006ffe7255083b584792d40e	ecb53f367b3541da3a14236d9a091f9bcc7a9903953f36577c2664fdd2a68a55
264	7995113c8c510d9546dd50462ecab2ecc3b9934814e84912f8ab63d2bdffd16a	e3b0c44298fc1c149afbf4c8996fb92427ae41e4649b934ca495991b7852b855
267	c8fa73cf9cf2a5cc63373b8206b17cc70918e7583c60ddfa549fc480d0d2ca79	1f5087db919ced5c123c7f507d3fcce818cb0cf6e77c2f95a8a35e951e03fdb9
268	7a83d8d401fe584c4be36ab3e7072854e3ac1f6edf524eeb20d00f4f41109ee4	78d928906f822a8150c8d1f86dab5d690273ae7b65ad1a4d3af9e20eb855eb94
269	b6ba70bb7a6570e98146340638b7383203659fb86fc929d5e49dad2e45fead4d	ecb53f367b3541da3a14236d9a091f9bcc7a9903953f36577c2664fdd2a68a55
273	a5de437cda02c3004cdee993a724819c4679714c0b951ce71901de8c89105d22	ecb53f367b3541da3a14236d9a091f9bcc7a9903953f36577c2664fdd2a68a55
274	1d9e6786f400f71a85a95c9633d9f5129e5fab6d404c3d88f875f1ace4e7de08	e3b0c44298fc1c149afbf4c8996fb92427ae41e4649b934ca495991b7852b855
277	2faad2c10793895a0f27af6580cdfd2d33c4d61b7c9b3bc64638509acd29479c	ca9626dfa1b13e7e22edb5b263f67b17a6b0bb5f5d0db29239707bd07d319c3b
282	6bb5841090183e621b71d9b8499990d1221c09e2980e14d80a49ca5ebc17b21e	e3b0c44298fc1c149afbf4c8996fb92427ae41e4649b934ca495991b7852b855
284	17f7248e86b86e5a0ed23bbf0273a9acb166cb169221136717252dc606880a4e	ecb53f367b3541da3a14236d9a091f9bcc7a9903953f36577c2664fdd2a68a55
286	ce67e261d5b6ad601971552edb784f78c237707533a9c7a76b9f6731a089db76	da71f32baa7dd7e2e62a6b177e676b6629e6acae7deb58926c6a0bb11632cea7
297	41ef0a38643d47bbefe1ce3b5eb0e35e72f4077df8c0dc72ecfe77f9ce656a52	1f5087db919ced5c123c7f507d3fcce818cb0cf6e77c2f95a8a35e951e03fdb9
300	b2b5c707f3d557abc92459c3ce5730a22fa2119a463cc22e13d6fef792e6efc6	ecb53f367b3541da3a14236d9a091f9bcc7a9903953f36577c2664fdd2a68a55
302	199e8a89e793c0efa537e38139984d76f5814a050a93b33f3a8096524e18ec88	1f5087db919ced5c123c7f507d3fcce818cb0cf6e77c2f95a8a35e951e03fdb9
303	f50f3e6d460ed4fe1518d8a27e406292992fac65ddbecdc89e97a4417a6bdbb5	1f5087db919ced5c123c7f507d3fcce818cb0cf6e77c2f95a8a35e951e03fdb9
306	f64e48d043f8f5f5d97f657f5cd6b6e6bdc6cb1d03cf41f73f41789a6ee2b9d1	ca9626dfa1b13e7e22edb5b263f67b17a6b0bb5f5d0db29239707bd07d319c3b
308	f464bbfb9387b5e3f5d06d88b713a50c0020e85d99c0ce4217dfa9887b4f0ceb	ca9626dfa1b13e7e22edb5b263f67b17a6b0bb5f5d0db29239707bd07d319c3b
314	0e180075f7f249bfb06e786172574ced4aef341f7a794c904a2809c46dfa993c	ca9626dfa1b13e7e22edb5b263f67b17a6b0bb5f5d0db29239707bd07d319c3b
321	e432c8933cafd5643b12814efffe1e89383ccb846a589974aee42d73e2ee8ce5	e3b0c44298fc1c149afbf4c8996fb92427ae41e4649b934ca495991b7852b855
323	a5816041520b151b831f0b4f815304467f389c2cc98481635aa3aa6336cccfaa	ca9626dfa1b13e7e22edb5b263f67b17a6b0bb5f5d0db29239707bd07d319c3b
324	ec531ac6ca4fb8a747de1a7230dc0bacbdc7521c1a0e459f1acb714c842683b4	e3b0c44298fc1c149afbf4c8996fb92427ae41e4649b934ca495991b7852b855
325	a53eb53724cb3593617eefedca9dca1fce456f5022ac50419bef48e9f75e7d9d	e3b0c44298fc1c149afbf4c8996fb92427ae41e4649b934ca495991b7852b855
332	93185c68ec11a4ea9dccb2b22a1da1affea9bf6cf3da0a77da006335baa2a6e1	1f5087db919ced5c123c7f507d3fcce818cb0cf6e77c2f95a8a35e951e03fdb9
334	1e9dec958347d36594df7fde0b0585289973fc358e392730b4278f27b5396a65	e3b0c44298fc1c149afbf4c8996fb92427ae41e4649b934ca495991b7852b855
337	3b775e5b2693eb14d650693b7c2fd2a97549f32d9e919b92c0306dc7f299008e	ecb53f367b3541da3a14236d9a091f9bcc7a9903953f36577c2664fdd2a68a55
340	f08943f3ac55abb9dfabc84b6d93298b796c1401f36d3d563f7a90c0d198b14a	ecb53f367b3541da3a14236d9a091f9bcc7a9903953f36577c2664fdd2a68a55
343	78825520325336a3c65a8b01328b8e611da349e118bad1c24680d9953c02cc4d	ca9626dfa1b13e7e22edb5b263f67b17a6b0bb5f5d0db29239707bd07d319c3b
344	b1c4b2339c443a51e77793fc7cf6745d08da9c270d624a07c7f478e7bb2ed668	ecb53f367b3541da3a14236d9a091f9bcc7a9903953f36577c2664fdd2a68a55
345	c369a4c828a61a9e4e56a0530dbb3484e560c28b96fb69e24a994cfaa1cb1c97	ecb53f367b3541da3a14236d9a091f9bcc7a9903953f36577c2664fdd2a68a55
348	536b45c3835b838c37cf492d741326b03c6b5b306b33cdac8c495ce77d0c04d5	1f5087db919ced5c123c7f507d3fcce818cb0cf6e77c2f95a8a35e951e03fdb9
359	ed2b9727781d5facb4eca56b1271b37bef9dd012e079efa251761eeee13ba0eb	1f5087db919ced5c123c7f507d3fcce818cb0cf6e77c2f95a8a35e951e03fdb9
360	c45045038ce7cd0b7a64774702c3bd42aa7522f8c4bfa50b13003ff018cbad08	bbffc357ea36c688315b3205e6d3092c6fd79651fe27c383e4fdf52117c394d2
361	db6bf62edc46f9ae0f4764e79e67f902abc42a786a5abdf8fb19fc006ff8e8f4	75af542b133584466da30b27b531a02e0a0ec672097733b31062b5caaaf1af85
362	c5fb59911e621c3efc2468871f7b8b140e0b8a4469b56bdc62b6726557221215	0542051e99d3258c8118cc9ceb8294d75d5a665d89f4eb10c3d46eaeace35c5e
366	28d17202c29548e3de04a882721834b583e587fc0d6d0584200f4179faeba60e	ecb53f367b3541da3a14236d9a091f9bcc7a9903953f36577c2664fdd2a68a55
368	aa56cf1303047f94cdf9cf4e1dfcb403a27efea822227ae1413cce7037c207d6	ecb53f367b3541da3a14236d9a091f9bcc7a9903953f36577c2664fdd2a68a55
377	c015b5986004a4b5b3b791ea6bbeafc7f0f32d0da7e561a69405c54ea5805fcf	1f5087db919ced5c123c7f507d3fcce818cb0cf6e77c2f95a8a35e951e03fdb9
378	2d9627c7b3ee6a623242c803b9669b38282d19e32f6f8f6e8724aa24c279fe7e	ca9626dfa1b13e7e22edb5b263f67b17a6b0bb5f5d0db29239707bd07d319c3b
380	a231ea5f0eae354cb9337571a11f7f209173aa1b094b88fc4d3f1f692e3e2b43	e3b0c44298fc1c149afbf4c8996fb92427ae41e4649b934ca495991b7852b855
381	76249c746353e75beaa5220feb491d211d9241c45eea7e21f51ad49081763565	e3b0c44298fc1c149afbf4c8996fb92427ae41e4649b934ca495991b7852b855
383	38af75475c755dae3ef165d287873d548cb9639e50cce4d2dc3bd720480ea799	ecb53f367b3541da3a14236d9a091f9bcc7a9903953f36577c2664fdd2a68a55
384	ddc440650200273a531b8ab40836f4d43eb8544661baa4d0506e08b1018ca3ce	1f5087db919ced5c123c7f507d3fcce818cb0cf6e77c2f95a8a35e951e03fdb9
386	2415cdc372f2c481bf0a612abd668f059d66e6381c27a5cb691f51c6bc39065e	ecb53f367b3541da3a14236d9a091f9bcc7a9903953f36577c2664fdd2a68a55
395	25f4e50a0c887ebf4bacb2b09d88f0f2ea609a5f63526511b23407c328682e77	1f5087db919ced5c123c7f507d3fcce818cb0cf6e77c2f95a8a35e951e03fdb9
396	abd4f50f10b1a297dfd95189eac920ed57b80af8cb40b95ebcfb0ad009dad17a	46b42b4229cd7a39c564e780bb665a8bde4fdf722007e8473f167fe53ed4b995
401	39d6be0d81d0882a3e2a990c18bfdb9fffb60be43e3634f411d5a99bc5cf206f	ecb53f367b3541da3a14236d9a091f9bcc7a9903953f36577c2664fdd2a68a55
402	627382f3a6287cdfee3a57b7c357b4afda1266dcc695c7b6686da373c7a969b1	ecb53f367b3541da3a14236d9a091f9bcc7a9903953f36577c2664fdd2a68a55
403	f207029447c538b70b14ead056bf6834d33fdaa0e8908fb38b839d2f755919df	e3b0c44298fc1c149afbf4c8996fb92427ae41e4649b934ca495991b7852b855
405	318cb7913a2e6a447045aeb0fd1bf5430816b31a685931440012c3a3fb6a79b5	ecb53f367b3541da3a14236d9a091f9bcc7a9903953f36577c2664fdd2a68a55
408	ad576c080a35f7690d5a4df53ffd29a6e513a847b8db4e8cccf973fe1965e692	e3b0c44298fc1c149afbf4c8996fb92427ae41e4649b934ca495991b7852b855
409	cf4949d85cd48584ab63e2bdbbc2ddc5cfb6d5cf02c260d3ad3227ab7c9befde	1f5087db919ced5c123c7f507d3fcce818cb0cf6e77c2f95a8a35e951e03fdb9
410	761b815fa9940e112c592b2a42358b6414927887a77440721737b5cd38a74bbd	1f5087db919ced5c123c7f507d3fcce818cb0cf6e77c2f95a8a35e951e03fdb9
412	f3e559550c43a3c2942fc352b053ad8048c87ad2e62e4d070c8ccf5350cbaef9	ca9626dfa1b13e7e22edb5b263f67b17a6b0bb5f5d0db29239707bd07d319c3b
414	4ecf9b32b6e131d4f5c52e2d2c42bf37d7329bd9da361f57e25e60b0c1fcb7ae	1f5087db919ced5c123c7f507d3fcce818cb0cf6e77c2f95a8a35e951e03fdb9
421	6478f782de93777b36032c217722f7902c17d1220da5eccd4418d7a498688094	ecb53f367b3541da3a14236d9a091f9bcc7a9903953f36577c2664fdd2a68a55
426	a94a1a32768c9397f0f8c0c97972457ef03249797f26365bc1ba475faf3d8682	e3b0c44298fc1c149afbf4c8996fb92427ae41e4649b934ca495991b7852b855
427	084b9d4a71bcca4e775e6574b1ef36043d6717d944266d42ec26ae4f6a035f8a	e3b0c44298fc1c149afbf4c8996fb92427ae41e4649b934ca495991b7852b855
428	2a711fdad3c732711b4a2950299bea289322d5efa608a2f826a43e7a90d73220	ca9626dfa1b13e7e22edb5b263f67b17a6b0bb5f5d0db29239707bd07d319c3b
429	27a212bfa1aee0a4a5e441e430a1b4b048f42a622055c9cff8d25882c781e552	ecb53f367b3541da3a14236d9a091f9bcc7a9903953f36577c2664fdd2a68a55
431	7baa0fefb5845af37f07c0a7292bc63f9097a27d437551b2476635b3f49b9cd1	e3b0c44298fc1c149afbf4c8996fb92427ae41e4649b934ca495991b7852b855
432	4dfa8e9a4edcbafa060ee6614e1018c417b36d0321f26d36ea6b5642d0ec6b80	e3b0c44298fc1c149afbf4c8996fb92427ae41e4649b934ca495991b7852b855
435	65bca16ff22dcc07fe27b72122348e147f32ddf0bf0dd4ac70506833041e94eb	ecb53f367b3541da3a14236d9a091f9bcc7a9903953f36577c2664fdd2a68a55
438	79144e4de12e16020d2030b71cc7b2bc402660e9575b62b10de8853918843b19	e3b0c44298fc1c149afbf4c8996fb92427ae41e4649b934ca495991b7852b855
441	4d7f581f1de8439f2da5cafc23a7432dd03a0118ca81dc2cefead5277f1a46f5	ecb53f367b3541da3a14236d9a091f9bcc7a9903953f36577c2664fdd2a68a55
444	9efe28d3dcc945414d51854424d5c3b18d279857c32bc1068c746188c29de839	1f5087db919ced5c123c7f507d3fcce818cb0cf6e77c2f95a8a35e951e03fdb9
445	3fb1d84a171f5130e8ce158debf3053520f2966a08f40a299d0238237ea73896	1f5087db919ced5c123c7f507d3fcce818cb0cf6e77c2f95a8a35e951e03fdb9
446	4711c481e4f69c076f7c6ef46563f044070aac6b7972ca1a9d41196d973e4940	ecb53f367b3541da3a14236d9a091f9bcc7a9903953f36577c2664fdd2a68a55
447	9f3349f1c776f35e5f47ddd7e106f64e88e2495a218f148d1ac9e1aefbe55972	1f5087db919ced5c123c7f507d3fcce818cb0cf6e77c2f95a8a35e951e03fdb9
449	9d6689d095284fd63e0042328adbab9426237b48b7812773290fe0d1bc444250	ca9626dfa1b13e7e22edb5b263f67b17a6b0bb5f5d0db29239707bd07d319c3b
451	ff9f7525e002dbdf3c1de873624fa8cd17c41fffc590cbd1a8455ce40e3851bc	78d928906f822a8150c8d1f86dab5d690273ae7b65ad1a4d3af9e20eb855eb94
452	4e1867d6da24651ae7a98da0ad3c56df3dd04b2dae5d839a225b1dfed676dd90	e3b0c44298fc1c149afbf4c8996fb92427ae41e4649b934ca495991b7852b855
455	ca3b7024a8de4c54ac19d36707118e5133a68b700fdc21a053c7ba274c8b4a49	1f5087db919ced5c123c7f507d3fcce818cb0cf6e77c2f95a8a35e951e03fdb9
457	dc671d4bf66a34930b6ad799c92cea0170849cf761226e352c45b6479e9c4187	e3b0c44298fc1c149afbf4c8996fb92427ae41e4649b934ca495991b7852b855
460	ffdf3316ac4a49865b7e7017036135ba5b16844a07652f15118437ac7dd58aae	46b42b4229cd7a39c564e780bb665a8bde4fdf722007e8473f167fe53ed4b995
463	edcf42b95354c436d20c2b0d23465fbfd1975214f86b327ad7718152c9994136	ca9626dfa1b13e7e22edb5b263f67b17a6b0bb5f5d0db29239707bd07d319c3b
464	fc9ca31bdc5daba5f6d46d3c749dc0cf4faf7b27dd48db6b63b8ce479193c753	1f5087db919ced5c123c7f507d3fcce818cb0cf6e77c2f95a8a35e951e03fdb9
465	4faa86db7e2b0dca28a4c2c13ac57e74e03068fd11c66d7beeee704a5fb9ecfc	1f5087db919ced5c123c7f507d3fcce818cb0cf6e77c2f95a8a35e951e03fdb9
467	d8f6ea445acd5d97b3aa8ff9a6d727d70dd0a4b7897cf725c9760880e0785013	da71f32baa7dd7e2e62a6b177e676b6629e6acae7deb58926c6a0bb11632cea7
468	8eb80cdfc7db6080ccce2a02cf34a73700f0fd3865df97bdf6c8f459c76ce091	ecb53f367b3541da3a14236d9a091f9bcc7a9903953f36577c2664fdd2a68a55
469	600f4d362ee50eae091d4468fc6dc1a8e55f87b806bf2de1ef0b377baf726ae3	da71f32baa7dd7e2e62a6b177e676b6629e6acae7deb58926c6a0bb11632cea7
470	82aefd87610e782e38abd466d2959fa7507aecd0d7a915ddce0c3a847be2f9c5	1f5087db919ced5c123c7f507d3fcce818cb0cf6e77c2f95a8a35e951e03fdb9
471	9deb3a9bdab12f2ed408b2044cd71dbba3e9e73a2cccef877aaca3a19171db59	ecb53f367b3541da3a14236d9a091f9bcc7a9903953f36577c2664fdd2a68a55
473	5cda0d71ef27ce4bb690deb4a1730fdc755293ed8de6b74c66c87db53081c7ed	ddd3c13c756ef4404318e8de94f1a8e6610b5f75b0d6ab6ebf33bf48e27dd4b8
474	c24de2913adb71a91167a5620f476d23b57516decc188d43c41bd85132b79f04	ecb53f367b3541da3a14236d9a091f9bcc7a9903953f36577c2664fdd2a68a55
475	286ef577bc185fa08516af252d9026daee6293d80c2b05e65ef39c3f139d59f7	ecb53f367b3541da3a14236d9a091f9bcc7a9903953f36577c2664fdd2a68a55
476	4636cc07269fa4479a6e203752995b2b4dd18c5148b7f2b87dfe3852ac280759	ca9626dfa1b13e7e22edb5b263f67b17a6b0bb5f5d0db29239707bd07d319c3b
477	c138f37b1cf0d22d228e040baace85ecd86543859bd9b2aa9cb779b151db4bc5	1f5087db919ced5c123c7f507d3fcce818cb0cf6e77c2f95a8a35e951e03fdb9
478	c02836f3264600db8e48f4ca8dd6bb902d4ef9d366148cb50b9c76049fd10820	1f5087db919ced5c123c7f507d3fcce818cb0cf6e77c2f95a8a35e951e03fdb9
480	3263a45d1265447c5b99ec66f1ef256345be89c90ff3e555fd85e053ab317cb5	1f5087db919ced5c123c7f507d3fcce818cb0cf6e77c2f95a8a35e951e03fdb9
481	143f3a93e8b4fb5957dbc8b9a02e7713b92a5d309ad0611194762949580af8ab	f32ca3a5a642f8ad74b62e0241fb0c28494e110050ea4f1e5926f03033bab6d3
482	7cd0ab5a20ec079eaf0b156ad29f12827145e44288eecb6b697197a3cd873b13	ddd3c13c756ef4404318e8de94f1a8e6610b5f75b0d6ab6ebf33bf48e27dd4b8
483	2560eb692edfee332a58ef293b9a19d2f096feb18c77154b4e362bd207bf5f09	ca9626dfa1b13e7e22edb5b263f67b17a6b0bb5f5d0db29239707bd07d319c3b
485	776462c3291a12650fc8d4c73e25be448eb3264e01c6454e5c05c7b8d729e974	ecb53f367b3541da3a14236d9a091f9bcc7a9903953f36577c2664fdd2a68a55
486	742186f4e8757574106b4190894f8e9a92600c3d01e278a826a879089576248f	1f5087db919ced5c123c7f507d3fcce818cb0cf6e77c2f95a8a35e951e03fdb9
488	dc071b68cdfa73c9de9b46b75f6c394d954af99840e0a33397d8c11f32af64b8	13cdf297630815b16496702c091a6c50645d11eccb81f73af12f53e227e28f10
491	cea57931aca94643978a3ff30fc9b9ce2df7626419066fef56dfe93c00a33761	1f5087db919ced5c123c7f507d3fcce818cb0cf6e77c2f95a8a35e951e03fdb9
492	45e7e91070145b7eb6f806a478ce116effe388265d936733acc513ac88a8904e	ecb53f367b3541da3a14236d9a091f9bcc7a9903953f36577c2664fdd2a68a55
494	6ed4f8f5c7ee990052e407863b9f0edfd03adb72689b0ba61dc63bc235e76b99	ca9626dfa1b13e7e22edb5b263f67b17a6b0bb5f5d0db29239707bd07d319c3b
496	88d7530d9c90b9e1e3b4ce132366beeb0a8c4a74f19f9e4723f804dee9e8c7e9	ecb53f367b3541da3a14236d9a091f9bcc7a9903953f36577c2664fdd2a68a55
499	a279dc589d5744df2146e4a3223709028a314bbbd04467d06083f746bd61da2f	1f5087db919ced5c123c7f507d3fcce818cb0cf6e77c2f95a8a35e951e03fdb9
500	20b3c7823d3e8c3974fa652d78b6c3b271df627861e99a87831b79ea001534b9	1f5087db919ced5c123c7f507d3fcce818cb0cf6e77c2f95a8a35e951e03fdb9
501	1ea329a0403989896f5c2e2b283ae73b624021440d44dbe84a2994048c1f4983	1f5087db919ced5c123c7f507d3fcce818cb0cf6e77c2f95a8a35e951e03fdb9
506	85b177ed5baeac6206a941a18d42f048c50f2d3739c91c0cb575d434e2c44d11	1f5087db919ced5c123c7f507d3fcce818cb0cf6e77c2f95a8a35e951e03fdb9
509	80779b91f44dd171e80512c110b39d2c991e2523529988310780822db554e321	bbeeffdda6f9d6e005e6c9eeec96d00a3170f0ed059201ada07d4d9afff60762
510	e3bb17c8b618b722b6a282bdb2bc294f03ba98f33e683adf3b6010a545817efa	ecb53f367b3541da3a14236d9a091f9bcc7a9903953f36577c2664fdd2a68a55
520	d0ec6fcffcba2e6f6a2c8395a0e12bd98bc726f8b3215236c07bf1b5ddc4ad9a	9beb99a058d74ee69ea4573f97ded6d154898dc38aaa9d0b24bb41210d243e1a
521	2d00319c0c8d6e0fd2d3e51323cd58a7bc75bb9858b2c43543419563f908d53d	e3b0c44298fc1c149afbf4c8996fb92427ae41e4649b934ca495991b7852b855
522	74ddddde5cc84ead9ce36ed164ae7eb2c13483898b946e4d73c8465306946437	ca9626dfa1b13e7e22edb5b263f67b17a6b0bb5f5d0db29239707bd07d319c3b
523	2b0e7361738e9b71d7d858e4210786376b81f51b2c79622fe68e2956e1b7167f	1f5087db919ced5c123c7f507d3fcce818cb0cf6e77c2f95a8a35e951e03fdb9
524	e8e36418623bc5d0e53b2b134de43459cdfebdd663d2b82019fdfe36706b9a3d	e3b0c44298fc1c149afbf4c8996fb92427ae41e4649b934ca495991b7852b855
526	985a3427a38cb9ff75954f3c99869da8d9bd07a61a985be966a8dbfa13099c7f	f32ca3a5a642f8ad74b62e0241fb0c28494e110050ea4f1e5926f03033bab6d3
528	336dd0ac1abd14152f821aff973c9f29c1ec426593cee765d8b4a8f79a1a8d20	ecb53f367b3541da3a14236d9a091f9bcc7a9903953f36577c2664fdd2a68a55
530	2ba55274c452bad0cc64642f291d81ef9ec51960d9d7f01544b039bc74036744	1f5087db919ced5c123c7f507d3fcce818cb0cf6e77c2f95a8a35e951e03fdb9
531	d038121da6599ee93252dad0550283b024ed2b649c747824db19b6920f91e2bc	1f5087db919ced5c123c7f507d3fcce818cb0cf6e77c2f95a8a35e951e03fdb9
532	3691caad91442540de14b37a6c5e0fcbee32a351e790af074e56daec6cd6bc51	ecb53f367b3541da3a14236d9a091f9bcc7a9903953f36577c2664fdd2a68a55
534	f0ea89374e306c13f1cf7be9bd8ec14a549b0d10a89781e602c9c8b50de63ade	1f5087db919ced5c123c7f507d3fcce818cb0cf6e77c2f95a8a35e951e03fdb9
535	4f2065ad0111a6cc0799abe821e1cea23ec2af33e6da93f663f213d66f3a7a2f	ca9626dfa1b13e7e22edb5b263f67b17a6b0bb5f5d0db29239707bd07d319c3b
537	148330b3e4b39a49243515404dd305d2f8b443b03b751cc0986cfbe8b3b1d244	ca9626dfa1b13e7e22edb5b263f67b17a6b0bb5f5d0db29239707bd07d319c3b
538	57a624fe00850b63b92ca47ed7f06f0f674fed289e29cf6506bad6e14f223474	1f5087db919ced5c123c7f507d3fcce818cb0cf6e77c2f95a8a35e951e03fdb9
539	17126fe7aa70e721a937f7c42a0e74653d27a831c819308d72a9a9da094f60e1	75af542b133584466da30b27b531a02e0a0ec672097733b31062b5caaaf1af85
543	786a61b6f53c7c2b446b15aaa7a2b3b1343b02d9e984cc28b068d18b0de2c290	e3b0c44298fc1c149afbf4c8996fb92427ae41e4649b934ca495991b7852b855
544	ceb0a04f696290d808b19a583927839c0beaf70ce726aa211f5f563b9ecd3463	ecb53f367b3541da3a14236d9a091f9bcc7a9903953f36577c2664fdd2a68a55
546	8a77b2e89f8bb495f4cc81a8dfb17ca10b485138c8adfcbe41ddd6a6c79ca008	ecb53f367b3541da3a14236d9a091f9bcc7a9903953f36577c2664fdd2a68a55
547	3de15e401a30b169ffd18ac8a5ae40fd18c21c42809b395183ca8557dce23461	e3b0c44298fc1c149afbf4c8996fb92427ae41e4649b934ca495991b7852b855
548	8d63b717004cd8391278bd637deaccc254a9e1880fd4ea112d314121967e79f2	e3b0c44298fc1c149afbf4c8996fb92427ae41e4649b934ca495991b7852b855
549	287c2cbf525770c59fc43d9d5ab606ef451594be21f31c092740eac4282278e7	ecb53f367b3541da3a14236d9a091f9bcc7a9903953f36577c2664fdd2a68a55
551	a22b9a313e4dea0580e29d331fa293819a78a8f10b80ee574e6e7fb8a8015da3	ecb53f367b3541da3a14236d9a091f9bcc7a9903953f36577c2664fdd2a68a55
553	ee3b9775c07108ae5a6827f4817f0dee57382e25e5ddd5fef6b986dc30ecc69a	e3b0c44298fc1c149afbf4c8996fb92427ae41e4649b934ca495991b7852b855
556	b015f9e521d71d128d0fe7a19053df3c54fc9af156e3dba67c1e8fc334ccb268	1f5087db919ced5c123c7f507d3fcce818cb0cf6e77c2f95a8a35e951e03fdb9
560	411168b03c4feeb9269d9040ddd028d6d5e85eb4a7c0467c7b4fe30874338f26	1f5087db919ced5c123c7f507d3fcce818cb0cf6e77c2f95a8a35e951e03fdb9
561	524e0984e7cc36806ba2eb4f315024bb05ba10447bedd0c07894581fc7f32a01	e3b0c44298fc1c149afbf4c8996fb92427ae41e4649b934ca495991b7852b855
562	410cf05c3f9384a279df04250cc5a42e134d2675580748f532233398061005db	ecb53f367b3541da3a14236d9a091f9bcc7a9903953f36577c2664fdd2a68a55
563	bc6f2fa59e65ce54232c8a0d7d7d12666a03d5fc55500e9ac718fab939851993	ca9626dfa1b13e7e22edb5b263f67b17a6b0bb5f5d0db29239707bd07d319c3b
565	256c482614889daa4e202630ac780377ab483357c5547d078fd5f99b21448da1	1f5087db919ced5c123c7f507d3fcce818cb0cf6e77c2f95a8a35e951e03fdb9
568	efc5ea0a7e13acf0835373bcf1daab60e2edd7f16748788d86818843643bf937	ca9626dfa1b13e7e22edb5b263f67b17a6b0bb5f5d0db29239707bd07d319c3b
569	d425f48482a96b7d5b6fb4535a4518ed84d5cf08846fc04e802befaf70391dc4	ca9626dfa1b13e7e22edb5b263f67b17a6b0bb5f5d0db29239707bd07d319c3b
571	137199a10874d5ccde2bdce3f85774a8e571aca755ab567aa1f877311632a81d	ecb53f367b3541da3a14236d9a091f9bcc7a9903953f36577c2664fdd2a68a55
573	c18d3c2dd9acac184ecfb0eabfaff5c0dfef430821c0a398e4d10e36a18a32ce	ecb53f367b3541da3a14236d9a091f9bcc7a9903953f36577c2664fdd2a68a55
574	14dfb1135cac5b52ae04766cedef4b8ead343e0e56489c5dd0deb39c7291955d	ecb53f367b3541da3a14236d9a091f9bcc7a9903953f36577c2664fdd2a68a55
578	55bc7210a5bccebe1f33c5fd2ef7c7a10e1f35c18793f148ee63ba448e92e95b	1f5087db919ced5c123c7f507d3fcce818cb0cf6e77c2f95a8a35e951e03fdb9
583	81d0e75b6ce758c47e71981de0ceb53397c8559e4e2c39e5c0da2287af12a04b	e3b0c44298fc1c149afbf4c8996fb92427ae41e4649b934ca495991b7852b855
587	3e31e3cd4fcc6fefe78bfb2771b735b2a654a767fdb80c1be76e461cc92fbadd	13cdf297630815b16496702c091a6c50645d11eccb81f73af12f53e227e28f10
588	11387d7a71442b8ef56376d113b4f39a0d34e01b4af74de78155898a885ff813	1f5087db919ced5c123c7f507d3fcce818cb0cf6e77c2f95a8a35e951e03fdb9
593	dd42e962c80bdf927c55bef0a8f06596e23ad46ccc406ef6b6e49a42fb30737e	1f5087db919ced5c123c7f507d3fcce818cb0cf6e77c2f95a8a35e951e03fdb9
594	df4641bfedf921a6518334af00b9bc9aec66cea8fc97e64e0c16aece038322b6	e3b0c44298fc1c149afbf4c8996fb92427ae41e4649b934ca495991b7852b855
598	9fd6d4eee270e659ff6384ffdda79419051024a3c2d4063be8d8a64676898750	ecb53f367b3541da3a14236d9a091f9bcc7a9903953f36577c2664fdd2a68a55
599	12f6bb56eddfdfd7041952636fa01292d3e9fbe83ba79b652432a0c4676d6bfb	ecb53f367b3541da3a14236d9a091f9bcc7a9903953f36577c2664fdd2a68a55
602	bfe1125098a0422f47e4954b82d3e279c2a699c258a7761c73885ad74ea9d0d7	e3b0c44298fc1c149afbf4c8996fb92427ae41e4649b934ca495991b7852b855
603	a88871f782c43b169b3707b8d4423150faf9df3fd66a386e452573a75bcbaee1	13cdf297630815b16496702c091a6c50645d11eccb81f73af12f53e227e28f10
605	8b814168682f7b0392a942e60747621cb18cdb393bbe849bead8f23c2a65166b	e3b0c44298fc1c149afbf4c8996fb92427ae41e4649b934ca495991b7852b855
606	45a64b893cc3edcef9e0f175140d11354f2b79e3af60c09d6c54529157082986	e3b0c44298fc1c149afbf4c8996fb92427ae41e4649b934ca495991b7852b855
607	a8e29ef6361d8c18754f6aa32095fc80b658ed5d5112da4fab83c56cf85d7e0b	75e686c2f80f54ee82fae7779fe1a9ab05d9c81afd7bbdc5673ad5cc5a4b72fb
612	e0e457d0b02920cac2181ce3a2864f05d420ac724f865c9c4c2a817b5e7913ab	ecb53f367b3541da3a14236d9a091f9bcc7a9903953f36577c2664fdd2a68a55
616	8ab295473de7d7e3a95966d80777850cfe962f042325a1f649828d2c6afd748b	e3b0c44298fc1c149afbf4c8996fb92427ae41e4649b934ca495991b7852b855
617	84ab44c310088339a8f77905cac188dd7947568151a43f2fbd31c68ebc0aa1fd	ddd3c13c756ef4404318e8de94f1a8e6610b5f75b0d6ab6ebf33bf48e27dd4b8
620	0c24e0b927ad17808087b5b50f9a29b1d2e3ec05b12c99d4c15995635b14eff9	ecb53f367b3541da3a14236d9a091f9bcc7a9903953f36577c2664fdd2a68a55
621	96364f3201f79e40a5e93c0bd3171f4328d9b4b02bc2ee007405a8668016c078	e3b0c44298fc1c149afbf4c8996fb92427ae41e4649b934ca495991b7852b855
623	0dc736a295229a36ea171b17130779e40a2e3a334b64f1f293b8681597e49d54	e3b0c44298fc1c149afbf4c8996fb92427ae41e4649b934ca495991b7852b855
626	e86b81e4ccef323d093d535bec8e5f6a4da8b7aa9beea783744323a42f5c5350	ecb53f367b3541da3a14236d9a091f9bcc7a9903953f36577c2664fdd2a68a55
628	b3620708b4df40da7bc3d08451d90b2be9d9f971bbef73ac3b7191cfa6916445	ddd3c13c756ef4404318e8de94f1a8e6610b5f75b0d6ab6ebf33bf48e27dd4b8
629	1e0d076908897234c0015373b6a9bfff06281a07dbb3bb1e9f530e030efe6ac3	da71f32baa7dd7e2e62a6b177e676b6629e6acae7deb58926c6a0bb11632cea7
643	3bf8eedc156910b55c4a8bbd595eaab9cd3efc2017946387c197036c29bb8469	e3b0c44298fc1c149afbf4c8996fb92427ae41e4649b934ca495991b7852b855
644	0daae1315e5c72ff187ae9d14733d43fee0f132f98efdda54635da572cfc1a4d	ecb53f367b3541da3a14236d9a091f9bcc7a9903953f36577c2664fdd2a68a55
648	884c23b40c69eb569a8bce2b38e84b8309da0286b36c19eac667edeb04a72fed	ca9626dfa1b13e7e22edb5b263f67b17a6b0bb5f5d0db29239707bd07d319c3b
652	1641cd50d456f9eee04c0111989e03c3be70fe1d2638d8ba8f82cf402a08b57c	ecb53f367b3541da3a14236d9a091f9bcc7a9903953f36577c2664fdd2a68a55
665	c5edeb37c51dc2ccad23640fca52e175f1513f4074b44bca890313adf58200e8	ca9626dfa1b13e7e22edb5b263f67b17a6b0bb5f5d0db29239707bd07d319c3b
671	a786da32701516bf0fd9961ddc4441df157a2b7a8daf0ff2563cc2d7e78acb7f	da71f32baa7dd7e2e62a6b177e676b6629e6acae7deb58926c6a0bb11632cea7
672	a74747960d6fb2847c860e1789da6f6e147ec8b6f39ae8c80c2a6cc0a666c285	ecb53f367b3541da3a14236d9a091f9bcc7a9903953f36577c2664fdd2a68a55
675	903f7ca593d2e965e174e4154df1287b4883aeeafbb0b21809ac1c370cb98c59	1f5087db919ced5c123c7f507d3fcce818cb0cf6e77c2f95a8a35e951e03fdb9
677	0270111c9de9df07826dd7ba75858991b819af5eb263b526f7dfab1ddec422f9	ecb53f367b3541da3a14236d9a091f9bcc7a9903953f36577c2664fdd2a68a55
678	219e25625bd6b7929540972eada4bfa5212f42ad5547716c20c25f0ac1a1de7d	e3b0c44298fc1c149afbf4c8996fb92427ae41e4649b934ca495991b7852b855
683	3cf3954e00317191450842b73f3770c6b855151b7568f73d9d7128bb63ece678	ca9626dfa1b13e7e22edb5b263f67b17a6b0bb5f5d0db29239707bd07d319c3b
684	87efa4f650ccb52cfc0daef757ada7d4575f9c9b92bbb9f59082b03dc826a317	13cdf297630815b16496702c091a6c50645d11eccb81f73af12f53e227e28f10
689	05ded14bbd276962942ce42e4afa4b0c491362e6bc05cec33308065a9990bb4b	ca9626dfa1b13e7e22edb5b263f67b17a6b0bb5f5d0db29239707bd07d319c3b
690	104af7dcf260ccdcf3fbca4d33554deaa1366dfd83e9ce67ff35f6f59a3874a5	e3b0c44298fc1c149afbf4c8996fb92427ae41e4649b934ca495991b7852b855
692	af3abc2157cfb6bf6bd49c974ba7924e30c3510337943ddb396f06793d256f72	ddd3c13c756ef4404318e8de94f1a8e6610b5f75b0d6ab6ebf33bf48e27dd4b8
694	4bbda4aee8490d45cfc449ab669b611687120a4c2829546d5fa88a74c3f056ae	ca9626dfa1b13e7e22edb5b263f67b17a6b0bb5f5d0db29239707bd07d319c3b
695	aba1ab76cc15251566bc74784ea7a4538d41e6cd8e74dcd5530b3f2bfb452470	ca9626dfa1b13e7e22edb5b263f67b17a6b0bb5f5d0db29239707bd07d319c3b
696	298609581a3066dc28c3c6eb643d50d186bed469c6bdf5ee31e73c31aad0ada9	ecb53f367b3541da3a14236d9a091f9bcc7a9903953f36577c2664fdd2a68a55
700	3b0cf8ee9a8f2ca5d8b4a045a1f46c65007c79df04fd6179e711f23698ef6aaf	e3b0c44298fc1c149afbf4c8996fb92427ae41e4649b934ca495991b7852b855
701	ecb8ba4a2e3b93b4deb2d47ed64d74a65b4fc84110f7f752a22a1a2d706266a2	1f5087db919ced5c123c7f507d3fcce818cb0cf6e77c2f95a8a35e951e03fdb9
703	d0e23a7b40aa322c034634d93ecad502eeee4b74773a1fc4f287dbf6506e6687	ecb53f367b3541da3a14236d9a091f9bcc7a9903953f36577c2664fdd2a68a55
706	b46d8b613d4567c35270922767423baa3a22a7234eb1dc61ab3105eca8527eb3	e3b0c44298fc1c149afbf4c8996fb92427ae41e4649b934ca495991b7852b855
707	b6d08befe4945637889a8061689cbb86ac5d650dbe5682eeffc982221cae9b74	37b1d2a132d81e114fe56e67926ecc9b29dd1cada3d2db9c6d6439040773343f
713	a9dace00baae2c4b8b7afeadce5fa112202cadfac4871f5b21415118d8e0c72b	ecb53f367b3541da3a14236d9a091f9bcc7a9903953f36577c2664fdd2a68a55
718	f73b66fc1d935bdc71c3c12ca34512a9b42ebdddc8ed055267b78933994b0041	ca9626dfa1b13e7e22edb5b263f67b17a6b0bb5f5d0db29239707bd07d319c3b
720	ecb301d23ad62a1389f8f8b5730327d6db76d0ae7aaa8bbf4f0353223aa855a1	1f5087db919ced5c123c7f507d3fcce818cb0cf6e77c2f95a8a35e951e03fdb9
721	0e9a47b1e033d9cb45735409da02e423a893d3857ec289fd80cd001e1b67410c	1f5087db919ced5c123c7f507d3fcce818cb0cf6e77c2f95a8a35e951e03fdb9
722	9db9bf9006c5d8031252200a9114d06e1cb51d43cc0fb7c20bae68f225706543	1f5087db919ced5c123c7f507d3fcce818cb0cf6e77c2f95a8a35e951e03fdb9
723	835f7774d8ef88a0f3700f7c1c6a5e5491da039e04c00a5e601511c8d573b1f9	e3b0c44298fc1c149afbf4c8996fb92427ae41e4649b934ca495991b7852b855
727	8dfbcc684fb897032ffc950c0b56303d1dd9fc126392217c27d03eb2656d22ba	e3b0c44298fc1c149afbf4c8996fb92427ae41e4649b934ca495991b7852b855
729	407c863dbf7160c551098ffa01beae6350b885e033d3e8ffc1b5fef6527dbde3	e3b0c44298fc1c149afbf4c8996fb92427ae41e4649b934ca495991b7852b855
730	a07bc148a9ff0183e2d0b38b4c0993599fbb926db0a185b204dea54c07170a73	ecb53f367b3541da3a14236d9a091f9bcc7a9903953f36577c2664fdd2a68a55
732	bcaf1de0426058716fc3c991ada07f9d3328a9e25184545d9d2132bbf1c98a4b	ecb53f367b3541da3a14236d9a091f9bcc7a9903953f36577c2664fdd2a68a55
734	de17559abc2b741751932b27e30b9b6e295fe1c04d57c69e7e70917ca991a983	e3b0c44298fc1c149afbf4c8996fb92427ae41e4649b934ca495991b7852b855
735	42be3bb6806215186a154bf28a429ac9b04d82fff1ea0477b1d2f0a0209e5105	1f5087db919ced5c123c7f507d3fcce818cb0cf6e77c2f95a8a35e951e03fdb9
744	861632db6c7fc228173e3c76cfa9939d5896ab81f22d5baf82caa6d89902ddbc	e3b0c44298fc1c149afbf4c8996fb92427ae41e4649b934ca495991b7852b855
745	7782c327392d6215857a2e20c11b3ce9d763223c79bc3451e4f633681565f966	da71f32baa7dd7e2e62a6b177e676b6629e6acae7deb58926c6a0bb11632cea7
746	0c76e9dbc88b7ca841986e4fea8d27456a1757d24cca7b8355b11979e42a4ab9	ecb53f367b3541da3a14236d9a091f9bcc7a9903953f36577c2664fdd2a68a55
749	091ec38fba7407838e1693e6927dbef44a562dd9afee50d94710a180b2649943	e3b0c44298fc1c149afbf4c8996fb92427ae41e4649b934ca495991b7852b855
752	1166be83f93f56d792edd5d55bc95f042c771351e398f24e3e29c9856fddc4d7	279a9a80ce7a7d580bb1b7402c49ac354e2a7b0fc18b1746c440ca1f607f581b
753	6a9084554cd1c54dadab6fd9ed450c4c8040da4bd6e8bc17b381bc205eaa148c	1f5087db919ced5c123c7f507d3fcce818cb0cf6e77c2f95a8a35e951e03fdb9
754	c3b3164b51a5df7bbb7a2a5ff5d9c9febd6e0792c579d0e49791d21b69b6b6f2	1f5087db919ced5c123c7f507d3fcce818cb0cf6e77c2f95a8a35e951e03fdb9
755	2e3c6a2c217034c651bd906a628ce43ecaf4848d5d5bfe028d4442b3d4de9f67	1f5087db919ced5c123c7f507d3fcce818cb0cf6e77c2f95a8a35e951e03fdb9
760	db8910606c16c29353c8b2327f114421c72199ea4fca41fd66bfa150517f3019	ecb53f367b3541da3a14236d9a091f9bcc7a9903953f36577c2664fdd2a68a55
762	f6118b5c056f217fd42b7b70649d177e95698bcb099a4f652d3d34123c60b079	ecb53f367b3541da3a14236d9a091f9bcc7a9903953f36577c2664fdd2a68a55
765	4f589e3bf66241733387923613a292581d31165dfe5b281d93b7cdb7534b9a0c	1f5087db919ced5c123c7f507d3fcce818cb0cf6e77c2f95a8a35e951e03fdb9
768	4c212ba7439f590701efba3b8d695c3949d6b7a91871f689c813780b8cc6372d	1f5087db919ced5c123c7f507d3fcce818cb0cf6e77c2f95a8a35e951e03fdb9
769	992986bb997424e93ea2637d92d2de71ad0e8313ab370cb65bd080585fc3a536	1f5087db919ced5c123c7f507d3fcce818cb0cf6e77c2f95a8a35e951e03fdb9
770	57efa23faed11ce464af0ac6387f713e828d59841138dff093c546f3df045667	1f5087db919ced5c123c7f507d3fcce818cb0cf6e77c2f95a8a35e951e03fdb9
771	200b5b2214f0c3627b6a3eec7a6acb3162b3c2e9261c783d318841665057f96b	ecb53f367b3541da3a14236d9a091f9bcc7a9903953f36577c2664fdd2a68a55
775	37d289f0b487c9aa28c92dbdaa997cda8fc6f12bb72125f445a146d83ffa3dff	13cdf297630815b16496702c091a6c50645d11eccb81f73af12f53e227e28f10
776	b5da13cdd362f9394f51c3fcd43275b008affdb0c44b7c227ad46d5ee776a71f	ecb53f367b3541da3a14236d9a091f9bcc7a9903953f36577c2664fdd2a68a55
777	4cdb01d840b092ba29b05d220cb0801e06ae50bb4fb47d9ac150c732b52c9abf	1f5087db919ced5c123c7f507d3fcce818cb0cf6e77c2f95a8a35e951e03fdb9
778	da5a2ef8f192e35cd831fc8f5ff9a3ae8e511e7a1a3a849e7718f9ae82ae2144	ddd3c13c756ef4404318e8de94f1a8e6610b5f75b0d6ab6ebf33bf48e27dd4b8
779	4faf2d7106026fbb0e30ea8fdb5c9279fcfe54cf79a5f2e2e7333e3e89a250c4	ecb53f367b3541da3a14236d9a091f9bcc7a9903953f36577c2664fdd2a68a55
781	f7d722ae7b165e3397f00810b7ed2bce333960a62220e1af2e55db14f28ed8b3	e3b0c44298fc1c149afbf4c8996fb92427ae41e4649b934ca495991b7852b855
782	172c5caea551071da00f8856edc9b6bca622dcaa6b252f7c0ed3e860f259a93e	1f5087db919ced5c123c7f507d3fcce818cb0cf6e77c2f95a8a35e951e03fdb9
783	c7f1b362168400d083101356745386966628fc71eb763882dc4c0ef957a4ef1f	ecb53f367b3541da3a14236d9a091f9bcc7a9903953f36577c2664fdd2a68a55
791	9b63a7145a613a836558d0c23f89a5dbb7918643cf4bcc0bc5567a7b5e42a2b4	e3b0c44298fc1c149afbf4c8996fb92427ae41e4649b934ca495991b7852b855
793	eeb366224bff128e264b32972aa201ccf18377592712b9dacfd3bbf11df5e68a	1f5087db919ced5c123c7f507d3fcce818cb0cf6e77c2f95a8a35e951e03fdb9
794	4aedf724004f45229f61b5e83fe4144f36e72269eeef831bae46809fd50ff308	ecb53f367b3541da3a14236d9a091f9bcc7a9903953f36577c2664fdd2a68a55
795	a53a10a9747fe72cefb988f1cdbd6516f66e01114f747ee2a3b7803a42d7066d	ecb53f367b3541da3a14236d9a091f9bcc7a9903953f36577c2664fdd2a68a55
800	41e7dac5262c93ebad3177ac2743524ebab2054b6d4786d8a5c795b2c644b8e5	e3b0c44298fc1c149afbf4c8996fb92427ae41e4649b934ca495991b7852b855
812	bf2f7cc8f813b6912fde93bf6aee8af10592fc4bd55b3f43b9411bc4df790420	1f5087db919ced5c123c7f507d3fcce818cb0cf6e77c2f95a8a35e951e03fdb9
814	5a62d22c3f8e2916836a4bb896e33e4cf7fae09fb41ee2a4df2bb9cb3afda62a	1f5087db919ced5c123c7f507d3fcce818cb0cf6e77c2f95a8a35e951e03fdb9
816	0f07cd5991e0b38fb7fd22e261ceaa6a75a3e7cd0430567f46d7fa0c0539f14b	e3b0c44298fc1c149afbf4c8996fb92427ae41e4649b934ca495991b7852b855
820	84c9b6d44799cc27dbefcbf2ec2ac257d952dae9853a37ae0fe1a3882a0f6514	ca9626dfa1b13e7e22edb5b263f67b17a6b0bb5f5d0db29239707bd07d319c3b
828	4cf4ec82659984f3cbe5736cbd9efd8998a428ac611d651b8a212bdf0f4391de	f274537aaf2c509726a5ee54bb585c3c6e205fa6cf85a26d871bd7fc01a784a9
830	3b877d61b9e752cb2ff45c070a151c846c89c221adcaed7b520019c535228ae2	ecb53f367b3541da3a14236d9a091f9bcc7a9903953f36577c2664fdd2a68a55
832	5ca653cd43d15e5e9113f0d62f07f86250f990362d250b35c3b4fb88254fb578	ecb53f367b3541da3a14236d9a091f9bcc7a9903953f36577c2664fdd2a68a55
835	2ff8975b8437ab306d29869de2dd4ffa23348c0f198e58874bfeed0f5f35e488	ca9626dfa1b13e7e22edb5b263f67b17a6b0bb5f5d0db29239707bd07d319c3b
839	7d3c965b072627eb254bcb3fa484b7e8f6fdce81d5b9e0472d7e8264f99a6f10	e3b0c44298fc1c149afbf4c8996fb92427ae41e4649b934ca495991b7852b855
841	3fff4d86582f53aa0af25c01a6b94083505258da34771937eaa01f5f087335e2	ca9626dfa1b13e7e22edb5b263f67b17a6b0bb5f5d0db29239707bd07d319c3b
843	419f174347e6ac8d5d53390b39dc6b48c5646de16932da3643806e11f99d38bd	1f5087db919ced5c123c7f507d3fcce818cb0cf6e77c2f95a8a35e951e03fdb9
844	12815eab631ee8f974be4089c5822e11898d7085c0cdddf40833f2035ab18480	e24a5a32c9b8c8637ee33cd72bff6a05a140a48891a1c1a3b06447e1900b6446
851	24413f150fc493b7c05448214490bd85a5d9e7ce5d899bb0a57b4b3a4ccc06dc	ecb53f367b3541da3a14236d9a091f9bcc7a9903953f36577c2664fdd2a68a55
857	7bf7daf942664df6cf6e28ef25df5ce8259982a86170d7bc13910f010b93cad2	1f5087db919ced5c123c7f507d3fcce818cb0cf6e77c2f95a8a35e951e03fdb9
859	133d48d827b915965e1749f97756bf4ba1edfb57064c4dcdd12457b65299e764	e3b0c44298fc1c149afbf4c8996fb92427ae41e4649b934ca495991b7852b855
860	4a30f4a5f996a8d877f3cfaab596f9f83916d93728bca568407df7826528e51a	e3b0c44298fc1c149afbf4c8996fb92427ae41e4649b934ca495991b7852b855
861	517cc8352314c04476468b2d2c480282fbceb32680c535635d5e0f0780806e05	e3b0c44298fc1c149afbf4c8996fb92427ae41e4649b934ca495991b7852b855
862	4e775f2bcae5f2b547f824359f9bf1ce1db048259baad2e09c2f7dcdc235e5ef	ecb53f367b3541da3a14236d9a091f9bcc7a9903953f36577c2664fdd2a68a55
864	6ed1d2281486aca511dcef42774708f7b5779279bdef9fe8a95857cf4a609220	ecb53f367b3541da3a14236d9a091f9bcc7a9903953f36577c2664fdd2a68a55
865	afdf2f64cd1ba86f5556393fc79d1958d673e99a563228f6cd68efded16dfdde	e3b0c44298fc1c149afbf4c8996fb92427ae41e4649b934ca495991b7852b855
867	538595cad9811841fe00a0df2b35337cf0d726e06691f730f21554cbba03ecc7	ecb53f367b3541da3a14236d9a091f9bcc7a9903953f36577c2664fdd2a68a55
868	ef08c03ef94400615c44a114ef3f9f7f670c896e7cd30db5589c0f58f60a925c	da71f32baa7dd7e2e62a6b177e676b6629e6acae7deb58926c6a0bb11632cea7
869	c2aef3d19cd5cccd7a12d336b65430b7d13c1e580f9d6d2d9d671ee8367740f9	e3b0c44298fc1c149afbf4c8996fb92427ae41e4649b934ca495991b7852b855
870	4420bae017cc59314d66757bd16ba2a7a0099ae5d0e7457c26ad12b275e0afa3	ddd3c13c756ef4404318e8de94f1a8e6610b5f75b0d6ab6ebf33bf48e27dd4b8
876	ae4947824c4654ef09c3a38c19532755699924256036fd03e2c8efff9b6c3f59	ca9626dfa1b13e7e22edb5b263f67b17a6b0bb5f5d0db29239707bd07d319c3b
877	ed7b46f42a1b5f1c7cc840357fd842bcd439225e946830749af135898b1a149f	ecb53f367b3541da3a14236d9a091f9bcc7a9903953f36577c2664fdd2a68a55
879	4331817cb1dfc3f806db231a7a04975228e368cb4f20530bb5ca1f061e332b96	ecb53f367b3541da3a14236d9a091f9bcc7a9903953f36577c2664fdd2a68a55
880	e98ad9c83d70a6187b08d49c779470321745c7ed05534efe7436c3596c6054b2	ecb53f367b3541da3a14236d9a091f9bcc7a9903953f36577c2664fdd2a68a55
882	d23033a5054515193725d12a3289d5678ba109c0c4fbae6970763fcb9b83efef	13cdf297630815b16496702c091a6c50645d11eccb81f73af12f53e227e28f10
883	6527e78d393339bc40f3dfef36fdc64439e6a2fd12f2dd03410e8945d6863a4e	ddd3c13c756ef4404318e8de94f1a8e6610b5f75b0d6ab6ebf33bf48e27dd4b8
884	b46d1f865a0a9903706507ec2005a3a981e3d5ca44d9b14f2484c2d05781d00e	ecb53f367b3541da3a14236d9a091f9bcc7a9903953f36577c2664fdd2a68a55
886	0402d08963f9d4fbadebdf510a83e2a1b2ada20434301fca8773aed6770f423c	1f5087db919ced5c123c7f507d3fcce818cb0cf6e77c2f95a8a35e951e03fdb9
890	89e477ed705683badc7df977520a43096d15309b87dc6214bb842b16dbfa0ff9	e3b0c44298fc1c149afbf4c8996fb92427ae41e4649b934ca495991b7852b855
891	2bc7fe13de5812a2e2f1dc2f8580008f6d98baccfef074cc2a164bd4f3adca24	ca9626dfa1b13e7e22edb5b263f67b17a6b0bb5f5d0db29239707bd07d319c3b
892	ac6dce3e93c27f2fb1987b8c671779e3cc6b4d75fd4b2977b7f1f22cd42430aa	e3b0c44298fc1c149afbf4c8996fb92427ae41e4649b934ca495991b7852b855
894	5ba08729244a372c2982b8d57cbbf0fe1033417599d18bca4125355f1ed154f7	ecb53f367b3541da3a14236d9a091f9bcc7a9903953f36577c2664fdd2a68a55
896	11dea8b6acbf79b6dd7ee61d8044d94e6cce1705ff2f7da9262838dffae21f02	e3b0c44298fc1c149afbf4c8996fb92427ae41e4649b934ca495991b7852b855
897	1ac7adacb2cd0e918fe49c58ade205a9b1ff497ae9fa68c8f15c9c56dc69fe76	e3b0c44298fc1c149afbf4c8996fb92427ae41e4649b934ca495991b7852b855
899	a6b0fdb6873731de1194748a4b1cfaa9b746114904acdedd19a1d900a92ceb5a	ca9626dfa1b13e7e22edb5b263f67b17a6b0bb5f5d0db29239707bd07d319c3b
903	07f7d25d34fa72006c7fdeb83a662d789a4e585a2770d1d9ba7232d653dd30ed	ecb53f367b3541da3a14236d9a091f9bcc7a9903953f36577c2664fdd2a68a55
909	ad289c9f6365d12482cd7e432643fcaaf8bddf38a6e0ebbb752f49eb3d79bc33	e3b0c44298fc1c149afbf4c8996fb92427ae41e4649b934ca495991b7852b855
912	2967b738f52f048b1794170661266eae3c680fa2b704b4398a3a49b4a27c714a	ddd3c13c756ef4404318e8de94f1a8e6610b5f75b0d6ab6ebf33bf48e27dd4b8
914	f67a926b19fc3f464042a21b563f0aad64c501c3b38eb70aff2838133b762a23	46b42b4229cd7a39c564e780bb665a8bde4fdf722007e8473f167fe53ed4b995
915	e9759da5064053f9d869477efe822b5976b21bb22828afcbea6eb18a10149429	ecb53f367b3541da3a14236d9a091f9bcc7a9903953f36577c2664fdd2a68a55
916	a7cac24ae1adb2bb65985539418b5411819e8e01b5f889e0a3b54b860f17ab1e	ecb53f367b3541da3a14236d9a091f9bcc7a9903953f36577c2664fdd2a68a55
922	1517145ab5dff6756a69c1d62dd43ad995c580e87b05dafa4213b7fed64aa698	1f5087db919ced5c123c7f507d3fcce818cb0cf6e77c2f95a8a35e951e03fdb9
925	be70c36aa9c60cdafa09d7777e902e74e90fd83c96d20b67c5a82b98e5b14e83	ca9626dfa1b13e7e22edb5b263f67b17a6b0bb5f5d0db29239707bd07d319c3b
926	5a56e94a0971e66bcc309af06120c6eb876261e1928fdeedb62550a30309d07a	e3b0c44298fc1c149afbf4c8996fb92427ae41e4649b934ca495991b7852b855
928	927fe3c396e2648752c4e927edf644d1e2133eb77fec0d91536e591d056b73d3	ca9626dfa1b13e7e22edb5b263f67b17a6b0bb5f5d0db29239707bd07d319c3b
930	955b1b791cd452a0b84cb340bbaccff69ff0a37b80bc38146d13934787a7f711	ca9626dfa1b13e7e22edb5b263f67b17a6b0bb5f5d0db29239707bd07d319c3b
931	a8681a056a6b04234991851f9c7a3dc6d400e218800f8df327c0592eed4b6f8b	1f5087db919ced5c123c7f507d3fcce818cb0cf6e77c2f95a8a35e951e03fdb9
932	1fcd809d5df9fab9069fc822267fad0c7cccdf1c4fdafe17e27a8cbecb2cfe68	1f5087db919ced5c123c7f507d3fcce818cb0cf6e77c2f95a8a35e951e03fdb9
933	2bde70da576830a20f73681d35ff43826611a013781dd36833edef88930fdb54	1f5087db919ced5c123c7f507d3fcce818cb0cf6e77c2f95a8a35e951e03fdb9
934	ca7a8277fcc1effa43415145f5bebb42740ff226b195394d6e23e4fbd696c67a	ddd3c13c756ef4404318e8de94f1a8e6610b5f75b0d6ab6ebf33bf48e27dd4b8
935	e1403462df032613cbd310abebc026e87e06fa4feb89984c6e40a1695a0c15ba	9beb99a058d74ee69ea4573f97ded6d154898dc38aaa9d0b24bb41210d243e1a
937	ddd6f263a08d78392f90a264846f1d35f905b85307b037a9258c5fe0e1e06166	e3b0c44298fc1c149afbf4c8996fb92427ae41e4649b934ca495991b7852b855
939	e45cc7fbf30cbb9cc394fc32b49e28dc69a4539d3b7f64c1014ccea9a69d808f	ecb53f367b3541da3a14236d9a091f9bcc7a9903953f36577c2664fdd2a68a55
940	7c0276fd0365b8a316aa6daa857f6a059bdc682306663d8ae2432c28c2084648	ecb53f367b3541da3a14236d9a091f9bcc7a9903953f36577c2664fdd2a68a55
942	c4f2a9ce35d7598c2ad0bec1a777e249efea832b93200f0dc6848d05254b8bc0	1f5087db919ced5c123c7f507d3fcce818cb0cf6e77c2f95a8a35e951e03fdb9
943	10ac72e91b0dde7a4884714f97d81262ace832d1fe2210ac53e90187d0d953bc	e3b0c44298fc1c149afbf4c8996fb92427ae41e4649b934ca495991b7852b855
946	a46d311c25151cbc0d0f2a9e573a93fee02caec428893d324814c9b504c2b987	e3b0c44298fc1c149afbf4c8996fb92427ae41e4649b934ca495991b7852b855
951	49d68779cda279893b9bbb00d3318af643193bdfcf297b2ae2c725e6b968653f	13cdf297630815b16496702c091a6c50645d11eccb81f73af12f53e227e28f10
959	58f6f9f14f33257dba4d407148db38f526e04801d3af01107cdc1f443be2e7d8	1f5087db919ced5c123c7f507d3fcce818cb0cf6e77c2f95a8a35e951e03fdb9
962	d4100e7e57468e0b58b589452c281a763f95a65b59eb580483b1719c87178659	13cdf297630815b16496702c091a6c50645d11eccb81f73af12f53e227e28f10
965	81e9b469f2fd40d485099e5b8cf8cc7c3fbb678f0de59867317f6a16a42667f4	ca9626dfa1b13e7e22edb5b263f67b17a6b0bb5f5d0db29239707bd07d319c3b
967	c6feda2ba46ee9e9fbf1c470ecd94bbbe632efb357f7ac7a060156f136d91ada	1f5087db919ced5c123c7f507d3fcce818cb0cf6e77c2f95a8a35e951e03fdb9
971	0380b41ecd7f34317ec420d4dd7a620bb61cfa3a9b8aa3dc83e7f57b70721936	ddd3c13c756ef4404318e8de94f1a8e6610b5f75b0d6ab6ebf33bf48e27dd4b8
973	1d5a60a73cc6780f85eab9993dcb3308c1f17d79b725de57da61bf9759739665	46b42b4229cd7a39c564e780bb665a8bde4fdf722007e8473f167fe53ed4b995
974	7582266020431133bfc97063db43873dcf859256a5fded06da2de48d0dc4ae45	ecb53f367b3541da3a14236d9a091f9bcc7a9903953f36577c2664fdd2a68a55
975	3cb73bc660f4f64ba964faef05d8242724a373c30f179d3020c83daa06563e7b	ecb53f367b3541da3a14236d9a091f9bcc7a9903953f36577c2664fdd2a68a55
977	15becda60ae0bcc1b67a54befc7255b048158c3283936b266789d1e349895254	ddd3c13c756ef4404318e8de94f1a8e6610b5f75b0d6ab6ebf33bf48e27dd4b8
978	5bbd5257c0abd22f85e7ae76f8450962678772ae0e15ae43c67efeebe310163e	ecb53f367b3541da3a14236d9a091f9bcc7a9903953f36577c2664fdd2a68a55
984	24740602195efb41cda2f5cb8afe4ac89439d1dd56f3e3596c69a2c346531468	ca9626dfa1b13e7e22edb5b263f67b17a6b0bb5f5d0db29239707bd07d319c3b
985	40875579866d2e9f7bfb3a689cbf2cb64ab771c095a052aa16a98b93dee6c7ec	e3b0c44298fc1c149afbf4c8996fb92427ae41e4649b934ca495991b7852b855
991	4fa6d9bef87c11bdcd4ab40162c4737cde7a02ec7ff5ca13f621c3893703ba77	ca9626dfa1b13e7e22edb5b263f67b17a6b0bb5f5d0db29239707bd07d319c3b
997	2cd9fb3c69a0fa450acdc809c1dc2cef72080233c0dd393fae344eb491d45f8a	ecb53f367b3541da3a14236d9a091f9bcc7a9903953f36577c2664fdd2a68a55
1001	907e237565b7a1b8d5282c8956c4e5d89f1556e96dfda1a26d61188414072fc5	ecb53f367b3541da3a14236d9a091f9bcc7a9903953f36577c2664fdd2a68a55
1002	b1469d1201935171fffacedd7541ad656af0f7c6a707febda2bb245d42827cf8	da71f32baa7dd7e2e62a6b177e676b6629e6acae7deb58926c6a0bb11632cea7
1008	8873bc8a05991af11bd48b9688965df09ec2faee965b7c53b25efefe1669f7a5	ca9626dfa1b13e7e22edb5b263f67b17a6b0bb5f5d0db29239707bd07d319c3b
1012	1f9e07679ca52882aee277c252fb2d89563e2048aaee76ecead30777ec7dd080	ecb53f367b3541da3a14236d9a091f9bcc7a9903953f36577c2664fdd2a68a55
1015	255443ba94e558e03b97ac942fa2d999c6840eaabbf18fa2e66b917fbd2ae5a3	da71f32baa7dd7e2e62a6b177e676b6629e6acae7deb58926c6a0bb11632cea7
1016	77302ada089203c56bcca59b1e6f9c2a34cac064a272801b7102750400d5d940	ecb53f367b3541da3a14236d9a091f9bcc7a9903953f36577c2664fdd2a68a55
1019	726e75599bc35919fdd40a89e6fcd66e24f9f4fbf4d13fbd8e6edcde6b978a93	e3b0c44298fc1c149afbf4c8996fb92427ae41e4649b934ca495991b7852b855
1020	a1773c9a578647793e1f63f8ace9a62ce8a466a2673c0118a28b75c29233ea50	ca9626dfa1b13e7e22edb5b263f67b17a6b0bb5f5d0db29239707bd07d319c3b
1021	e717473d1d671ffea26951498840bbfef360284c1d2ea3ab8ce8b321fbada373	ca9626dfa1b13e7e22edb5b263f67b17a6b0bb5f5d0db29239707bd07d319c3b
1031	94cd374121b0f411e19b0aee2b1cf2e833a38e283f8740254d264ae89a99580f	e3b0c44298fc1c149afbf4c8996fb92427ae41e4649b934ca495991b7852b855
1033	603fe99ebc9813c4b3d96cba98d1999d8125b2210cc8fa86ebf8c66c0c0b853b	13cdf297630815b16496702c091a6c50645d11eccb81f73af12f53e227e28f10
1036	f2b9ae68cdb2f2c49700b0e01b714a3a6ad07e6274a77afdab5127698ea0f5b2	1f5087db919ced5c123c7f507d3fcce818cb0cf6e77c2f95a8a35e951e03fdb9
1038	64ee65da1fec703d5ed7422a849aa9e94ab0cf43ceb02220afeca5b1d286a330	ecb53f367b3541da3a14236d9a091f9bcc7a9903953f36577c2664fdd2a68a55
1040	1914a8e962da2cf6d8bdd467ff334282fdf0836c457b4d245fa585f7bda001a6	da71f32baa7dd7e2e62a6b177e676b6629e6acae7deb58926c6a0bb11632cea7
1046	ddac2a225fcf18450a6f20848711f2fc1d366a6ba4367862420c5b4e42332a28	ca9626dfa1b13e7e22edb5b263f67b17a6b0bb5f5d0db29239707bd07d319c3b
1048	3505e0722edf0e67389e80218dad949bc22b8631a8a991694d9c11e5ad5e68c1	1f5087db919ced5c123c7f507d3fcce818cb0cf6e77c2f95a8a35e951e03fdb9
1052	4e41af412b86208f2b02d74bc16bd10b1319fb72d9acf30b2fc4131df0761f50	e3b0c44298fc1c149afbf4c8996fb92427ae41e4649b934ca495991b7852b855
1055	e87d363c650c350bd83a20ce31621cbd0d6322c5faab5a86dabe0169b735a5a1	ca9626dfa1b13e7e22edb5b263f67b17a6b0bb5f5d0db29239707bd07d319c3b
1060	4a8dfadf911ffebd831422bc63b7bf2b2fe1955c2f9d6734442bd41992efe084	ddd3c13c756ef4404318e8de94f1a8e6610b5f75b0d6ab6ebf33bf48e27dd4b8
1062	bcda3cf89924ee29c7756ccee4a00240a12c50d73a700088dca28e88a9d5696c	279a9a80ce7a7d580bb1b7402c49ac354e2a7b0fc18b1746c440ca1f607f581b
1064	a52a2b142c0eb8ca7388b252c3a3e82a8305302ce8ac7d7a444eb8d26fe49936	e3b0c44298fc1c149afbf4c8996fb92427ae41e4649b934ca495991b7852b855
1066	f663b1a86632fa4528ad3f69897dccae93a7e5dde3a1af6fad330e404133f3da	1f5087db919ced5c123c7f507d3fcce818cb0cf6e77c2f95a8a35e951e03fdb9
1072	a0468a272c768e7b6cd31d5a7fae49908b2b783933f51641c638d8b26c918daa	ca9626dfa1b13e7e22edb5b263f67b17a6b0bb5f5d0db29239707bd07d319c3b
1073	af5bdf92670f7b3e3dc477ba8cc6404cbad94040cb8742a9597177d17509045f	ecb53f367b3541da3a14236d9a091f9bcc7a9903953f36577c2664fdd2a68a55
1074	460b27f9c2436744324f5af1b62493e04561bf95f22cf396b745b5501e4fb824	1f5087db919ced5c123c7f507d3fcce818cb0cf6e77c2f95a8a35e951e03fdb9
1076	146ebb8136339d813702da3c995b779a02384fcf697b0fa2fae9ecea3b379336	1f5087db919ced5c123c7f507d3fcce818cb0cf6e77c2f95a8a35e951e03fdb9
1081	a85dc999110de37d5b958409f125c9d55d008bb99f6136ce10f697ce0b057b19	ecb53f367b3541da3a14236d9a091f9bcc7a9903953f36577c2664fdd2a68a55
1090	7cbbcd0121bcba8723be31beab5b863022834e9bd40889557f47ab1aad8edccc	e3b0c44298fc1c149afbf4c8996fb92427ae41e4649b934ca495991b7852b855
1091	6ca431a93ef024fbf8ce11d2b3e4150acb7ec32f555236d1b91168927f461f0b	e3b0c44298fc1c149afbf4c8996fb92427ae41e4649b934ca495991b7852b855
1094	60fc20992b653742d2a523ae707ec55bd5ae42548d1bf5dc4a95ea5182891bf9	ca9626dfa1b13e7e22edb5b263f67b17a6b0bb5f5d0db29239707bd07d319c3b
1097	1efa7c4e09706943d34bd20465288a1a0c69f74ef55d40b3ec5182c349d88a65	ecb53f367b3541da3a14236d9a091f9bcc7a9903953f36577c2664fdd2a68a55
1098	ca970e793d33c58b9e8ace93bb5a22d68a7097ad2682985912166e6f1def702a	ecb53f367b3541da3a14236d9a091f9bcc7a9903953f36577c2664fdd2a68a55
1102	17d996a1d55ecbd90f8e208b0916972335d0ef97e97fec1f4aac8cbc288f65c8	f7b5cd7c460deea4252a00016ba0ed816b07c86a5bc7d71ffd118f79611bf560
1104	d73a04fbe06a6c47a4230c0f1ee6f739a3dec6c4d010812357e847d9e6ebfc9c	ddd3c13c756ef4404318e8de94f1a8e6610b5f75b0d6ab6ebf33bf48e27dd4b8
1105	85b9ff993a816660c3be00956c9b3dd318cd874fe63cea629d5e3e379960958f	1f5087db919ced5c123c7f507d3fcce818cb0cf6e77c2f95a8a35e951e03fdb9
1115	07836c280a82b1dcffbc8d4388b864c153de5cc37bfad9ed59c2c3ab6f591907	c93897bc3d0329c645d080e33fdc34e691c88a882821a62325aec9eb89300019
1116	296b355c48d366d45595d98193b4c15e670aece49459be33a949bc7046b8ff21	c2f62fb4db81024c47c09be8c1899923424ccc8bc3b61ec31e3c82baae955c17
1117	660db187460aa4b84b9b4ca8dce25d7390e2a94ac23c67feee04016ee4efa373	c93897bc3d0329c645d080e33fdc34e691c88a882821a62325aec9eb89300019
1119	dbbb4061494a2a7435db6141301a47439a88107a6cbdb1e6832a86d933cb0de0	c93897bc3d0329c645d080e33fdc34e691c88a882821a62325aec9eb89300019
1121	105e3c8445792012e85440242ea3112a94178d1fec819fd3eaa1534cde941cb3	ecb53f367b3541da3a14236d9a091f9bcc7a9903953f36577c2664fdd2a68a55
1152	c02602b5b7bb458bb772b249b6b8082f3944f9228733200c55e76418d35fe69b	ca9626dfa1b13e7e22edb5b263f67b17a6b0bb5f5d0db29239707bd07d319c3b
1166	c68aa69c4237d1ac923ef411ead81b2624b53f99af91def14ef46bd7c5f6c28b	f274537aaf2c509726a5ee54bb585c3c6e205fa6cf85a26d871bd7fc01a784a9
1172	1c691a52049eb29bd88a29d0262eed652966c8a7ab1eefebe94ddeb71f3e773f	ca9626dfa1b13e7e22edb5b263f67b17a6b0bb5f5d0db29239707bd07d319c3b
1174	561595e12ff07215ecc9501c8c4b7f382b51a841cfbc994f017863378f63e2d7	1f5087db919ced5c123c7f507d3fcce818cb0cf6e77c2f95a8a35e951e03fdb9
