ticket	triage	best	second	margin	bug	feature	question	documentation	performance
2	bug	bug	performance	0.04594743251800537	0.2268604338169098	0.10118144750595093	0.04884295165538788	0.10662636160850525	0.18091300129890442
5	feature	feature	performance	0.060383379459381104	-0.04713740199804306	0.19474732875823975	-0.03223373740911484	-0.028414582833647728	0.13436394929885864
6	feature	feature	performance	0.023294717073440552	0.24872267246246338	0.28441476821899414	0.17080266773700714	-0.01822724938392639	0.2611200511455536
7	performance	performance	feature	0.07347407937049866	0.13119757175445557	0.17716312408447266	0.08184937387704849	0.10547632724046707	0.2506372034549713
8	performance	performance	feature	0.021431952714920044	0.09987980872392654	0.18708449602127075	0.03785423934459686	-0.02373255416750908	0.2085164487361908
9	performance	performance	bug	0.06395754218101501	0.20141127705574036	0.15625225007534027	0.09134871512651443	-0.18196670711040497	0.26536881923675537
10	review	feature	bug	0.0028149783611297607	0.28365156054496765	0.2864665389060974	0.19744054973125458	0.19171877205371857	0.2781684994697571
13	feature	feature	bug	0.04397191107273102	0.148405522108078	0.19237743318080902	0.09090950340032578	-0.05187314376235008	0.12620024383068085
15	bug	bug	performance	0.075042724609375	0.5968929529190063	0.39325863122940063	0.3350577652454376	0.12019473314285278	0.5218502283096313
19	bug	bug	performance	0.033932507038116455	0.2408115565776825	0.19908864796161652	0.16218465566635132	0.10850205272436142	0.20687904953956604
21	bug	bug	performance	0.09405586123466492	0.32140108942985535	0.22732272744178772	0.20784729719161987	0.06583252549171448	0.22734522819519043
23	feature	feature	performance	0.1602424681186676	0.2447964996099472	0.4226821959018707	0.1373615860939026	0.045352753251791	0.2624397277832031
25	performance	performance	feature	0.05336448550224304	0.3492525815963745	0.35429421067237854	0.2852882444858551	0.05919833108782768	0.4076586961746216
26	review	feature	performance	0.00949949026107788	0.11864382028579712	0.2256893515586853	0.023453209549188614	-0.008912942372262478	0.21618986129760742
27	feature	feature	performance	0.10359570384025574	0.1819125860929489	0.2888323664665222	0.03531722351908684	0.11296668648719788	0.18523666262626648
33	feature	feature	performance	0.1391671895980835	0.1599755883216858	0.40510472655296326	0.09795547276735306	0.0685327872633934	0.26593753695487976
37	bug	bug	documentation	0.10328245162963867	0.38509416580200195	0.2634831368923187	0.20844149589538574	0.2818117141723633	0.2552590072154999
38	bug	bug	performance	0.03376449644565582	0.22666150331497192	0.14270132780075073	0.04943324625492096	0.056384261697530746	0.1928970068693161
39	feature	feature	bug	0.16820408403873444	0.1220383495092392	0.29024243354797363	0.057987723499536514	0.05399584397673607	0.09416753053665161
42	feature	feature	performance	0.0869322419166565	0.12011390179395676	0.27639275789260864	0.04846722260117531	0.17478185892105103	0.18946051597595215
43	feature	feature	bug	0.1654379963874817	0.17042216658592224	0.33586016297340393	0.11315997689962387	0.07380789518356323	0.1525348722934723
44	feature	feature	performance	0.17661219835281372	0.28489142656326294	0.5745131373405457	0.31392306089401245	0.16825467348098755	0.39790093898773193
45	feature	feature	question	0.08329522609710693	0.3944805860519409	0.6069472432136536	0.5236520171165466	0.05356399342417717	0.45351719856262207
46	feature	feature	bug	0.1189853847026825	0.44125840067863464	0.5602437853813171	0.3405110836029053	0.1496511846780777	0.4393903911113739
58	bug	bug	performance	0.10828810930252075	0.5382803082466125	0.33544301986694336	0.30456358194351196	0.09730380028486252	0.4299921989440918
70	bug	bug	feature	0.085417240858078	0.3423488736152649	0.2569316327571869	0.19429610669612885	0.05801614001393318	0.24116741120815277
73	feature	feature	performance	0.1249159425497055	0.20455846190452576	0.3452235460281372	0.18951940536499023	0.11168097704648972	0.2203076034784317
79	feature	feature	performance	0.06804782152175903	0.3439744710922241	0.46398821473121643	0.31790509819984436	0.029773984104394913	0.3959403932094574
91	feature	feature	bug	0.0660538375377655	0.18309125304222107	0.24914509057998657	0.11111416667699814	0.06732603907585144	0.15999047458171844
96	feature	feature	performance	0.11157509684562683	0.30949878692626953	0.46386709809303284	0.26193124055862427	0.06629370152950287	0.352292001247406
150	bug	bug	feature	0.02553585171699524	0.21617957949638367	0.19064372777938843	0.09689035266637802	0.03622062876820564	0.1346365213394165
154	bug	bug	feature	0.026127085089683533	0.2049352526664734	0.17880816757678986	0.0388612262904644	0.09033744782209396	0.17080697417259216
158	review	performance	bug	0.019620299339294434	0.24474194645881653	0.2307126671075821	0.09215887635946274	-0.002707617823034525	0.26436224579811096
160	feature	feature	performance	0.04878497123718262	0.003754952922463417	0.11379972845315933	-0.08153817057609558	0.017184235155582428	0.06501475721597672
162	review	performance	feature	0.012552529573440552	0.26120805740356445	0.2996310889720917	0.15420429408550262	0.17156915366649628	0.3121836185455322
165	review	performance	feature	0.013142704963684082	0.43629148602485657	0.5275856256484985	0.434078574180603	0.0112387053668499	0.5407283306121826
166	feature	feature	performance	0.06274497509002686	0.13994550704956055	0.26117706298828125	0.11858421564102173	0.04463731497526169	0.1984320878982544
179	performance	performance	feature	0.029067784547805786	0.15881963074207306	0.2144138365983963	0.12614478170871735	0.05358990654349327	0.2434816211462021
182	feature	feature	bug	0.020592719316482544	0.23877137899398804	0.2593640983104706	0.14924298226833344	-0.010583189316093922	0.2114434689283371
200	bug	bug	performance	0.06207302212715149	0.36019113659858704	0.26202166080474854	0.18869556486606598	0.09641088545322418	0.29811811447143555
207	review	performance	bug	0.018213853240013123	0.1867729276418686	0.15048721432685852	0.05220002308487892	0.16964127123355865	0.2049867808818817
212	bug	bug	performance	0.05293464660644531	0.4386518597602844	0.33109408617019653	0.23394431173801422	0.17823392152786255	0.3857172131538391
224	feature	feature	performance	0.17398104071617126	0.2878098785877228	0.5134959816932678	0.32509124279022217	0.03874649107456207	0.33951494097709656
225	review	feature	bug	0.012752234935760498	0.30285871028900146	0.31561094522476196	0.19568228721618652	0.11609219014644623	0.19463256001472473
226	feature	feature	performance	0.061476439237594604	0.44099581241607666	0.5509259104728699	0.3953269422054291	0.02486475743353367	0.48944947123527527
236	bug	bug	feature	0.0227603018283844	0.44810163974761963	0.42534133791923523	0.37058523297309875	0.10227902233600616	0.408125638961792
237	feature	feature	performance	0.06959709525108337	0.21942909061908722	0.3782826364040375	0.12807554006576538	0.010018949396908283	0.3086855411529541
238	bug	bug	performance	0.026865363121032715	0.5289982557296753	0.33260470628738403	0.2369764894247055	0.1721796989440918	0.5021328926086426
244	feature	feature	performance	0.1908663809299469	0.4224545657634735	0.6426180601119995	0.3924228549003601	0.10914824903011322	0.4517516791820526
251	feature	feature	performance	0.14386409521102905	0.2539256513118744	0.43392398953437805	0.17930199205875397	-0.032309431582689285	0.290059894323349
252	review	bug	feature	0.0037190765142440796	0.17317374050617218	0.1694546639919281	0.04608631134033203	0.06303534656763077	0.12172107398509979
256	bug	bug	feature	0.020145833492279053	0.42125681042671204	0.401110976934433	0.3967617154121399	0.2680330276489258	0.32524099946022034
257	feature	feature	performance	0.054478973150253296	0.24617698788642883	0.3387521505355835	0.2706373631954193	-0.009950310923159122	0.2842731773853302
261	feature	feature	performance	0.09559421241283417	0.1907459944486618	0.3086966574192047	0.13548633456230164	-0.03602591156959534	0.21310244500637054
262	review	feature	documentation	0.014721810817718506	0.0884617418050766	0.3064936697483063	0.07360706478357315	0.29177185893058777	0.060753725469112396
263	feature	feature	performance	0.07754059135913849	0.1513490229845047	0.2734364867210388	0.08347570896148682	0.0058074165135622025	0.19589589536190033
264	bug	bug	performance	0.07547619938850403	0.5149753093719482	0.3285375237464905	0.21383868157863617	0.1302943229675293	0.4394991099834442
266	review	bug	documentation	0.009765788912773132	0.08915895968675613	0.06896580755710602	0.03179916366934776	0.079393170773983	0.07464296370744705
270	feature	feature	performance	0.05317658185958862	0.43036964535713196	0.5126410126686096	0.3506428599357605	-0.05012056231498718	0.459464430809021
273	performance	performance	bug	0.0680282711982727	0.5396146774291992	0.39641475677490234	0.2857649028301239	0.1073014885187149	0.6076429486274719
279	feature	feature	bug	0.054871901869773865	0.20334486663341522	0.2582167685031891	0.08384834975004196	0.16708073019981384	0.15354539453983307
283	feature	feature	performance	0.08430066704750061	0.28421127796173096	0.4281797707080841	0.26008182764053345	-0.04863893240690231	0.3438791036605835
284	performance	performance	bug	0.0920228660106659	0.46779367327690125	0.2952727675437927	0.19943062961101532	0.01759904995560646	0.5598165392875671
286	performance	performance	feature	0.06795650720596313	0.2463618516921997	0.30165109038352966	0.17622493207454681	-0.09738826006650925	0.3696075975894928
288	performance	performance	feature	0.025833308696746826	0.3606409430503845	0.3611566722393036	0.25151580572128296	0.015456750988960266	0.3869899809360504
289	bug	bug	feature	0.04065994918346405	0.21024616062641144	0.1695862114429474	0.024248383939266205	0.1462811827659607	0.10273978859186172
290	bug	bug	performance	0.11208364367485046	0.35572776198387146	0.21919819712638855	0.14586664736270905	0.06894457340240479	0.243644118309021
292	feature	feature	performance	0.07015696167945862	0.2642649710178375	0.35235998034477234	0.20357640087604523	-0.03578237071633339	0.2822030186653137
293	feature	feature	bug	0.14411672949790955	0.25326138734817505	0.3973781168460846	0.141757994890213	0.08761227875947952	0.21360406279563904
294	feature	feature	performance	0.05018792301416397	0.08801380544900894	0.16432930529117584	0.05539904534816742	-0.09061522036790848	0.11414138227701187
299	feature	feature	bug	0.09171925485134125	0.1316930651664734	0.22341232001781464	0.06581687927246094	0.04753093793988228	0.072991743683815
300	feature	feature	bug	0.06809255480766296	0.28529518842697144	0.3533877432346344	0.204688161611557	-0.09714129567146301	0.2661372125148773
302	feature	feature	bug	0.04301479458808899	0.4565925896167755	0.4996073842048645	0.31375348567962646	0.1790943294763565	0.430347740650177
316	performance	performance	bug	0.030602991580963135	0.424944669008255	0.25672847032546997	0.24555020034313202	0.015778349712491035	0.45554766058921814
324	feature	feature	bug	0.036906734108924866	0.20171894133090973	0.2386256754398346	0.1870923787355423	0.04253287613391876	0.19256389141082764
325	bug	bug	performance	0.0631694346666336	0.29066982865333557	0.14296594262123108	0.07752702385187149	0.16048912703990936	0.22750039398670197
326	bug	bug	performance	0.06974464654922485	0.3563702404499054	0.25172120332717896	0.1548362523317337	0.092807337641716	0.28662559390068054
344	review	bug	performance	0.0053441524505615234	0.33227798342704773	0.1830243319272995	0.12151653319597244	0.0867694690823555	0.3269338309764862
348	performance	performance	feature	0.04993453621864319	0.0522867813706398	0.13679946959018707	-0.01729479432106018	-0.029809556901454926	0.18673400580883026
355	review	feature	performance	0.004172235727310181	0.4008040428161621	0.4747844338417053	0.27011752128601074	0.07326371967792511	0.47061219811439514
368	performance	performance	bug	0.03631076216697693	0.4538305401802063	0.3529925048351288	0.30260029435157776	0.1404978334903717	0.4901413023471832
372	review	performance	bug	0.0018571019172668457	0.31209471821784973	0.26734820008277893	0.16064700484275818	0.15492938458919525	0.3139518201351166
374	bug	bug	performance	0.056367427110672	0.21949830651283264	0.05298548564314842	-0.0364893302321434	0.06028377264738083	0.16313087940216064
377	bug	bug	performance	0.04468074440956116	0.3943299651145935	0.315323144197464	0.23546826839447021	0.07977308332920074	0.34964922070503235
378	review	feature	bug	0.019638270139694214	0.2861906886100769	0.3058289587497711	0.1803670972585678	0.22856442630290985	0.22476252913475037
381	feature	feature	question	0.07382191717624664	0.1498548537492752	0.24446994066238403	0.1706480234861374	0.05787132680416107	0.1520078182220459
386	feature	feature	performance	0.09546133875846863	0.21767844259738922	0.3185560405254364	0.14459487795829773	0.08825907856225967	0.22309470176696777
387	feature	feature	performance	0.1091340035200119	0.11265355348587036	0.25763508677482605	0.10851559787988663	0.08176694810390472	0.14850108325481415
390	bug	bug	performance	0.03158387541770935	0.3547508716583252	0.21737298369407654	0.12534397840499878	0.12814772129058838	0.32316699624061584
399	review	bug	performance	0.014228999614715576	0.3281693160533905	0.26526370644569397	0.16187599301338196	0.05549066513776779	0.3139403164386749
400	review	bug	performance	0.0149078369140625	0.4595470130443573	0.35944488644599915	0.23680779337882996	0.0829547569155693	0.4446391761302948
402	review	feature	performance	0.01586487889289856	0.45881927013397217	0.4912972152233124	0.36053746938705444	0.06737261265516281	0.4754323363304138
407	review	performance	bug	0.007491648197174072	0.3957969844341278	0.3831813335418701	0.23794561624526978	0.06997459381818771	0.4032886326313019
409	documentation	documentation	bug	0.08144310861825943	0.10222471505403519	0.028444640338420868	-0.09570207446813583	0.18366782367229462	0.05966409295797348
413	documentation	documentation	feature	0.2907532677054405	0.07537012547254562	0.09203804284334183	-0.07733369618654251	0.38279131054878235	-0.004440035670995712
422	bug	bug	performance	0.04443022608757019	0.48686712980270386	0.3464895188808441	0.2646425664424896	0.10555519908666611	0.44243690371513367
424	feature	feature	performance	0.06828829646110535	0.23839905858039856	0.3160497546195984	0.1661280393600464	0.19599966704845428	0.24776145815849304
426	bug	bug	performance	0.08463507890701294	0.5455278158187866	0.3044484853744507	0.24075764417648315	0.11993829905986786	0.4608927369117737
428	review	bug	performance	0.008402019739151001	0.37553027272224426	0.2828541100025177	0.23186904191970825	0.03184724971652031	0.36712825298309326
429	feature	feature	bug	0.06169271469116211	0.2755860686302185	0.3372787833213806	0.177644282579422	0.06493517011404037	0.23770231008529663
430	bug	bug	performance	0.025002360343933105	0.35838788747787476	0.25358572602272034	0.16296620666980743	0.013869361020624638	0.33338552713394165
433	feature	feature	performance	0.07491859793663025	0.2549631595611572	0.4897574782371521	0.25020280480384827	-0.0018365404102951288	0.41483888030052185
434	feature	feature	performance	0.1914484202861786	0.21352872252464294	0.453304260969162	0.2566553056240082	-0.05621347576379776	0.2618558406829834
435	bug	bug	feature	0.02483612298965454	0.45240139961242676	0.4275652766227722	0.2919924855232239	0.14631536602973938	0.3965141773223877
436	bug	bug	feature	0.061424195766448975	0.26213356852531433	0.20070937275886536	0.12501373887062073	0.0745406448841095	0.18528679013252258
437	bug	bug	documentation	0.03548004478216171	0.14578567445278168	0.06805815547704697	0.08355522155761719	0.11030562967061996	0.07558196038007736
438	review	bug	documentation	0.014344021677970886	0.1863914132118225	0.12852275371551514	0.04348018765449524	0.17204739153385162	0.15850545465946198
443	review	performance	bug	0.008513271808624268	0.1867917776107788	0.17059174180030823	0.10513675212860107	0.0969056636095047	0.19530504941940308
444	feature	feature	performance	0.0943036675453186	0.41558486223220825	0.6215663552284241	0.474761426448822	-0.007802960462868214	0.5272626876831055
450	feature	feature	performance	0.11455899477005005	0.07226364314556122	0.21877682209014893	0.054002050310373306	0.043129611760377884	0.10421782732009888
451	feature	feature	performance	0.07802343368530273	0.13018988072872162	0.22990946471691132	0.09555071592330933	-0.03056330233812332	0.15188603103160858
452	feature	feature	performance	0.041660115122795105	0.0398612916469574	0.11304789036512375	-0.050400931388139725	-0.008078510873019695	0.07138777524232864
453	review	bug	performance	0.00044232606887817383	0.5284430980682373	0.4037664234638214	0.3220018148422241	0.1810588240623474	0.5280007719993591
454	bug	bug	performance	0.10471026599407196	0.27394163608551025	0.06607590615749359	0.019583243876695633	0.06934575736522675	0.1692313700914383
456	review	bug	performance	0.0005652308464050293	0.4850333034992218	0.4516332149505615	0.32557812333106995	0.07082078605890274	0.4844680726528168
460	review	bug	performance	0.01041346788406372	0.3244309425354004	0.29756006598472595	0.1993555873632431	0.06771592795848846	0.31401747465133667
463	bug	bug	performance	0.1138419657945633	0.2624954581260681	0.14198869466781616	0.07945117354393005	0.12495137006044388	0.14865349233150482
465	feature	feature	bug	0.08288431167602539	0.3830099105834961	0.4658942222595215	0.2181285321712494	0.11961229890584946	0.3302770256996155
468	bug	bug	performance	0.07117190957069397	0.5004873871803284	0.3697291612625122	0.3590579330921173	-0.037950482219457626	0.4293154776096344
469	feature	feature	performance	0.046616874635219574	0.09644793719053268	0.14866343140602112	0.03590390458703041	-0.01762363687157631	0.10204655677080154
486	feature	feature	performance	0.10427609086036682	0.39391273260116577	0.5907687544822693	0.37739789485931396	-0.007373624015599489	0.48649266362190247
487	review	documentation	feature	0.015190169215202332	0.05830856040120125	0.12465603649616241	0.029357079416513443	0.13984620571136475	0.019164234399795532
521	bug	bug	performance	0.054406166076660156	0.4422016143798828	0.29576078057289124	0.2005133330821991	0.16215024888515472	0.38779544830322266
525	review	bug	performance	0.009992480278015137	0.30969592928886414	0.23006559908390045	0.13548967242240906	0.07797225564718246	0.299703449010849
527	bug	bug	performance	0.0910535454750061	0.6060614585876465	0.4235065281391144	0.3609831929206848	0.14075681567192078	0.5150079131126404
529	feature	feature	bug	0.15756675601005554	0.2912721037864685	0.44883885979652405	0.19427810609340668	0.18470054864883423	0.2685399055480957
530	feature	feature	performance	0.07058852910995483	0.2815457880496979	0.37829193472862244	0.21832868456840515	0.07394593209028244	0.3077034056186676
533	feature	feature	documentation	0.04292193055152893	0.021139971911907196	0.08534172177314758	0.040222931653261185	0.04241979122161865	0.042385533452034
534	bug	bug	performance	0.10649007558822632	0.43973508477211	0.33273598551750183	0.2034713178873062	0.18425242602825165	0.33324500918388367
535	feature	feature	performance	0.08452191948890686	0.25987133383750916	0.3662583529949188	0.1799781620502472	0.04618777334690094	0.28173643350601196
536	feature	feature	bug	0.0423731803894043	0.43388333916664124	0.47625651955604553	0.2679376006126404	0.1406913846731186	0.36707720160484314
537	feature	feature	bug	0.11981040239334106	0.3490152060985565	0.4688256084918976	0.2597050070762634	0.2678780257701874	0.30555251240730286
538	feature	feature	documentation	0.12395644467324018	-0.04675253480672836	0.13126224279403687	-0.0350944884121418	0.0073057981207966805	-0.043350111693143845
540	feature	feature	performance	0.12243564799427986	0.046221405267715454	0.1811339408159256	0.02599787712097168	-0.011655737645924091	0.05869829282164574
541	feature	feature	bug	0.08274543285369873	0.20055729150772095	0.2833027243614197	0.11611021310091019	0.1557498723268509	0.13940277695655823
547	review	bug	performance	0.006485804915428162	0.2394738793373108	0.17414669692516327	0.06558597832918167	0.1094735711812973	0.23298807442188263
559	review	feature	bug	0.013128265738487244	0.0850537046790123	0.09818197041749954	-0.004086812026798725	0.07795017957687378	0.05125756934285164
560	bug	bug	performance	0.07962289452552795	0.49478527903556824	0.28892746567726135	0.20950771868228912	0.15604183077812195	0.4151623845100403
566	feature	feature	performance	0.07643786072731018	0.3106686770915985	0.4634140431880951	0.17168603837490082	0.031649839133024216	0.3869761824607849
568	feature	feature	documentation	0.07090933620929718	0.03789088502526283	0.2213471680879593	0.10924603790044785	0.1504378318786621	0.10718034952878952
569	feature	feature	performance	0.03374400734901428	0.25853994488716125	0.4361560344696045	0.3091326951980591	-0.07005582749843597	0.4024120271205902
580	review	documentation	bug	0.006573334336280823	0.18044666945934296	0.06974715739488602	0.06905635446310043	0.18702000379562378	0.08070328086614609
581	bug	bug	feature	0.03191971406340599	0.08034314960241318	0.04842343553900719	-0.08417809009552002	0.03356557339429855	0.014996957033872604
582	feature	feature	bug	0.12288771569728851	0.17419545352458954	0.29708316922187805	0.09631723165512085	0.02387205697596073	0.15512706339359283
583	feature	feature	bug	0.0972825288772583	0.2786264419555664	0.3759089708328247	0.18974444270133972	0.050573673099279404	0.2530818283557892
588	bug	bug	feature	0.025048404932022095	0.4040769040584564	0.3790284991264343	0.20706027746200562	0.18495726585388184	0.36555203795433044
590	feature	feature	bug	0.057870492339134216	0.17621590197086334	0.23408639430999756	0.0935458391904831	0.10189925134181976	0.12154325097799301
595	review	performance	bug	0.0006636083126068115	0.4002884328365326	0.28791287541389465	0.23334825038909912	0.10445494949817657	0.4009520411491394
597	bug	bug	feature	0.044475942850112915	0.41521891951560974	0.3707429766654968	0.2729547917842865	0.05561206489801407	0.3563356399536133
598	bug	bug	performance	0.09072491526603699	0.4528721868991852	0.2859751284122467	0.19346342980861664	0.059360355138778687	0.3621472716331482
629	feature	feature	performance	0.13803474232554436	0.019521407783031464	0.19982783496379852	0.03132885321974754	-0.06467639654874802	0.061793092638254166
633	feature	feature	bug	0.0885012298822403	0.1817110925912857	0.270212322473526	0.08246338367462158	0.08450682461261749	0.13367414474487305
634	feature	feature	bug	0.06575073301792145	0.15431146323680878	0.22006219625473022	0.07437238842248917	-0.030943837016820908	0.08161883801221848
636	performance	performance	bug	0.08475428819656372	0.2699204385280609	0.25881198048591614	0.11540443450212479	0.03509145975112915	0.35467472672462463
640	feature	feature	documentation	0.2046659290790558	0.22092938423156738	0.5251082181930542	0.2567594349384308	0.3204422891139984	0.22313952445983887
644	review	performance	feature	0.007489264011383057	0.38764500617980957	0.4343388080596924	0.32804837822914124	-0.09479272365570068	0.44182807207107544
645	bug	bug	performance	0.0351099967956543	0.3044663369655609	0.15208600461483002	0.08658312261104584	0.243604376912117	0.2693563401699066
648	review	bug	performance	0.004559814929962158	0.4211804270744324	0.40682247281074524	0.2234000712633133	0.3321821391582489	0.4166206121444702
650	bug	bug	performance	0.035827189683914185	0.47913050651550293	0.4117026627063751	0.28571054339408875	0.26202940940856934	0.44330331683158875
653	bug	bug	feature	0.10798823833465576	0.46691831946372986	0.3589300811290741	0.21681664884090424	0.155528724193573	0.3273509740829468
656	bug	bug	performance	0.09164252877235413	0.40870562195777893	0.16997157037258148	0.06693527102470398	0.14561744034290314	0.3170630931854248
658	bug	bug	feature	0.031349241733551025	0.42132893204689026	0.38997969031333923	0.282210111618042	-0.021926913410425186	0.36900967359542847
659	review	bug	performance	0.011880636215209961	0.3475915491580963	0.24441944062709808	0.15343114733695984	0.16314134001731873	0.33571091294288635
662	feature	feature	performance	0.0832623839378357	0.029402531683444977	0.17308096587657928	-0.02399478852748871	0.027491921558976173	0.08981858193874359
671	feature	feature	performance	0.09395965933799744	0.3017510175704956	0.44431746006011963	0.2016158401966095	0.07250209897756577	0.3503578007221222
673	feature	feature	performance	0.20496144890785217	0.3060861825942993	0.5213633179664612	0.3135245740413666	0.1160087063908577	0.316401869058609
674	review	feature	performance	0.009707808494567871	0.3673398196697235	0.4392864406108856	0.4063400328159332	0.15450669825077057	0.42957863211631775
679	bug	bug	performance	0.04604822397232056	0.4149400293827057	0.25631585717201233	0.18489429354667664	-0.014428840018808842	0.36889180541038513
681	bug	bug	performance	0.08583003282546997	0.5405765771865845	0.3312571048736572	0.2429775595664978	0.1049439013004303	0.4547465443611145
683	feature	feature	performance	0.09131115674972534	0.27473336458206177	0.3783031702041626	0.23460835218429565	0.00017331224808003753	0.28699201345443726
684	bug	bug	performance	0.09138554334640503	0.5740002989768982	0.3059634268283844	0.2615988850593567	0.22496430575847626	0.48261475563049316
690	bug	bug	performance	0.06762552261352539	0.4711388945579529	0.3395724594593048	0.310355007648468	0.07779347151517868	0.4035133719444275
692	feature	feature	performance	0.05161517858505249	0.38598933815956116	0.5725162625312805	0.3749438524246216	-0.06585032492876053	0.520901083946228
693	review	performance	bug	0.016410648822784424	0.5217428803443909	0.41659313440322876	0.34754472970962524	0.08949462324380875	0.5381535291671753
696	feature	feature	bug	0.11106309294700623	0.10844378173351288	0.2195068746805191	0.05707539990544319	0.06999828666448593	0.09552176296710968
700	documentation	documentation	bug	0.03783401846885681	0.17698447406291962	0.03893048316240311	-0.021068118512630463	0.21481849253177643	0.1431356519460678
703	bug	bug	feature	0.04315340518951416	0.4020802080631256	0.35892680287361145	0.28940263390541077	0.18563376367092133	0.34207046031951904
719	review	bug	performance	0.011595398187637329	0.28482118248939514	0.19045887887477875	0.04521794989705086	0.13238394260406494	0.2732257843017578
724	performance	performance	bug	0.06317645311355591	0.45113128423690796	0.41736310720443726	0.2797558009624481	0.16575318574905396	0.5143077373504639
730	bug	bug	performance	0.07059398293495178	0.4162440896034241	0.32239991426467896	0.25315919518470764	0.1400642693042755	0.3456501066684723
731	feature	feature	question	0.2517838627099991	0.13164004683494568	0.44173192977905273	0.18994806706905365	0.13617205619812012	0.14860154688358307
732	bug	bug	feature	0.03378459811210632	0.419730544090271	0.3859459459781647	0.2575075328350067	0.18741978704929352	0.3854696452617645
734	performance	performance	bug	0.047636836767196655	0.3903543949127197	0.36191248893737793	0.25566574931144714	0.1494697779417038	0.4379912316799164
740	bug	bug	performance	0.0921296775341034	0.5202887654304504	0.3455134928226471	0.26200491189956665	0.24166718125343323	0.42815908789634705
742	bug	bug	performance	0.061635762453079224	0.49865594506263733	0.3883950114250183	0.2936292290687561	0.11051327735185623	0.4370201826095581
743	bug	bug	feature	0.1259193867444992	0.36801546812057495	0.24209608137607574	0.18942634761333466	0.18923112750053406	0.23342344164848328
745	bug	bug	performance	0.07522881031036377	0.6039546132087708	0.33769717812538147	0.31128421425819397	0.1681094914674759	0.528725802898407
746	bug	bug	performance	0.08058033883571625	0.26457110047340393	0.09558238089084625	0.07082607597112656	0.1483052372932434	0.18399076163768768
747	review	bug	performance	0.009463071823120117	0.41858598589897156	0.2436629980802536	0.16879905760288239	0.17003317177295685	0.40912291407585144
750	review	performance	feature	0.0054960548877716064	0.15153954923152924	0.16035307943820953	0.07327087968587875	0.033307939767837524	0.16584913432598114
751	bug	bug	performance	0.02971133589744568	0.37317922711372375	0.29743069410324097	0.2206449806690216	-0.0011933252681046724	0.3434678912162781
752	bug	bug	performance	0.050695061683654785	0.4183480441570282	0.2358904480934143	0.16966718435287476	0.16688445210456848	0.3676529824733734
753	feature	feature	performance	0.04290691018104553	0.3052752614021301	0.4542492926120758	0.2920060455799103	0.017388125881552696	0.4113423824310303
754	feature	feature	bug	0.12632989883422852	0.46698498725891113	0.5933148860931396	0.3754289448261261	0.23527014255523682	0.46135205030441284
755	bug	bug	performance	0.028746068477630615	0.4202019274234772	0.3446456789970398	0.24249908328056335	0.14226070046424866	0.39145585894584656
757	feature	feature	question	0.2023080289363861	0.3397877514362335	0.5431316494941711	0.34082362055778503	0.14192745089530945	0.31240957975387573
768	review	performance	feature	0.004139244556427002	0.3310233950614929	0.3551434874534607	0.21911130845546722	0.29858288168907166	0.3592827320098877
771	feature	feature	performance	0.14017027616500854	0.30480560660362244	0.4804374873638153	0.22004039585590363	0.1007961854338646	0.34026721119880676
775	performance	performance	bug	0.04837876558303833	0.3803551197052002	0.37553203105926514	0.2133898138999939	0.16591796278953552	0.4287338852882385
782	bug	bug	performance	0.021154046058654785	0.4094257354736328	0.3559075593948364	0.20292261242866516	0.13476230204105377	0.388271689414978
783	feature	feature	bug	0.09448526799678802	0.22828154265880585	0.32276681065559387	0.18831484019756317	0.17233344912528992	0.22381892800331116
800	feature	feature	performance	0.0504000186920166	0.11848244071006775	0.18780449032783508	0.07811102271080017	0.0380527637898922	0.13740447163581848
801	bug	bug	performance	0.03471384942531586	0.21690087020397186	0.1598356068134308	0.010262828320264816	0.11553174257278442	0.182187020778656
802	feature	feature	bug	0.028985202312469482	0.2517946660518646	0.2807798683643341	0.13560543954372406	-0.03230477124452591	0.23896034061908722
810	bug	bug	performance	0.04147347807884216	0.4393233060836792	0.3876648247241974	0.26801902055740356	0.1505967378616333	0.39784982800483704
811	bug	bug	feature	0.026468932628631592	0.448596715927124	0.42212778329849243	0.25769075751304626	0.08667472749948502	0.40399613976478577
821	feature	feature	bug	0.12007361650466919	0.250683069229126	0.37075668573379517	0.1848330944776535	0.0628591850399971	0.2393893301486969
822	feature	feature	performance	0.17634403705596924	0.2728051543235779	0.48823630809783936	0.22819864749908447	0.029868891462683678	0.3118922710418701
825	bug	bug	performance	0.06135571002960205	0.4130328893661499	0.3232034742832184	0.24604354798793793	0.1806212067604065	0.35167717933654785
829	bug	bug	feature	0.04571196436882019	0.2606380879878998	0.2149261236190796	0.12171155959367752	0.18888643383979797	0.13423149287700653
830	bug	bug	feature	0.08824406564235687	0.32937106490135193	0.24112699925899506	0.14956265687942505	0.029943550005555153	0.2076594978570938
835	bug	bug	performance	0.045284003019332886	0.44357725977897644	0.33415716886520386	0.2254043072462082	0.07206888496875763	0.39829325675964355
838	bug	bug	performance	0.11165046691894531	0.2869367003440857	0.1298917680978775	0.07735461741685867	0.1212659552693367	0.17528623342514038
844	feature	feature	performance	0.07614132761955261	0.22673998773097992	0.32684585452079773	0.13671019673347473	0.04846026003360748	0.2507045269012451
858	bug	bug	performance	0.03401954472064972	0.24964578449726105	0.13033418357372284	0.06380514055490494	0.007791583426296711	0.21562623977661133
891	review	performance	bug	0.01116839051246643	0.4959028661251068	0.4131011962890625	0.319506973028183	0.07901530712842941	0.5070712566375732
892	review	performance	bug	0.011284172534942627	0.2697732746601105	0.2368013560771942	0.17227521538734436	0.06312239170074463	0.2810574471950531
893	feature	feature	performance	0.03631591796875	0.2337406575679779	0.27579265832901	0.14206276834011078	0.002027430571615696	0.23947674036026
897	review	bug	performance	0.0021215081214904785	0.27479737997055054	0.21853505074977875	0.15507467091083527	0.06079906225204468	0.27267587184906006
900	feature	feature	performance	0.041938066482543945	0.2477346807718277	0.42083242535591125	0.21464811265468597	-0.023451248183846474	0.3788943588733673
901	performance	performance	feature	0.023765891790390015	0.3475199043750763	0.3712286949157715	0.24182923138141632	-0.06893400847911835	0.3949945867061615
905	review	performance	bug	0.005789637565612793	0.4065883457660675	0.38998153805732727	0.24749423563480377	0.13373823463916779	0.4123779833316803
909	performance	performance	bug	0.026079624891281128	0.30147257447242737	0.22044649720191956	0.15121552348136902	0.05597296357154846	0.3275521993637085
910	feature	feature	bug	0.11376118659973145	0.15060266852378845	0.2643638551235199	0.06282030045986176	0.04549265280365944	0.14288116991519928
911	review	feature	performance	0.013813972473144531	0.288755863904953	0.3698159456253052	0.24986937642097473	-0.03382733836770058	0.35600197315216064
912	review	performance	bug	0.01706993579864502	0.302848219871521	0.2445325255393982	0.14948178827762604	-0.011895223520696163	0.319918155670166
913	feature	feature	performance	0.06963600218296051	0.21496348083019257	0.29154056310653687	0.1501673310995102	-0.021739911288022995	0.22190456092357635
924	feature	feature	bug	0.03482711315155029	0.32856589555740356	0.36339300870895386	0.23484063148498535	0.1633600890636444	0.2987048923969269
930	feature	feature	performance	0.02383558452129364	0.05977447330951691	0.1809506118297577	-0.02151324786245823	0.08329431712627411	0.15711502730846405
952	bug	bug	performance	0.04264348745346069	0.3162328004837036	0.25981783866882324	0.13718268275260925	0.11276508867740631	0.2735893130302429
956	bug	bug	performance	0.03951022028923035	0.5045642256736755	0.3842187225818634	0.33573201298713684	0.15419641137123108	0.4650540053844452
958	bug	bug	performance	0.026930183172225952	0.33338648080825806	0.26632437109947205	0.19363540410995483	0.2857227921485901	0.3064562976360321
960	review	bug	performance	0.01531362533569336	0.5083826184272766	0.35692381858825684	0.26990729570388794	0.001946294098161161	0.49306899309158325
961	feature	feature	performance	0.08194273337721825	-0.04654239863157272	0.06599202752113342	-0.06364956498146057	-0.017597375437617302	-0.015950705856084824
962	review	performance	bug	0.002871975302696228	0.24435997009277344	0.2418833076953888	0.05601545050740242	0.18032054603099823	0.24723194539546967
964	feature	feature	performance	0.027769863605499268	0.47356387972831726	0.5145246386528015	0.4105015695095062	0.07233421504497528	0.48675477504730225
975	feature	feature	bug	0.16856718063354492	0.2741105556488037	0.44267773628234863	0.23365004360675812	0.0002528952027205378	0.2644463777542114
976	bug	bug	performance	0.02599167823791504	0.422688752412796	0.2830721437931061	0.24951209127902985	0.043285079300403595	0.396697074174881
978	review	bug	performance	0.014652669429779053	0.3502574563026428	0.28961142897605896	0.27907076478004456	0.18915274739265442	0.33560478687286377
984	review	bug	performance	0.004368141293525696	0.15842688083648682	0.12604981660842896	0.07898552715778351	0.050141237676143646	0.15405873954296112
986	review	performance	bug	0.019837111234664917	0.25709268450737	0.245618537068367	0.12127835303544998	0.0783044844865799	0.2769297957420349
987	bug	bug	performance	0.0238226056098938	0.3109523355960846	0.2082071155309677	0.1550353765487671	0.061945587396621704	0.2871297299861908
990	feature	feature	question	0.12027618288993835	0.3312981128692627	0.471516877412796	0.35124069452285767	0.09728190302848816	0.308197021484375
993	feature	feature	documentation	0.04260630160570145	-0.03453473746776581	0.10895948112010956	-0.028668899089097977	0.06635317951440811	-0.06374356895685196
1011	feature	feature	performance	0.035471171140670776	0.37928488850593567	0.4692981541156769	0.28665491938591003	0.11811499297618866	0.4338269829750061
1016	bug	bug	performance	0.030157387256622314	0.33532240986824036	0.20189641416072845	0.09308400005102158	0.07070773094892502	0.30516502261161804
1021	bug	bug	performance	0.0902860164642334	0.46852537989616394	0.34056878089904785	0.29402267932891846	0.1108921468257904	0.37823936343193054
1030	bug	bug	performance	0.05414503812789917	0.5610829591751099	0.2654830813407898	0.18380914628505707	0.17595219612121582	0.5069379210472107
1039	bug	bug	performance	0.07027935981750488	0.42656922340393066	0.17860223352909088	0.10053477436304092	0.1267831176519394	0.3562898635864258
1040	review	bug	performance	0.013427019119262695	0.4859018921852112	0.301139771938324	0.19257861375808716	0.1323668658733368	0.4724748730659485
1047	review	bug	performance	0.012303322553634644	0.3109199106693268	0.2230689525604248	0.12374670058488846	0.2008776068687439	0.29861658811569214
1051	performance	performance	feature	0.09565186500549316	0.5292360782623291	0.5493201613426208	0.3740912675857544	0.11054446548223495	0.644972026348114
