0	0001_the_first_release.md	0.4818545877933502
0	0129_candle_workflow.md	0.42273592948913574
0	0070_costs_and_regression_evidence.md	0.41114458441734314
0	0123_schema_display_and_cast_evidence.md	0.4019533693790436
0	0063_a_session_can_request_its_next_executable.md	0.39582690596580505
1	0130_polars_test_limit_isolation.md	0.5223936438560486
1	0130_polars_test_limit_isolation_evidence.md	0.520822286605835
1	0025_the_same_contracts_on_windows_evidence.md	0.5052539110183716
1	0056_a_server_entry_without_ownership_by_accident_host_evidence.md	0.4713742733001709
1	0117_polars_trait_arguments_evidence.md	0.4675295054912567
2	0126_eager_group_by.md	0.6155060529708862
2	0126_eager_group_by_evidence.md	0.5830556154251099
2	0089_polars_integer_generic_arg_extrema.md	0.49188363552093506
2	0088_polars_owned_cow_chunked_returns.md	0.49176040291786194
2	0069_costs_and_regression_evidence.md	0.487170934677124
3	0082_polars_borrowed_slice_bindings_evidence.md	0.4709029495716095
3	0129_candle_workflow_evidence.md	0.4251244366168976
3	0118_polars_in_memory_io_evidence.md	0.4044288396835327
3	0093_polars_checked_integer_readback_evidence.md	0.38822484016418457
3	0100_polars_scalar_chunk_snapshots_evidence.md	0.38113105297088623
4	0068_interactive_frames_show_a_bounded_preview.md	0.4938517212867737
4	0124_preview_dtypes_and_columns.md	0.4406309425830841
4	0058_a_small_dataframe_pipeline_through_the_same_engine_preview_evidence.md	0.4095815122127533
4	0068_presentation_seam_evidence.md	0.40472903847694397
4	0068_costs_and_regression_evidence.md	0.39290860295295715
