arg	arg_guard	taken	8
arg	bitmap_input	taken	186
arg	hash_token	taken	8
check	array_snapshot	pass	28
check	chunk_snapshot	pass	28
check	indexed_chunk	pass	28
check	iter_snapshot	pass	28
check	layout	preflight	28
check	null_aware	preflight	20
check	owned_iter	preflight	28
check	sized_self	preflight	96
check	view_snapshot	pass	28
claim	from_iter	claimed	736
claim	generic_impl_refusal	claimed	2576
claim	index	claimed	128
claim	instantiation_route	claimed	4096
claim	iterator_return_route	claimed	164
claim	operator	claimed	1688
claim	out_of_scope	claimed	11888
claim	unary	claimed	56
free	arg_guard	active	8
listed	bitmap_input	active	186
listed	bitmap_return	active	144
listed	bounded_readback	active	30
listed	cow_return	active	36
listed	hash_token	active	40
listed	iterator_return	active	72
oracle	array_snapshot	active	28
oracle	array_snapshot	taken	28
oracle	chunk_snapshot	active	28
oracle	chunk_snapshot	taken	28
oracle	hash_token	active	12
oracle	hash_token	taken	12
oracle	indexed_chunk	active	28
oracle	indexed_chunk	taken	28
oracle	iter_snapshot	active	28
oracle	iter_snapshot	taken	28
oracle	layout	active	56
oracle	layout	taken	28
oracle	owned_iter	active	28
oracle	owned_iter	taken	28
oracle	view_snapshot	active	28
oracle	view_snapshot	taken	28
pair	array_snapshot	active	28
pair	array_snapshot	refused	4
pair	chunk_snapshot	active	28
pair	chunk_snapshot	refused	4
pair	indexed_chunk	active	28
pair	indexed_chunk	refused	4
pair	iter_snapshot	active	28
pair	iter_snapshot	refused	4
pair	layout	active	28
pair	layout	refused	4
pair	null_aware	active	20
pair	owned_iter	active	28
pair	owned_iter	refused	4
pair	scalar_generic	active	60
pair	sized_self	active	96
pair	view_snapshot	active	28
pair	view_snapshot	refused	4
ret	array_snapshot	taken	28
ret	bitmap_return	taken	144
ret	bounded_readback	taken	16
ret	chunk_snapshot	taken	28
ret	cow_return	taken	36
ret	hash_token	taken	12
ret	indexed_chunk	taken	28
ret	iter_snapshot	taken	28
ret	iterator_return	taken	72
ret	layout	taken	28
ret	null_aware	taken	20
ret	owned_iter	taken	28
ret	view_snapshot	taken	28
scope	arg_guard	entered	8
scope	array_snapshot	entered	56
scope	bitmap_input	entered	186
scope	bitmap_return	entered	144
scope	bounded_readback	entered	30
scope	chunk_snapshot	entered	56
scope	cow_return	entered	36
scope	hash_token	entered	52
scope	indexed_chunk	entered	56
scope	iter_snapshot	entered	56
scope	iterator_return	entered	72
scope	layout	entered	84
scope	null_aware	entered	20
scope	owned_iter	entered	56
scope	scalar_generic	entered	60
scope	sized_self	entered	96
scope	view_snapshot	entered	56
script	layout	taken	28
