ticket	triage	best	second	best_score	bug	feature	question	documentation	performance
2	review	question	documentation	0.005447903367397713	0.0016541036607517644	0.0015701771946862138	0.005447903367397713	0.0020663498241805275	0.0013521346021226034
5	review	question	feature	0.00334307729927202	0.00024903872132456213	0.0010099183039925374	0.00334307729927202	0.00027559307334366505	0.0002404233225655451
6	review	question	documentation	0.029581753543721685	0.01754969177554008	0.013250210258725727	0.029581753543721685	0.02946103964198305	0.008854768213013266
7	review	question	performance	0.00871351207502161	0.0030132398799529673	0.0032237892998442435	0.00871351207502161	0.0032894523202719565	0.0034685085537490535
8	review	question	documentation	0.017520844754940666	0.002104041691859906	0.004019644459482456	0.017520844754940666	0.005639892427262672	0.0007898261427125474
9	review	question	documentation	0.018882984075900694	0.0022695131466918136	0.0032961671183569284	0.018882984075900694	0.006924271247189288	0.00138140055365463
10	review	documentation	bug	0.12352389757583765	0.04029766558947356	0.004095151027765027	0.013343485700509096	0.12352389757583765	0.006410294850075368
13	review	feature	question	0.1326083260628391	0.02731949178564124	0.1326083260628391	0.06139113310681728	0.009939941740154475	0.003517838025951532
15	review	question	documentation	0.014503158758930506	0.006438080979788692	0.0024519164116108016	0.014503158758930506	0.006692138180501314	0.0031873566079770595
19	review	feature	question	0.10425315668341013	0.007604739262314776	0.10425315668341013	0.052872942282641625	0.03458291208841277	0.002662965267485373
21	question	question	bug	0.7171794339108658	0.38327105367005715	0.010872637424050577	0.7171794339108658	0.06214546573988679	0.007629183441213596
23	review	feature	documentation	0.19832483241015827	0.010445450436714219	0.19832483241015827	0.04288185146935023	0.044074273231736585	0.008126103564519505
25	review	question	bug	0.20274574444783847	0.1115371157794009	0.013019448676169052	0.20274574444783847	0.04422171323901965	0.020564827000143088
26	review	feature	question	0.013648517865898513	0.001189913081256771	0.013648517865898513	0.013263966428183156	0.001999289529794468	0.0010002758054866853
27	review	question	feature	0.01057230371703615	0.003399290285683086	0.00762148539144981	0.01057230371703615	0.0038072335181756492	0.003725540756239314
33	review	question	feature	0.06025910799871426	0.025496333291701034	0.04527217889757755	0.06025910799871426	0.03418745119128827	0.019038670471569954
37	review	documentation	bug	0.13115803671324408	0.057621645104431136	0.003121243277001481	0.03965065394125119	0.13115803671324408	0.013832508003024057
38	review	documentation	bug	0.14743634410910939	0.08358633325278904	0.014270594392644175	0.041202468289432255	0.14743634410910939	0.02634852113058881
39	review	question	documentation	0.02281218869650096	0.006500117959195088	0.006716875413213492	0.02281218869650096	0.01625465466663538	0.0034062953399741926
42	review	documentation	question	0.031166569444392285	0.008475088285382317	0.01501915995566429	0.02888512469462756	0.031166569444392285	0.008872865476775151
43	review	question	bug	0.016412804506678313	0.003840555616560924	0.003178838150024126	0.016412804506678313	0.0006258514327554596	0.0013199381492589343
44	question	question	feature	0.8052718701572443	0.005614476991125351	0.04538072718449179	0.8052718701572443	0.004436141352481596	0.0023157120613207624
45	review	question	bug	0.03015318211292264	0.004270232132943615	0.0014271180257509019	0.03015318211292264	0.0012486645848846032	0.000600302825543838
46	review	question	documentation	0.0095952731323765	0.001410398041191865	0.001052300311853803	0.0095952731323765	0.006688980735806739	0.00044430447867661497
58	review	documentation	question	0.04459054729564878	0.01791923826115763	0.004956906140356273	0.038339395918912014	0.04459054729564878	0.008183103708394568
70	review	question	documentation	0.04910343319131293	0.012747714498765805	0.012343559773163973	0.04910343319131293	0.020434775645159928	0.002022010038357549
73	review	documentation	question	0.21333424216633973	0.022279110428886684	0.01815777306754075	0.03235774627945991	0.21333424216633973	0.004230761550398566
79	review	question	feature	0.22855031161058562	0.024821688292817584	0.22009784936041638	0.22855031161058562	0.0425773949356342	0.002744542692195757
91	review	question	feature	0.05574745106558845	0.00970298354292771	0.02195085432500209	0.05574745106558845	0.010888326627324012	0.01157560169730199
96	review	question	feature	0.04134350378683919	0.004250003453471712	0.03593773755316272	0.04134350378683919	0.013457785619956163	0.0021953467607858895
150	review	question	documentation	0.02004705053123003	0.0033205757773029955	0.00559838184006901	0.02004705053123003	0.010728239885885301	0.0018014848974882073
154	review	documentation	question	0.01977100729021562	0.004012379721984628	0.005327842474325525	0.016243478229661785	0.01977100729021562	0.004390938753620999
158	review	documentation	feature	0.0849977231883691	0.011596119751387739	0.03736987725900157	0.03444210838731686	0.0849977231883691	0.017865820938697135
160	review	question	documentation	0.003010921652135271	0.0008020026227317874	0.00109388382919348	0.003010921652135271	0.0011093711888751257	0.0005596583806646766
162	review	question	documentation	0.08848330402182121	0.006531634029480851	0.008951222146681651	0.08848330402182121	0.015984020002573696	0.00600304723005191
165	review	question	feature	0.4461026115997019	0.006610461318350085	0.014335560339385055	0.4461026115997019	0.0009007447195356612	0.0010251334028725588
166	review	question	documentation	0.033396047422411014	0.005573649587858809	0.0035284382852030214	0.033396047422411014	0.022851583141655803	0.003793185917676369
179	review	documentation	bug	0.056933140477900206	0.011672583596712596	0.006907788343678036	0.004863626321486166	0.056933140477900206	0.010408745163095588
182	review	question	documentation	0.039721484864465695	0.009940752392834498	0.010172123768242803	0.039721484864465695	0.033277729726071466	0.010185914715091515
200	review	documentation	bug	0.23437817145997147	0.1516848067964794	0.04134160565160378	0.05526527589204319	0.23437817145997147	0.01677032875841122
207	review	documentation	question	0.03214351777823682	0.008546086543651247	0.009707826025968461	0.02176615922707942	0.03214351777823682	0.0037478622760775382
212	review	feature	bug	0.04485999832610774	0.044157750174029925	0.04485999832610774	0.04397248167673626	0.03888415029876764	0.042796273692549035
224	review	question	feature	0.2467618304645976	0.0036805120668978062	0.0708972664560008	0.2467618304645976	0.01766118164355545	0.001596279098075309
225	review	question	documentation	0.08345372586025375	0.007709932562098703	0.012708801570509206	0.08345372586025375	0.06349866200123445	0.00489390576723219
226	review	question	feature	0.004323057807322017	0.001026130209446035	0.0018276754735184221	0.004323057807322017	0.0014837183619178726	0.0005989290624108575
236	review	documentation	question	0.05923995074601288	0.006333848671103454	0.005128740130958098	0.015016622238147957	0.05923995074601288	0.0021596432808826224
237	review	feature	question	0.10992570662540356	0.02886170175434543	0.10992570662540356	0.04839985005416263	0.03787008018363719	0.03279759022629011
238	review	bug	documentation	0.21841519247078275	0.21841519247078275	0.01894915214432945	0.062161085708052816	0.12164313070437852	0.023246473561929524
244	review	question	feature	0.016920707993935368	0.0026704568696078357	0.009002254535570532	0.016920707993935368	0.004739367591568824	0.0010238088445429778
251	review	question	feature	0.0050393683105776485	0.0006869854186620756	0.002617531261766686	0.0050393683105776485	0.0007436642476181819	0.0005969375499666651
252	review	question	documentation	0.008455133450554096	0.004309356758381538	0.0021114750785173005	0.008455133450554096	0.0056464386847318955	0.0015892046531774376
256	review	documentation	bug	0.17431043921265027	0.1502202323207399	0.0844791589189828	0.0819982892443441	0.17431043921265027	0.11973309217185245
257	review	question	documentation	0.26475836402625486	0.0025029037856481055	0.021964447215182543	0.26475836402625486	0.06738762694559072	0.0015349812972535307
261	review	question	feature	0.017738421118221506	0.002421271875053063	0.004590643864429195	0.017738421118221506	0.004277358020689316	0.0010324221513138476
262	review	question	feature	0.03791097167384014	0.008965983053445906	0.01175601458245902	0.03791097167384014	0.0029979339629703752	0.003208577740729813
263	review	documentation	question	0.04663979329278192	0.034536867389601184	0.01948413529558152	0.04200451669064693	0.04663979329278192	0.024671330502396206
264	review	documentation	question	0.16445870826494222	0.022043627074705138	0.015135806855885708	0.08120812206502241	0.16445870826494222	0.011858379056122048
266	review	documentation	question	0.020500845845888745	0.003962755161419107	0.0043872296263682015	0.011954247555165715	0.020500845845888745	0.002052745022622403
270	review	question	documentation	0.046560320069928225	0.01936269134292446	0.0044186091401641646	0.046560320069928225	0.039800332989067995	0.00649811884865219
273	question	question	documentation	0.7990823275677128	0.17146487789731493	0.17681140525862377	0.7990823275677128	0.19658447865521195	0.13218023161856163
279	review	documentation	question	0.014060707428207427	0.0022150664875754626	0.0034229759839729734	0.005802579670526192	0.014060707428207427	0.0016534447964455267
283	review	question	feature	0.029161186296672414	0.0016594271617882761	0.003473134544983125	0.029161186296672414	0.0020431023472200767	0.0011178298960744758
284	review	question	documentation	0.02373842166159581	0.009452968340613089	0.0028136637507394785	0.02373842166159581	0.013670563376891015	0.004226092057835934
286	review	question	documentation	0.04865021772441806	0.0017778557187103049	0.01289734055797836	0.04865021772441806	0.015829076287976973	0.003015170820712319
288	review	question	documentation	0.02609657750053284	0.002290737349133378	0.0033012066361149377	0.02609657750053284	0.003906897079103275	0.0017967874592287971
289	review	documentation	question	0.0248231446193502	0.00568123585072841	0.007403890954055104	0.021855267345603266	0.0248231446193502	0.006235677937088035
290	review	question	documentation	0.14110247121163835	0.04616635799953388	0.021291969927808234	0.14110247121163835	0.08449190108620672	0.0073216120093438425
292	review	question	bug	0.15247636928513553	0.09402816806867478	0.031616650617557744	0.15247636928513553	0.06723744747405445	0.011143412908709089
293	review	question	feature	0.1520200528895435	0.011637007910941907	0.12043731102284089	0.1520200528895435	0.01831177093603629	0.0024567924449155234
294	review	question	documentation	0.08032397330850582	0.014503334749721798	0.01286325794395332	0.08032397330850582	0.029197262792529453	0.0024826263417950384
299	review	question	feature	0.031124977732876223	0.0008493400208815944	0.002250819064477355	0.031124977732876223	0.0016058629186097137	0.0002404886610232562
300	review	question	documentation	0.23582705397992787	0.005875500094552616	0.004041053974981752	0.23582705397992787	0.011106157849444452	0.0010620679673445056
302	review	question	documentation	0.024746689978554913	0.010870175146065725	0.008169673323482606	0.024746689978554913	0.021063428749463296	0.0025269324963449404
316	review	bug	documentation	0.022872928330629486	0.022872928330629486	0.0040314811779601336	0.013438875938126543	0.01851875683413328	0.004557373459171914
324	review	bug	documentation	0.2078437046031485	0.2078437046031485	0.005825776123850189	0.022753411244531868	0.0391974434505917	0.011386518268353308
325	review	bug	question	0.18957078657923113	0.18957078657923113	0.021977342620637597	0.054922255256815	0.03328808312000079	0.015435056906619957
326	review	documentation	question	0.15807989881873855	0.07082535991033471	0.032911610486800615	0.11448380652102798	0.15807989881873855	0.028684534548949217
344	review	question	feature	0.3761753599371963	0.0953598816615615	0.15180275021945241	0.3761753599371963	0.09621400396044429	0.07336177839412292
348	review	question	documentation	0.012901231138542673	0.003827156992801305	0.002972659956464455	0.012901231138542673	0.006097190282047362	0.003776093447498389
355	review	documentation	question	0.06350207597715442	0.0035981968080437666	0.0076295389124958505	0.047613511513425855	0.06350207597715442	0.001314897952081016
368	review	documentation	question	0.042433419973584637	0.012577648184625576	0.0016650217097872394	0.021640057703706323	0.042433419973584637	0.003520146752558737
372	review	bug	question	0.10849883361625343	0.10849883361625343	0.0036498004927981165	0.07280124701748002	0.07110963822477298	0.0026623200697857554
374	review	question	documentation	0.009497948231679576	0.003427142681091667	0.002850677988651668	0.009497948231679576	0.005308123491437386	0.004000921623783754
377	review	bug	question	0.41310426172253123	0.41310426172253123	0.0010196938745464913	0.0077064121771436445	0.006188008458084348	0.001964255811969446
378	review	documentation	question	0.4278555476161488	0.02536335994779507	0.02942813915160226	0.0375600727318635	0.4278555476161488	0.006254137339990718
381	review	question	documentation	0.10931181553608647	0.013838542609228833	0.016341842246632796	0.10931181553608647	0.10591393238576417	0.002538098415249044
386	review	question	bug	0.07807724780855309	0.07129794161992413	0.05967090693927995	0.07807724780855309	0.06605473588576752	0.06988380093558864
387	review	question	documentation	0.008153835677980148	0.0012653223602913293	0.001197659398783351	0.008153835677980148	0.0016298821656233434	0.00045004694994696983
390	review	bug	question	0.006201058893499809	0.006201058893499809	0.0022276577150357035	0.004139392003629598	0.003244311031622251	0.0012109159763650976
399	review	documentation	question	0.08028589548110593	0.03205842632430009	0.011719041893081858	0.03740392012341769	0.08028589548110593	0.006687581937553005
400	review	documentation	bug	0.46759268695530853	0.14697626382844078	0.037285862110395786	0.08050714904514054	0.46759268695530853	0.04517677564769859
402	review	question	documentation	0.45134831420822785	0.03950325972727027	0.042829982438267196	0.45134831420822785	0.0442733555138527	0.03483241004484807
407	review	question	documentation	0.013741143399273726	0.0024249787570318555	0.0011557654680083966	0.013741143399273726	0.0036741276894857694	0.0011694669692056342
409	review	question	documentation	0.003260737028288456	0.0010740811314289083	0.0009835023206620213	0.003260737028288456	0.003008122296713475	0.0013844820085705074
413	review	documentation	question	0.030350178127143218	0.0030255602884257187	0.0036299339846593646	0.012814796704579226	0.030350178127143218	0.0014130326430843573
422	review	bug	question	0.0020251018866484184	0.0020251018866484184	0.001054786512740477	0.0017089275577724528	0.0016766510999549585	0.001131125248414529
424	bug	bug	documentation	0.684037183268749	0.684037183268749	0.16981513957475175	0.38560099814826	0.3983074971235397	0.1040958834183771
426	review	bug	documentation	0.4655496510535639	0.4655496510535639	0.10380013320830941	0.23059164877518046	0.4522296573365701	0.0632608906826834
428	review	documentation	question	0.05932505273300224	0.024697712324011644	0.008109533402153044	0.02533754588923344	0.05932505273300224	0.006053542248203506
429	review	feature	question	0.00851091902125164	0.003270599628191521	0.00851091902125164	0.0077899771812906275	0.007584891007214639	0.0012670864373055966
430	review	documentation	bug	0.058154064395580476	0.028116058256188785	0.010911492810041489	0.014039931341672512	0.058154064395580476	0.004145979771256221
433	review	question	documentation	0.01338551014972569	0.0012231924426483714	0.002223932024202117	0.01338551014972569	0.002739045354817353	0.001355156184614525
434	review	question	feature	0.0611004910158403	0.001890698602160667	0.009634604597958766	0.0611004910158403	0.005162989497060747	0.002014885265176562
435	review	question	bug	0.032860193708899046	0.021592408433044167	0.005228841555056455	0.032860193708899046	0.012676753972352593	0.0018485987710791629
436	review	bug	documentation	0.06881909344815813	0.06881909344815813	0.009076610410373819	0.026438620861403587	0.04638816633549298	0.00863327839318584
437	review	documentation	bug	0.08644395355271617	0.019211848252730385	0.0035027440455906644	0.012314218637740366	0.08644395355271617	0.0017820636337755932
438	review	documentation	question	0.14170355736678997	0.009798313719113902	0.02403181967592077	0.037738534701513345	0.14170355736678997	0.005941413892434488
443	review	documentation	question	0.08185962680705851	0.03775020207019349	0.012596646692008932	0.044915623561785335	0.08185962680705851	0.018988236575383892
444	question	question	feature	0.6917375619881485	0.004619015282736116	0.3689154537163218	0.6917375619881485	0.3036607980608782	0.006380036686071817
450	review	documentation	question	0.17939658540251474	0.001366492547496281	0.008471643444781529	0.04698877714719642	0.17939658540251474	0.0007042716894074648
451	review	question	feature	0.03898476113693372	0.005740743322408835	0.02635054317073493	0.03898476113693372	0.011006583224845198	0.003171263725375391
452	review	question	feature	0.04187529361569709	0.005785974709911867	0.02063237814826889	0.04187529361569709	0.00807079884321152	0.002353860081477199
453	review	documentation	bug	0.17638585233185158	0.07650878429354194	0.004016141426034072	0.03874243304390681	0.17638585233185158	0.00389847172248997
454	review	documentation	bug	0.02038756929780132	0.012765550038850394	0.0016939540562377437	0.011774535937928187	0.02038756929780132	0.0019949161327365455
456	review	question	documentation	0.002301697506751803	0.0013638433778985432	0.0009718249418255436	0.002301697506751803	0.0017197109097598746	0.0008907929327202772
460	review	question	documentation	0.008663593025677378	0.001119885428595892	0.0024508219699057826	0.008663593025677378	0.0034741022350340545	0.0006177403358502561
463	review	question	bug	0.01889889960227633	0.009182399916309793	0.004966162288960642	0.01889889960227633	0.004773505587690454	0.003490836994088149
465	review	documentation	question	0.0998323825345662	0.04234397732996042	0.020302330610009096	0.04800429321442518	0.0998323825345662	0.0059497230579063295
468	review	question	documentation	0.029235720075176275	0.009667219567652896	0.003701597494043458	0.029235720075176275	0.01691534109281861	0.0036420190037638645
469	review	documentation	bug	0.09140331009792887	0.03661896735892018	0.008169468300502396	0.024174759081341993	0.09140331009792887	0.004514508948844423
486	review	question	documentation	0.16362497199485965	0.004817367763720209	0.021644533249857274	0.16362497199485965	0.09712523678612156	0.0020016963490864397
487	review	documentation	question	0.006270939799096474	0.0027866635700037837	0.0019213746660853499	0.002963083347013122	0.006270939799096474	0.0012535535536548192
521	bug	bug	documentation	0.5112212320775111	0.5112212320775111	0.019227182899957354	0.0818451009226361	0.3021802139558581	0.12636558460085728
525	review	feature	documentation	0.1642234287051913	0.052792079387891835	0.1642234287051913	0.06328735979738552	0.06774294512743397	0.005215335090968798
527	review	documentation	question	0.25587398895096164	0.01936281306812482	0.006438756422527232	0.03155709796097434	0.25587398895096164	0.002545023537519874
529	review	question	documentation	0.04663247841121576	0.015988406908483622	0.02756445075804142	0.04663247841121576	0.03367280669483515	0.0035450550435185504
530	review	question	documentation	0.03540038155565361	0.00311078864164784	0.004875758195101679	0.03540038155565361	0.0077067465485001685	0.00089350477729049
533	review	question	feature	0.08406202462251934	0.007891924394437663	0.018521405158636307	0.08406202462251934	0.008930454386674044	0.002920700667412146
534	review	feature	documentation	0.24482276231381941	0.005931297393229789	0.24482276231381941	0.012913348297734745	0.023158797224167728	0.0014926307492343987
535	review	question	feature	0.039252641903054525	0.0033112715041374733	0.01878530929650399	0.039252641903054525	0.012692798349420206	0.0009089309804007564
536	review	bug	question	0.05476520569214289	0.05476520569214289	0.023328630251908074	0.05366444667841897	0.04145450096449405	0.011280674909101106
537	review	question	documentation	0.16899632260053962	0.008736322234299421	0.005122250827794008	0.16899632260053962	0.10244958465193152	0.0015103339722719279
538	review	question	feature	0.03574344427490847	0.0016039546921654024	0.012678762409889036	0.03574344427490847	0.0008354940162289166	0.0015159212821562644
540	feature	feature	question	0.6639999381200042	0.0037251020741876665	0.6639999381200042	0.2563391289366438	0.0024524366987115024	0.002142847030762873
541	review	feature	question	0.056014435852195066	0.006447016841470156	0.056014435852195066	0.049977845579490296	0.045448851359241885	0.0017168118264390983
547	review	question	documentation	0.03516721589888093	0.00315870471200045	0.003588217667979298	0.03516721589888093	0.0037418796719218463	0.0023902295744796273
559	review	question	documentation	0.18410704027282865	0.010672056677734408	0.02258514707644416	0.18410704027282865	0.024903166572363283	0.0023826007561764794
560	review	bug	documentation	0.4337690647156326	0.4337690647156326	0.014466386725674516	0.028851730173999814	0.30940334911981576	0.011863807292833721
566	question	question	documentation	0.5100365946941613	0.029485834703650075	0.009926107166237857	0.5100365946941613	0.32233108343560085	0.0093923266694766
568	review	question	feature	0.07734488096740373	0.006134628859183103	0.05860443770999295	0.07734488096740373	0.0029495250015434014	0.0011078265101359698
569	review	question	documentation	0.41761746675848377	0.0020022413726909997	0.005031666624947614	0.41761746675848377	0.044790526324940114	0.0029682641499752015
580	review	question	documentation	0.04825405517328579	0.028861446281135673	0.035500997213319764	0.04825405517328579	0.04315495509968162	0.0016647010026005868
581	review	question	documentation	0.06284539612896077	0.02661275519552398	0.054146865987756226	0.06284539612896077	0.06265803401241912	0.006809504052994182
582	review	question	feature	0.07875194328807371	0.0029624714726353843	0.0158296900304333	0.07875194328807371	0.013520932310525677	0.002424031752730691
583	review	documentation	question	0.12330911282524669	0.028286626272669847	0.029469881645673754	0.058022590289621936	0.12330911282524669	0.0025666814671270427
588	review	question	feature	0.17447805268768804	0.1152754557507386	0.13986034009975068	0.17447805268768804	0.13417642137682909	0.11650530352579984
590	review	question	documentation	0.006352765604729313	0.0014571320107152014	0.0027968140074234368	0.006352765604729313	0.004167359088965934	0.001157071597902215
595	review	documentation	question	0.2715615669321345	0.06611491425241317	0.012254439562153684	0.08396692060832733	0.2715615669321345	0.01327259691230676
597	review	documentation	bug	0.13270949520505387	0.12618974962908658	0.02362153954780511	0.11809195818364451	0.13270949520505387	0.004384169067907389
598	review	question	documentation	0.04073054249582664	0.005371935952231838	0.005925637492007259	0.04073054249582664	0.01137825016136187	0.0012023137815031267
629	review	question	documentation	0.08956816419424529	0.012513450034815264	0.01160456109394607	0.08956816419424529	0.04422658119573518	0.006447733949816436
633	review	question	feature	0.02184984445484815	0.0036539586468079762	0.006860679193157667	0.02184984445484815	0.005035726265805955	0.003113749391758312
634	review	question	feature	0.11525820903107116	0.010045968506620092	0.02424369681737668	0.11525820903107116	0.008203047012601584	0.003283789066560228
636	review	feature	question	0.09742864242099784	0.09058405202919642	0.09742864242099784	0.09624267308966276	0.08583031479632815	0.09043651428803849
640	review	question	feature	0.05389428109447317	0.001943784589808029	0.0047568813336950995	0.05389428109447317	0.0016340074388995847	0.0007042080651309266
644	review	question	feature	0.2138180795303431	0.003761771421752241	0.00754980922701878	0.2138180795303431	0.002081100810533547	0.0014676622151347555
645	review	bug	question	0.21358580002651223	0.21358580002651223	0.018900215609008945	0.07887049110043928	0.0403178182343822	0.015763409181348297
648	review	documentation	question	0.43668534057967273	0.03778988104854532	0.012671094531823647	0.061384870518878136	0.43668534057967273	0.012231463209873518
650	review	documentation	question	0.013268713402454934	0.009020403523710138	0.0016458615247457807	0.009860845154989382	0.013268713402454934	0.0008931735422249701
653	review	question	documentation	0.4275219244320961	0.05873718973389004	0.024328102566279427	0.4275219244320961	0.06746886911793475	0.0018405435316470062
656	bug	bug	question	0.92312574987379	0.92312574987379	0.0047220690558192925	0.037899220033167126	0.035374162725856806	0.013112278568628085
658	review	question	bug	0.1738516335674582	0.011544238446978283	0.004459782214031539	0.1738516335674582	0.005717217901922012	0.0018999835814273705
659	review	documentation	bug	0.17016727540761675	0.13044741307095317	0.017394659155537926	0.04221480466597173	0.17016727540761675	0.017261592420367785
662	review	feature	question	0.21226576565984093	0.017737035921687284	0.21226576565984093	0.10897488538664826	0.014318252901766122	0.006157869865941484
671	review	question	feature	0.06150997104068042	0.035241684834679314	0.0497889767182644	0.06150997104068042	0.03242362889720812	0.033566599503720485
673	review	question	bug	0.12767327529703734	0.007452688230197248	0.0007117884672563337	0.12767327529703734	0.006878115437126865	0.001587311825017814
674	review	question	documentation	0.030529135914868295	0.0022228858232757557	0.0011682978164348566	0.030529135914868295	0.01329635767535906	0.001624577508975641
679	review	question	documentation	0.1421841534515507	0.017677622568223608	0.01203070528243391	0.1421841534515507	0.018746013512333366	0.006786936043885902
681	review	feature	bug	0.016375654150520797	0.00604644439465805	0.016375654150520797	0.005752662805278616	0.003383856895958513	0.0010495012004689528
683	review	question	feature	0.059243277921561074	0.0027114969562248206	0.004639927886195978	0.059243277921561074	0.003138458705724278	0.001953565464468664
684	documentation	documentation	bug	0.5654133315528601	0.17870181540130234	0.010943502177762517	0.030209231612829124	0.5654133315528601	0.0170707218269114
690	review	documentation	feature	0.062071098548558	0.013015921812592174	0.03321327964883574	0.019383843645139558	0.062071098548558	0.002824912831387473
692	review	question	feature	0.312134764256026	0.003051904540100372	0.081297835032942	0.312134764256026	0.0027577787073354816	0.001005168458969641
693	review	documentation	bug	0.13609625354566768	0.07504644728769527	0.00899115638592146	0.06417073791368688	0.13609625354566768	0.007750401855295556
696	review	question	feature	0.06343602041884308	0.002307010667827032	0.03272488236486986	0.06343602041884308	0.004181812938173336	0.0009583769397795121
700	review	question	documentation	0.007532469302176662	0.0027980077660051564	0.0023825231424713907	0.007532469302176662	0.004150184850503895	0.001736607699669602
703	review	documentation	bug	0.26136756080315704	0.03187578435549218	0.012040676260171346	0.024056268357400216	0.26136756080315704	0.004396803547060376
719	review	documentation	bug	0.05326635749717223	0.051611315642728806	0.015572630754040922	0.026237329019786818	0.05326635749717223	0.008563449646211248
724	review	bug	documentation	0.44241059718747056	0.44241059718747056	0.05280020514334157	0.10581761874446569	0.14757600394038672	0.03821965338241794
730	review	documentation	bug	0.019454641213997505	0.011760782736804871	0.0021684186712921313	0.005944118822255603	0.019454641213997505	0.002358779941313436
731	review	feature	question	0.041944697929828974	0.0027829790005400373	0.041944697929828974	0.02868464754396962	0.00751954917493832	0.002575779134023052
732	review	feature	bug	0.05141262869871701	0.0296203462433295	0.05141262869871701	0.029166142124762817	0.015642689395879997	0.013165040896569075
734	review	question	documentation	0.19052989846519786	0.10159208880257518	0.026187841404065076	0.19052989846519786	0.10185007797740978	0.015573826293626917
740	review	documentation	bug	0.01745625872124856	0.013316357424541733	0.0028263384053246843	0.009900830439941307	0.01745625872124856	0.003181111232390146
742	review	documentation	question	0.11254543294047295	0.021429091273818146	0.007966685658850402	0.02143917705004558	0.11254543294047295	0.0071876344139516915
743	review	bug	documentation	0.0912665371082049	0.0912665371082049	0.01986112469711205	0.040752658083962966	0.07303443498035928	0.0257263372072092
745	review	bug	question	0.07348203282285046	0.07348203282285046	0.01274390179325136	0.04142665501597135	0.011039287389794167	0.005208950204723572
746	review	documentation	bug	0.36289176432133463	0.06539973010334862	0.008491581711102217	0.037089005237546005	0.36289176432133463	0.007863727174585902
747	bug	bug	documentation	0.8858034629930992	0.8858034629930992	0.07042735805797334	0.17724327259192152	0.40481044909812886	0.04026150901632776
750	review	question	documentation	0.02482332547582438	0.0170719896627826	0.010699692821103012	0.02482332547582438	0.01843610895797335	0.0051182256819151594
751	review	question	documentation	0.009556469421532137	0.00668068836732139	0.0017166756817153248	0.009556469421532137	0.007047407810911145	0.0032404151384277627
752	review	bug	documentation	0.4525670422108989	0.4525670422108989	0.02215431792317561	0.05765874480549771	0.07348490939949928	0.014149050808950504
753	question	question	documentation	0.7605345224847119	0.006020305985187717	0.006685734407795086	0.7605345224847119	0.025104526429558786	0.0031937068560772184
754	review	question	feature	0.06882125943037769	0.002317936797080266	0.0252557186919596	0.06882125943037769	0.022748279978872483	0.0009269142391666507
755	review	question	documentation	0.10627607277427292	0.07217361848213845	0.05885849638810778	0.10627607277427292	0.07481338667085602	0.04735031801850061
757	review	question	documentation	0.05759822711855827	0.00648363177695617	0.020869730403423842	0.05759822711855827	0.04969921473960043	0.004832383236123239
768	review	question	documentation	0.0042604564481841505	0.0011325735005105783	0.0012084474689633034	0.0042604564481841505	0.0018243176093344757	0.0007526869318639225
771	review	feature	question	0.004139002117456621	0.0024333271219226676	0.004139002117456621	0.004099987255710925	0.002706659826993205	0.0017594868715215598
775	review	bug	question	0.26497179534658033	0.26497179534658033	0.10860251817399116	0.15493397833964204	0.12190420654916913	0.03832064968774544
782	review	bug	documentation	0.48932582033232497	0.48932582033232497	0.09428277606920486	0.25110365894787307	0.40234868109155486	0.027283945972770614
783	review	documentation	question	0.11838977325537842	0.06279793579809488	0.026351639661658165	0.09451335910140926	0.11838977325537842	0.03515384175636067
800	review	question	feature	0.024321701336082094	0.002831906399279738	0.004015343355735542	0.024321701336082094	0.003566440266986682	0.001579596927858874
801	review	documentation	bug	0.486214019002061	0.1845957989916757	0.07902919074808777	0.10924290820554555	0.486214019002061	0.12197159306847581
802	review	feature	question	0.05505485118120022	0.004598640379033845	0.05505485118120022	0.04049491308882913	0.0036833282801730684	0.0025072898683770714
810	review	question	bug	0.11462583966504404	0.1064101939820137	0.08585355079644683	0.11462583966504404	0.070809369503976	0.017014845069201548
811	question	question	documentation	0.8844727196275871	0.0037600018835420323	0.004398918291579641	0.8844727196275871	0.04038919115309707	0.0012324464772399905
821	review	question	documentation	0.3894561111888041	0.004879913190645344	0.0032517184122229166	0.3894561111888041	0.0696747345337385	0.0013809500539763233
822	review	question	documentation	0.06609847551960327	0.011007326107577368	0.006658760007353925	0.06609847551960327	0.05328128391810755	0.0012623015706921003
825	review	bug	documentation	0.09340419874784418	0.09340419874784418	0.00535810804043186	0.0173702934607102	0.0354160116656724	0.008977710324651078
829	review	documentation	bug	0.4786477213770799	0.2160238137866012	0.09892875738219856	0.15368972555264826	0.4786477213770799	0.09684349587262987
830	review	question	bug	0.0075481186765278515	0.006852883078242366	0.0056622233360950295	0.0075481186765278515	0.005282599088503047	0.0048274388642033685
835	review	question	documentation	0.17493859706202416	0.06490453186961224	0.04556949919217184	0.17493859706202416	0.15388690942064737	0.03185881506190034
838	review	question	documentation	0.09435838012356602	0.049626442581944125	0.008557165125805921	0.09435838012356602	0.09338842798483499	0.0160353031613652
844	review	documentation	question	0.24218499063116616	0.04059096091284689	0.044005362333742346	0.06213902787298735	0.24218499063116616	0.006621029408413836
858	review	question	documentation	0.04385915809866793	0.022924969035095583	0.011901792112866448	0.04385915809866793	0.03418075854601608	0.00243222889069626
891	review	documentation	question	0.3136957180114078	0.18178100115397158	0.029278770430919386	0.18510471659659813	0.3136957180114078	0.0045056487858908855
892	review	documentation	question	0.22106090702173	0.0898255698693739	0.07615846266161534	0.13977800424913162	0.22106090702173	0.07212464423472795
893	review	question	documentation	0.10233085292584958	0.008392794752680389	0.01156176262802005	0.10233085292584958	0.09829125557810606	0.008460707585120002
897	review	question	documentation	0.01621056819234715	0.0028915233139982692	0.002628625616661411	0.01621056819234715	0.0052962764645283445	0.001791976777719366
900	review	question	performance	0.020642659931698382	0.0013320585429026474	0.003545666873122758	0.020642659931698382	0.0022212996767118904	0.007980054655524198
901	review	question	documentation	0.11081106718078568	0.0030300771166231703	0.0056621516861439306	0.11081106718078568	0.023386947184508844	0.0013419431649000137
905	review	documentation	bug	0.05956614780671598	0.051511683696917804	0.03761474680993296	0.043966203506595775	0.05956614780671598	0.046118251007156205
909	review	bug	performance	0.04730524626524523	0.04730524626524523	0.0019875408449060374	0.011245078580002106	0.0017341115632608217	0.02230421051053091
910	review	question	feature	0.0023804994476850426	0.0003919128823322292	0.001237258444340271	0.0023804994476850426	0.0004110579530562384	0.00047200418540661984
911	review	question	feature	0.03635898400308968	0.00259890174979027	0.007980528249289204	0.03635898400308968	0.0026973680633042693	0.0014376003682174154
912	review	bug	documentation	0.34836805839568263	0.34836805839568263	0.1736851850423953	0.25637152072811503	0.32846958264053255	0.26001146805582986
913	review	question	documentation	0.054351962580714654	0.0010916587082315937	0.0009837328799666078	0.054351962580714654	0.0015394393348769468	0.0014702185822223655
924	review	question	documentation	0.09091963727108181	0.0126430757995702	0.01582487015070053	0.09091963727108181	0.03637283792868617	0.012844520725310908
930	review	question	documentation	0.11475334699288028	0.01012812716740173	0.03174097705045769	0.11475334699288028	0.04116961038177609	0.0044474746965567575
952	review	documentation	question	0.04716851809001113	0.021095498558191848	0.005193421930277442	0.039266072060629674	0.04716851809001113	0.004969599760082603
956	review	bug	documentation	0.09412230813424274	0.09412230813424274	0.00862333307640025	0.05254056384762789	0.09139401877452916	0.014279447151780011
958	review	documentation	bug	0.08835704027469417	0.03530353319844231	0.00452370391094991	0.01951932219132259	0.08835704027469417	0.0034178064393545174
960	review	question	bug	0.007263560808165063	0.004551311852230588	0.0017797529949454113	0.007263560808165063	0.0026959586308887735	0.0017815124579909749
961	review	question	feature	0.04538000796114669	0.0010788881451979037	0.0023170046737047032	0.04538000796114669	0.001469886157307827	0.000956135781520906
962	review	question	bug	0.09905221289150286	0.00982460439069603	0.0034478332807637148	0.09905221289150286	0.0010270549618364396	0.0007976953806820551
964	review	question	feature	0.06887568312251059	0.005016576933684969	0.005724583267241813	0.06887568312251059	0.003450403104033968	0.003079416803193091
975	review	question	feature	0.47530069187977236	0.0186534875986041	0.04369757900705627	0.47530069187977236	0.02116024794359653	0.0014936971745164718
976	review	documentation	bug	0.27065655068650085	0.09126472257547286	0.00871807323818509	0.0360403406378669	0.27065655068650085	0.004349092433546783
978	review	documentation	question	0.02280835799790888	0.010566289572565992	0.0019803758077464617	0.015063875020755454	0.02280835799790888	0.00434770753563189
984	review	documentation	bug	0.2470048366035814	0.19308913121851495	0.021268593374971313	0.0332899831533801	0.2470048366035814	0.026870746767211132
986	review	documentation	question	0.08443940407877504	0.030841078013451532	0.009157237557175875	0.04822143750482605	0.08443940407877504	0.01850162187028337
987	review	documentation	question	0.33290708721407075	0.10357759997100918	0.040085855560574646	0.10834192419287844	0.33290708721407075	0.014832633279820621
990	review	question	bug	0.10841148450976557	0.005657301952568826	0.002334289617849996	0.10841148450976557	0.003059873773174918	0.0018215001610068923
993	review	question	bug	0.0803204662215812	0.06528475544282529	0.0176761033325147	0.0803204662215812	0.017989161465171093	0.01199133850170864
1011	review	question	documentation	0.25982294089631774	0.0011217371724878506	0.0007652990575005436	0.25982294089631774	0.0038083142424566235	0.0009086800344718242
1016	review	question	bug	0.1119266452825696	0.1001265553430667	0.09432490233917126	0.1119266452825696	0.08462712043063073	0.09282296248325093
1021	review	question	documentation	0.004259411306117433	0.002007607471653618	0.001477135535388573	0.004259411306117433	0.002875972169760545	0.0009501362285019469
1030	bug	bug	documentation	0.5716742879592388	0.5716742879592388	0.018378453602429404	0.12150087877714391	0.1803051572322155	0.0179154642100505
1039	documentation	documentation	bug	0.6455110466495859	0.20460934255412366	0.032256030696402836	0.08305666771294588	0.6455110466495859	0.03696800213137977
1040	review	bug	question	0.2812119335566396	0.2812119335566396	0.013182752503194128	0.030030271351679433	0.025474492437972337	0.02917836261762778
1047	review	question	bug	0.08532627267622742	0.07745499627436978	0.013831760292269435	0.08532627267622742	0.017990334265070334	0.022623764902145755
1051	question	question	documentation	0.5426366397832357	0.0025017200578135125	0.0033026903432863213	0.5426366397832357	0.008231093871711533	0.0007556617111885213
