family	identity	script
A	Tensor::from_vec	candle::Tensor::from_vec(values, shape, dtype)
A	Tensor::zeros	candle::Tensor::zeros(shape, dtype)
A	Tensor::ones	candle::Tensor::ones(shape, dtype)
A	Tensor::full	candle::Tensor::full(value, shape, dtype)
A	Tensor::arange	candle::Tensor::arange(start, end, dtype)
A	Tensor::arange_step	candle::Tensor::arange_step(start, end, step, dtype)
A	Tensor::eye	candle::Tensor::eye(n, dtype)
A	Tensor::zeros_like	t.zeros_like()
A	Tensor::ones_like	t.ones_like()
A	Tensor::to_vec1	t.to_vec() (after flatten_all) and t.to_vec1()
A	Tensor::to_vec2	t.to_vec2()
A	Tensor::to_scalar	t.to_scalar()
A	Tensor::to_dtype	t.to_dtype(dtype)
A	Tensor::dims	t.dims()
A	Tensor::rank	t.rank()
A	Tensor::elem_count	t.elem_count()
A	Tensor::contiguous	t.contiguous()
A	Tensor::is_contiguous	t.is_contiguous()
A	Tensor::flatten_all	t.flatten_all()
A	Tensor::shape	t.shape() (from 0129)
A	Tensor::dtype	t.dtype() (from 0129)
C	Tensor::add	a.add(b), a + b
C	Tensor::sub	a.sub(b), a - b
C	Tensor::mul	a.mul(b), a * b
C	Tensor::div	a.div(b), a / b
C	Tensor::maximum	a.maximum(b)
C	Tensor::minimum	a.minimum(b)
C	Tensor::broadcast_add	a.broadcast_add(b)
C	Tensor::broadcast_sub	a.broadcast_sub(b)
C	Tensor::broadcast_mul	a.broadcast_mul(b)
C	Tensor::broadcast_div	a.broadcast_div(b)
C	Tensor::broadcast_maximum	a.broadcast_maximum(b)
C	Tensor::broadcast_minimum	a.broadcast_minimum(b)
C	Tensor::broadcast_eq	a.broadcast_eq(b)
C	Tensor::broadcast_ne	a.broadcast_ne(b)
C	Tensor::broadcast_lt	a.broadcast_lt(b)
C	Tensor::broadcast_le	a.broadcast_le(b)
C	Tensor::broadcast_gt	a.broadcast_gt(b)
C	Tensor::broadcast_ge	a.broadcast_ge(b)
C	Tensor::eq	a.eq(x)
C	Tensor::ne	a.ne(x)
C	Tensor::lt	a.lt(x)
C	Tensor::le	a.le(x)
C	Tensor::gt	a.gt(x)
C	Tensor::ge	a.ge(x)
C	Tensor::affine	t.affine(mul, add), t + number (Candle's operator impls are affine)
C	Tensor::powf	t.powf(e)
C	Tensor::clamp	t.clamp(min, max)
C	Tensor::where_cond	mask.where_cond(on_true, on_false)
C	Tensor::exp	t.exp()
C	Tensor::log	t.log()
C	Tensor::sqrt	t.sqrt()
C	Tensor::sqr	t.sqr()
C	Tensor::abs	t.abs()
C	Tensor::neg	t.neg()
C	Tensor::recip	t.recip()
C	Tensor::tanh	t.tanh()
C	Tensor::relu	t.relu()
C	Tensor::gelu	t.gelu()
C	Tensor::gelu_erf	t.gelu_erf()
C	Tensor::silu	t.silu()
C	Tensor::sin	t.sin()
C	Tensor::cos	t.cos()
C	Tensor::floor	t.floor()
C	Tensor::ceil	t.ceil()
C	Tensor::round	t.round()
C	Tensor::sign	t.sign()
C	Tensor::erf	t.erf()
D	Tensor::sum	t.sum(dims)
D	Tensor::sum_keepdim	t.sum_keepdim(dims)
D	Tensor::mean	t.mean(dims)
D	Tensor::mean_keepdim	t.mean_keepdim(dims)
D	Tensor::max	t.max(dim)
D	Tensor::max_keepdim	t.max_keepdim(dim)
D	Tensor::min	t.min(dim)
D	Tensor::min_keepdim	t.min_keepdim(dim)
D	Tensor::argmax	t.argmax(dim)
D	Tensor::argmax_keepdim	t.argmax_keepdim(dim)
D	Tensor::argmin	t.argmin(dim)
D	Tensor::argmin_keepdim	t.argmin_keepdim(dim)
D	Tensor::sum_all	t.sum_all()
D	Tensor::mean_all	t.mean_all()
D	Tensor::max_all	t.max_all()
D	Tensor::min_all	t.min_all()
D	Tensor::var	t.var(dim)
D	Tensor::var_keepdim	t.var_keepdim(dim)
E	Tensor::matmul	a.matmul(b)
E	Tensor::broadcast_matmul	a.broadcast_matmul(b)
F	Tensor::arg_sort_last_dim	t.arg_sort_last_dim(asc)
F	Tensor::sort_last_dim	t.sort_last_dim(asc)
B	Tensor::reshape	t.reshape(shape)
B	Tensor::t	t.t()
B	Tensor::transpose	t.transpose(d1, d2)
B	Tensor::squeeze	t.squeeze(dim)
B	Tensor::unsqueeze	t.unsqueeze(dim)
B	Tensor::narrow	t.narrow(dim, start, len)
B	Tensor::flatten	t.flatten(start, end)
nn	candle_nn::ops::softmax	candle::softmax(t, dim)
nn	candle_nn::ops::log_softmax	candle::log_softmax(t, dim)
nn	candle_nn::ops::softmax_last_dim	candle::softmax_last_dim(t)
derived	(sort_last_dim, then narrow)	t.topk(k, asc)
