cat	5,4,	0,1,2,3,4,5,6,7,8,9,10,11,100,101,102,103,104,105,106,107,
stack	3,2,4,	0,1,2,3,0,1,2,3,4,5,6,7,4,5,6,7,8,9,10,11,8,9,10,11,
permute	4,3,2,	0,0,4,4,8,8,1,1,5,5,9,9,2,2,6,6,10,10,3,3,7,7,11,11,
index_select	3,4,	104,105,106,107,0,1,2,3,8,9,10,11,
gather	3,4,	3,2,1,0,4,5,6,7,9,9,9,9,
cumsum	3,4,	0,1,3,6,4,9,15,22,8,17,27,38,
unfold	4,3,	0,1,2,1,2,3,2,3,4,3,4,5,
slice_assign	3,4,	0,-1,-1,3,4,-1,-1,7,8,9,10,11,
a_unchanged	3,4,	0,1,2,3,4,5,6,7,8,9,10,11,
index_add	2,4,	4,5,6,7,8,10,12,14,
segment_mean	2,4,	4,5,6,7,4,5,6,7,
