cat	5,4,	0.0,1.0,2.0,3.0,4.0,5.0,6.0,7.0,8.0,9.0,10.0,11.0,100.0,101.0,102.0,103.0,104.0,105.0,106.0,107.0,
stack	3,2,4,	0.0,1.0,2.0,3.0,0.0,1.0,2.0,3.0,4.0,5.0,6.0,7.0,4.0,5.0,6.0,7.0,8.0,9.0,10.0,11.0,8.0,9.0,10.0,11.0,
permute	4,3,2,	0.0,0.0,4.0,4.0,8.0,8.0,1.0,1.0,5.0,5.0,9.0,9.0,2.0,2.0,6.0,6.0,10.0,10.0,3.0,3.0,7.0,7.0,11.0,11.0,
index_select	3,4,	104.0,105.0,106.0,107.0,0.0,1.0,2.0,3.0,8.0,9.0,10.0,11.0,
gather	3,4,	3.0,2.0,1.0,0.0,4.0,5.0,6.0,7.0,9.0,9.0,9.0,9.0,
cumsum	3,4,	0.0,1.0,3.0,6.0,4.0,9.0,15.0,22.0,8.0,17.0,27.0,38.0,
unfold	4,3,	0.0,1.0,2.0,1.0,2.0,3.0,2.0,3.0,4.0,3.0,4.0,5.0,
slice_assign	3,4,	0.0,-1.0,-1.0,3.0,4.0,-1.0,-1.0,7.0,8.0,9.0,10.0,11.0,
a_unchanged	3,4,	0.0,1.0,2.0,3.0,4.0,5.0,6.0,7.0,8.0,9.0,10.0,11.0,
index_add	2,4,	4.0,5.0,6.0,7.0,8.0,10.0,12.0,14.0,
segment_mean	2,4,	4.0,5.0,6.0,7.0,4.0,5.0,6.0,7.0,
