model	hidden	ffn	heads	layers	b	seq	real	copies	H	F	A	estimate_mib	peak_mib	ratio	verdict
minilm-like	384	1536	12	1	1	512	512	1	196608	786432	3145728	87.2	65.3	0.749	ok
minilm-like	384	1536	12	1	1	512	512	4	196608	786432	3145728	349.0	261.2	0.749	ok
minilm-like	384	1536	12	1	1	512	256	1	196608	786432	3145728	87.2	65.3	0.749	ok
minilm-like	384	1536	12	1	1	512	256	4	196608	786432	3145728	349.0	249.2	0.714	ok
minilm-like	384	1536	12	2	1	512	512	1	196608	786432	3145728	87.2	66.1	0.757	ok
minilm-like	384	1536	12	12	1	512	512	1	196608	786432	3145728	87.2	66.1	0.757	ok
minilm-like	384	1536	12	1	4	512	512	1	786432	3145728	12582912	337.0	261.2	0.775	ok
minilm-like	384	1536	12	1	4	512	512	4	786432	3145728	12582912	1348.0	1044.9	0.775	ok
minilm-like	384	1536	12	1	4	512	256	1	786432	3145728	12582912	337.0	261.2	0.775	ok
minilm-like	384	1536	12	1	4	512	256	4	786432	3145728	12582912	1348.0	1044.9	0.775	ok
minilm-like	384	1536	12	2	4	512	512	1	786432	3145728	12582912	337.0	264.2	0.784	ok
minilm-like	384	1536	12	12	4	512	512	1	786432	3145728	12582912	337.0	264.2	0.784	ok
minilm-like	384	1536	12	1	8	128	128	1	393216	1572864	1572864	62.5	40.6	0.650	ok
minilm-like	384	1536	12	1	8	128	128	4	393216	1572864	1572864	250.0	154.4	0.617	ok
minilm-like	384	1536	12	1	8	128	64	1	393216	1572864	1572864	62.5	40.6	0.650	ok
minilm-like	384	1536	12	1	8	128	64	4	393216	1572864	1572864	250.0	156.5	0.626	ok
minilm-like	384	1536	12	2	8	128	128	1	393216	1572864	1572864	62.5	43.1	0.690	ok
minilm-like	384	1536	12	12	8	128	128	1	393216	1572864	1572864	62.5	43.1	0.690	ok
minilm-like	384	1536	12	1	32	128	128	1	1572864	6291456	6291456	238.0	162.4	0.683	ok
minilm-like	384	1536	12	1	32	128	128	4	1572864	6291456	6291456	952.0	608.4	0.639	ok
minilm-like	384	1536	12	1	32	128	64	1	1572864	6291456	6291456	238.0	162.4	0.683	ok
minilm-like	384	1536	12	1	32	128	64	4	1572864	6291456	6291456	952.0	614.4	0.645	ok
minilm-like	384	1536	12	2	32	128	128	1	1572864	6291456	6291456	238.0	169.4	0.712	ok
minilm-like	384	1536	12	12	32	128	128	1	1572864	6291456	6291456	238.0	169.4	0.712	ok
minilm-like	384	1536	12	1	32	32	32	1	393216	1572864	393216	35.5	19.0	0.536	ok
minilm-like	384	1536	12	1	32	32	32	4	393216	1572864	393216	142.0	60.7	0.427	ok
minilm-like	384	1536	12	1	32	32	16	1	393216	1572864	393216	35.5	19.0	0.536	ok
minilm-like	384	1536	12	1	32	32	16	4	393216	1572864	393216	142.0	65.1	0.458	ok
minilm-like	384	1536	12	2	32	32	32	1	393216	1572864	393216	35.5	20.6	0.581	ok
minilm-like	384	1536	12	12	32	32	32	1	393216	1572864	393216	35.5	20.6	0.581	ok
minilm-like	384	1536	12	1	1	8	8	1	3072	12288	768	4.2	1.1	0.267	ok
minilm-like	384	1536	12	1	1	8	8	4	3072	12288	768	16.8	4.4	0.263	ok
minilm-like	384	1536	12	1	1	8	4	1	3072	12288	768	4.2	1.1	0.267	ok
minilm-like	384	1536	12	1	1	8	4	4	3072	12288	768	16.8	4.4	0.262	ok
minilm-like	384	1536	12	2	1	8	8	1	3072	12288	768	4.2	1.1	0.270	ok
minilm-like	384	1536	12	12	1	8	8	1	3072	12288	768	4.2	1.1	0.270	ok
hidden-dominated	1024	1	1	1	1	512	512	1	524288	512	262144	24.0	13.0	0.542	ok
hidden-dominated	1024	1	1	1	1	512	512	4	524288	512	262144	96.0	44.1	0.459	ok
hidden-dominated	1024	1	1	1	1	512	256	1	524288	512	262144	24.0	13.0	0.542	ok
hidden-dominated	1024	1	1	1	1	512	256	4	524288	512	262144	96.0	48.1	0.500	ok
hidden-dominated	1024	1	1	2	1	512	512	1	524288	512	262144	24.0	15.0	0.626	ok
hidden-dominated	1024	1	1	12	1	512	512	1	524288	512	262144	24.0	15.0	0.626	ok
hidden-dominated	1024	1	1	1	4	512	512	1	2097152	2048	1048576	84.0	52.1	0.620	ok
hidden-dominated	1024	1	1	1	4	512	512	4	2097152	2048	1048576	336.1	208.2	0.620	ok
hidden-dominated	1024	1	1	1	4	512	256	1	2097152	2048	1048576	84.0	52.1	0.620	ok
hidden-dominated	1024	1	1	1	4	512	256	4	2097152	2048	1048576	336.1	208.2	0.619	ok
hidden-dominated	1024	1	1	2	4	512	512	1	2097152	2048	1048576	84.0	60.1	0.715	ok
hidden-dominated	1024	1	1	12	4	512	512	1	2097152	2048	1048576	84.0	60.1	0.715	ok
hidden-dominated	1024	1	1	1	8	128	128	1	1048576	1024	131072	35.0	21.5	0.615	ok
hidden-dominated	1024	1	1	1	8	128	128	4	1048576	1024	131072	140.0	75.8	0.542	ok
hidden-dominated	1024	1	1	1	8	128	64	1	1048576	1024	131072	35.0	21.5	0.615	ok
hidden-dominated	1024	1	1	1	8	128	64	4	1048576	1024	131072	140.0	82.6	0.590	ok
hidden-dominated	1024	1	1	2	8	128	128	1	1048576	1024	131072	35.0	25.5	0.729	ok
hidden-dominated	1024	1	1	12	8	128	128	1	1048576	1024	131072	35.0	25.5	0.729	ok
hidden-dominated	1024	1	1	1	32	128	128	1	4194304	4096	524288	128.0	86.1	0.672	ok
hidden-dominated	1024	1	1	1	32	128	128	4	4194304	4096	524288	512.1	322.3	0.629	ok
hidden-dominated	1024	1	1	1	32	128	64	1	4194304	4096	524288	128.0	86.1	0.672	ok
hidden-dominated	1024	1	1	1	32	128	64	4	4194304	4096	524288	512.1	312.3	0.610	ok
hidden-dominated	1024	1	1	2	32	128	128	1	4194304	4096	524288	128.0	102.1	0.797	ok
hidden-dominated	1024	1	1	12	32	128	128	1	4194304	4096	524288	128.0	102.1	0.797	ok
hidden-dominated	1024	1	1	1	32	32	32	1	1048576	1024	32768	32.8	20.4	0.623	ok
hidden-dominated	1024	1	1	1	32	32	32	4	1048576	1024	32768	131.0	80.4	0.614	ok
hidden-dominated	1024	1	1	1	32	32	16	1	1048576	1024	32768	32.8	20.4	0.623	ok
hidden-dominated	1024	1	1	1	32	32	16	4	1048576	1024	32768	131.0	73.0	0.557	ok
hidden-dominated	1024	1	1	2	32	32	32	1	1048576	1024	32768	32.8	24.4	0.745	ok
hidden-dominated	1024	1	1	12	32	32	32	1	1048576	1024	32768	32.8	24.4	0.745	ok
hidden-dominated	1024	1	1	1	1	8	8	1	8192	8	64	4.2	1.2	0.275	ok
hidden-dominated	1024	1	1	1	1	8	8	4	8192	8	64	16.9	4.6	0.271	ok
hidden-dominated	1024	1	1	1	1	8	4	1	8192	8	64	4.2	1.2	0.275	ok
hidden-dominated	1024	1	1	1	1	8	4	4	8192	8	64	16.9	4.6	0.271	ok
hidden-dominated	1024	1	1	2	1	8	8	1	8192	8	64	4.2	1.2	0.285	ok
hidden-dominated	1024	1	1	12	1	8	8	1	8192	8	64	4.2	1.2	0.285	ok
hidden-dominated-512	512	1	1	1	1	512	512	1	262144	512	262144	17.0	9.0	0.530	ok
hidden-dominated-512	512	1	1	1	1	512	512	4	262144	512	262144	68.0	32.1	0.471	ok
hidden-dominated-512	512	1	1	1	1	512	256	1	262144	512	262144	17.0	9.0	0.530	ok
hidden-dominated-512	512	1	1	1	1	512	256	4	262144	512	262144	68.0	32.1	0.471	ok
hidden-dominated-512	512	1	1	2	1	512	512	1	262144	512	262144	17.0	10.0	0.589	ok
hidden-dominated-512	512	1	1	12	1	512	512	1	262144	512	262144	17.0	10.0	0.589	ok
hidden-dominated-512	512	1	1	1	4	512	512	1	1048576	2048	1048576	56.0	36.1	0.644	ok
hidden-dominated-512	512	1	1	1	4	512	512	4	1048576	2048	1048576	224.1	140.2	0.626	ok
hidden-dominated-512	512	1	1	1	4	512	256	1	1048576	2048	1048576	56.0	36.1	0.644	ok
hidden-dominated-512	512	1	1	1	4	512	256	4	1048576	2048	1048576	224.1	132.2	0.590	ok
hidden-dominated-512	512	1	1	2	4	512	512	1	1048576	2048	1048576	56.0	40.1	0.715	ok
hidden-dominated-512	512	1	1	12	4	512	512	1	1048576	2048	1048576	56.0	40.1	0.715	ok
hidden-dominated-512	512	1	1	1	8	128	128	1	524288	1024	131072	21.0	11.5	0.549	ok
hidden-dominated-512	512	1	1	1	8	128	128	4	524288	1024	131072	84.0	44.6	0.531	ok
hidden-dominated-512	512	1	1	1	8	128	64	1	524288	1024	131072	21.0	11.5	0.549	ok
hidden-dominated-512	512	1	1	1	8	128	64	4	524288	1024	131072	84.0	43.1	0.513	ok
hidden-dominated-512	512	1	1	2	8	128	128	1	524288	1024	131072	21.0	13.5	0.644	ok
hidden-dominated-512	512	1	1	12	8	128	128	1	524288	1024	131072	21.0	13.5	0.644	ok
hidden-dominated-512	512	1	1	1	32	128	128	1	2097152	4096	524288	72.0	46.1	0.640	ok
hidden-dominated-512	512	1	1	1	32	128	128	4	2097152	4096	524288	288.1	174.3	0.605	ok
hidden-dominated-512	512	1	1	1	32	128	64	1	2097152	4096	524288	72.0	46.1	0.640	ok
hidden-dominated-512	512	1	1	1	32	128	64	4	2097152	4096	524288	288.1	178.3	0.619	ok
hidden-dominated-512	512	1	1	2	32	128	128	1	2097152	4096	524288	72.0	54.1	0.751	ok
hidden-dominated-512	512	1	1	12	32	128	128	1	2097152	4096	524288	72.0	54.1	0.751	ok
hidden-dominated-512	512	1	1	1	32	32	32	1	524288	1024	32768	18.8	11.4	0.607	ok
hidden-dominated-512	512	1	1	1	32	32	32	4	524288	1024	32768	75.0	37.9	0.505	ok
hidden-dominated-512	512	1	1	1	32	32	16	1	524288	1024	32768	18.8	11.4	0.607	ok
hidden-dominated-512	512	1	1	1	32	32	16	4	524288	1024	32768	75.0	38.8	0.518	ok
hidden-dominated-512	512	1	1	2	32	32	32	1	524288	1024	32768	18.8	13.4	0.715	ok
hidden-dominated-512	512	1	1	12	32	32	32	1	524288	1024	32768	18.8	13.4	0.715	ok
hidden-dominated-512	512	1	1	1	1	8	8	1	4096	8	64	4.1	1.1	0.264	ok
hidden-dominated-512	512	1	1	1	1	8	8	4	4096	8	64	16.4	3.2	0.194	ok
hidden-dominated-512	512	1	1	1	1	8	4	1	4096	8	64	4.1	1.1	0.264	ok
hidden-dominated-512	512	1	1	1	1	8	4	4	4096	8	64	16.4	4.3	0.261	ok
hidden-dominated-512	512	1	1	2	1	8	8	1	4096	8	64	4.1	1.1	0.269	ok
hidden-dominated-512	512	1	1	12	1	8	8	1	4096	8	64	4.1	1.1	0.269	ok
ffn-dominated	8	4096	1	1	1	512	512	1	4096	2097152	262144	26.1	16.0	0.614	ok
ffn-dominated	8	4096	1	1	1	512	512	4	4096	2097152	262144	104.4	64.2	0.614	ok
ffn-dominated	8	4096	1	1	1	512	256	1	4096	2097152	262144	26.1	16.0	0.614	ok
ffn-dominated	8	4096	1	1	1	512	256	4	4096	2097152	262144	104.4	53.2	0.509	ok
ffn-dominated	8	4096	1	2	1	512	512	1	4096	2097152	262144	26.1	16.1	0.615	ok
ffn-dominated	8	4096	1	12	1	512	512	1	4096	2097152	262144	26.1	16.1	0.615	ok
ffn-dominated	8	4096	1	1	4	512	512	1	16384	8388608	1048576	92.4	64.2	0.694	ok
ffn-dominated	8	4096	1	1	4	512	512	4	16384	8388608	1048576	369.8	256.6	0.694	ok
ffn-dominated	8	4096	1	1	4	512	256	1	16384	8388608	1048576	92.4	64.2	0.694	ok
ffn-dominated	8	4096	1	1	4	512	256	4	16384	8388608	1048576	369.8	256.6	0.694	ok
ffn-dominated	8	4096	1	2	4	512	512	1	16384	8388608	1048576	92.4	64.2	0.695	ok
ffn-dominated	8	4096	1	12	4	512	512	1	16384	8388608	1048576	92.4	64.2	0.695	ok
ffn-dominated	8	4096	1	1	8	128	128	1	8192	4194304	131072	39.2	33.1	0.843	ok
ffn-dominated	8	4096	1	1	8	128	128	4	8192	4194304	131072	156.9	132.3	0.843	ok
ffn-dominated	8	4096	1	1	8	128	64	1	8192	4194304	131072	39.2	33.1	0.843	ok
ffn-dominated	8	4096	1	1	8	128	64	4	8192	4194304	131072	156.9	132.3	0.843	ok
ffn-dominated	8	4096	1	2	8	128	128	1	8192	4194304	131072	39.2	33.1	0.844	ok
ffn-dominated	8	4096	1	12	8	128	128	1	8192	4194304	131072	39.2	33.1	0.844	ok
ffn-dominated	8	4096	1	1	32	128	128	1	32768	16777216	524288	144.9	129.3	0.893	ok
ffn-dominated	8	4096	1	1	32	128	128	4	32768	16777216	524288	579.5	517.3	0.893	ok
ffn-dominated	8	4096	1	1	32	128	64	1	32768	16777216	524288	144.9	129.3	0.893	ok
ffn-dominated	8	4096	1	1	32	128	64	4	32768	16777216	524288	579.5	517.3	0.893	ok
ffn-dominated	8	4096	1	2	32	128	128	1	32768	16777216	524288	144.9	129.4	0.893	ok
ffn-dominated	8	4096	1	12	32	128	128	1	32768	16777216	524288	144.9	129.4	0.893	ok
ffn-dominated	8	4096	1	1	32	32	32	1	8192	4194304	32768	37.0	33.1	0.895	ok
ffn-dominated	8	4096	1	1	32	32	32	4	8192	4194304	32768	147.9	132.3	0.895	ok
ffn-dominated	8	4096	1	1	32	32	16	1	8192	4194304	32768	37.0	33.1	0.895	ok
ffn-dominated	8	4096	1	1	32	32	16	4	8192	4194304	32768	147.9	132.3	0.895	ok
ffn-dominated	8	4096	1	2	32	32	32	1	8192	4194304	32768	37.0	33.1	0.896	ok
ffn-dominated	8	4096	1	12	32	32	32	1	8192	4194304	32768	37.0	33.1	0.896	ok
ffn-dominated	8	4096	1	1	1	8	8	1	64	32768	64	4.3	1.3	0.295	ok
ffn-dominated	8	4096	1	1	1	8	8	4	64	32768	64	17.0	4.5	0.267	ok
ffn-dominated	8	4096	1	1	1	8	4	1	64	32768	64	4.3	1.3	0.295	ok
ffn-dominated	8	4096	1	1	1	8	4	4	64	32768	64	17.0	4.3	0.252	ok
ffn-dominated	8	4096	1	2	1	8	8	1	64	32768	64	4.3	1.3	0.295	ok
ffn-dominated	8	4096	1	12	1	8	8	1	64	32768	64	4.3	1.3	0.295	ok
attention-dominated	64	1	64	1	1	512	512	1	32768	512	16777216	388.9	321.1	0.826	ok
attention-dominated	64	1	64	1	1	512	512	4	32768	512	16777216	1555.5	1284.6	0.826	ok
attention-dominated	64	1	64	1	1	512	256	1	32768	512	16777216	388.9	321.1	0.826	ok
attention-dominated	64	1	64	1	1	512	256	4	32768	512	16777216	1555.5	1284.6	0.826	ok
attention-dominated	64	1	64	2	1	512	512	1	32768	512	16777216	388.9	321.3	0.826	ok
attention-dominated	64	1	64	12	1	512	512	1	32768	512	16777216	388.9	321.3	0.826	ok
attention-dominated	64	1	64	1	4	512	512	1							skipped: above the caps
attention-dominated	64	1	64	1	4	512	512	4							skipped: above the caps
attention-dominated	64	1	64	1	4	512	256	1							skipped: above the caps
attention-dominated	64	1	64	1	4	512	256	4							skipped: above the caps
attention-dominated	64	1	64	2	4	512	512	1							skipped: above the caps
attention-dominated	64	1	64	12	4	512	512	1							skipped: above the caps
attention-dominated	64	1	64	1	8	128	128	1	65536	1024	8388608	197.8	162.3	0.821	ok
attention-dominated	64	1	64	1	8	128	128	4	65536	1024	8388608	791.0	616.8	0.780	ok
attention-dominated	64	1	64	1	8	128	64	1	65536	1024	8388608	197.8	162.3	0.821	ok
attention-dominated	64	1	64	1	8	128	64	4	65536	1024	8388608	791.0	649.1	0.821	ok
attention-dominated	64	1	64	2	8	128	128	1	65536	1024	8388608	197.8	162.5	0.822	ok
attention-dominated	64	1	64	12	8	128	128	1	65536	1024	8388608	197.8	162.5	0.822	ok
attention-dominated	64	1	64	1	32	128	128	1	262144	4096	33554432	779.0	649.1	0.833	ok
attention-dominated	64	1	64	1	32	128	128	4	262144	4096	33554432	3116.1	2596.3	0.833	ok
attention-dominated	64	1	64	1	32	128	64	1	262144	4096	33554432	779.0	649.1	0.833	ok
attention-dominated	64	1	64	1	32	128	64	4	262144	4096	33554432	3116.1	2596.3	0.833	ok
attention-dominated	64	1	64	2	32	128	128	1	262144	4096	33554432	779.0	650.1	0.834	ok
attention-dominated	64	1	64	12	32	128	128	1	262144	4096	33554432	779.0	650.1	0.834	ok
attention-dominated	64	1	64	1	32	32	32	1	65536	1024	2097152	53.8	42.3	0.786	ok
attention-dominated	64	1	64	1	32	32	32	4	65536	1024	2097152	215.0	160.8	0.748	ok
attention-dominated	64	1	64	1	32	32	16	1	65536	1024	2097152	53.8	42.3	0.786	ok
attention-dominated	64	1	64	1	32	32	16	4	65536	1024	2097152	215.0	144.3	0.671	ok
attention-dominated	64	1	64	2	32	32	32	1	65536	1024	2097152	53.8	42.5	0.791	ok
attention-dominated	64	1	64	12	32	32	32	1	65536	1024	2097152	53.8	42.5	0.791	ok
attention-dominated	64	1	64	1	1	8	8	1	512	8	4096	4.1	0.1	0.025	ok
attention-dominated	64	1	64	1	1	8	8	4	512	8	4096	16.4	0.4	0.023	ok
attention-dominated	64	1	64	1	1	8	4	1	512	8	4096	4.1	0.1	0.025	ok
attention-dominated	64	1	64	1	1	8	4	4	512	8	4096	16.4	0.3	0.021	ok
attention-dominated	64	1	64	2	1	8	8	1	512	8	4096	4.1	0.1	0.025	ok
attention-dominated	64	1	64	12	1	8	8	1	512	8	4096	4.1	0.1	0.025	ok
bert-large-like	1024	4096	16	1	1	512	512	1	524288	2097152	4194304	130.0	94.1	0.724	ok
bert-large-like	1024	4096	16	1	1	512	512	4	524288	2097152	4194304	520.0	360.3	0.693	ok
bert-large-like	1024	4096	16	1	1	512	256	1	524288	2097152	4194304	130.0	94.1	0.724	ok
bert-large-like	1024	4096	16	1	1	512	256	4	524288	2097152	4194304	520.0	360.3	0.693	ok
bert-large-like	1024	4096	16	2	1	512	512	1	524288	2097152	4194304	130.0	96.1	0.739	ok
bert-large-like	1024	4096	16	12	1	512	512	1	524288	2097152	4194304	130.0	96.1	0.739	ok
bert-large-like	1024	4096	16	1	4	512	512	1	2097152	8388608	16777216	508.0	376.3	0.741	ok
bert-large-like	1024	4096	16	1	4	512	512	4	2097152	8388608	16777216	2032.0	1392.9	0.685	ok
bert-large-like	1024	4096	16	1	4	512	256	1	2097152	8388608	16777216	508.0	376.3	0.741	ok
bert-large-like	1024	4096	16	1	4	512	256	4	2097152	8388608	16777216	2032.0	1441.1	0.709	ok
bert-large-like	1024	4096	16	2	4	512	512	1	2097152	8388608	16777216	508.0	384.3	0.756	ok
bert-large-like	1024	4096	16	12	4	512	512	1	2097152	8388608	16777216	508.0	384.3	0.756	ok
bert-large-like	1024	4096	16	1	8	128	128	1	1048576	4194304	2097152	112.0	68.1	0.608	ok
bert-large-like	1024	4096	16	1	8	128	128	4	1048576	4194304	2097152	448.0	260.5	0.581	ok
bert-large-like	1024	4096	16	1	8	128	64	1	1048576	4194304	2097152	112.0	68.1	0.608	ok
bert-large-like	1024	4096	16	1	8	128	64	4	1048576	4194304	2097152	448.0	248.4	0.554	ok
bert-large-like	1024	4096	16	2	8	128	128	1	1048576	4194304	2097152	112.0	72.1	0.644	ok
bert-large-like	1024	4096	16	12	8	128	128	1	1048576	4194304	2097152	112.0	72.1	0.644	ok
bert-large-like	1024	4096	16	1	32	128	128	1	4194304	16777216	8388608	436.0	272.6	0.625	ok
bert-large-like	1024	4096	16	1	32	128	128	4	4194304	16777216	8388608	1744.0	1090.3	0.625	ok
bert-large-like	1024	4096	16	1	32	128	64	1	4194304	16777216	8388608	436.0	272.6	0.625	ok
bert-large-like	1024	4096	16	1	32	128	64	4	4194304	16777216	8388608	1744.0	1041.8	0.597	ok
bert-large-like	1024	4096	16	2	32	128	128	1	4194304	16777216	8388608	436.0	288.6	0.662	ok
bert-large-like	1024	4096	16	12	32	128	128	1	4194304	16777216	8388608	436.0	288.6	0.662	ok
bert-large-like	1024	4096	16	1	32	32	32	1	1048576	4194304	524288	76.0	43.0	0.566	ok
bert-large-like	1024	4096	16	1	32	32	32	4	1048576	4194304	524288	304.0	164.1	0.540	ok
bert-large-like	1024	4096	16	1	32	32	16	1	1048576	4194304	524288	76.0	43.0	0.566	ok
bert-large-like	1024	4096	16	1	32	32	16	4	1048576	4194304	524288	304.0	165.1	0.543	ok
bert-large-like	1024	4096	16	2	32	32	32	1	1048576	4194304	524288	76.0	47.0	0.619	ok
bert-large-like	1024	4096	16	12	32	32	32	1	1048576	4194304	524288	76.0	47.0	0.619	ok
bert-large-like	1024	4096	16	1	1	8	8	1	8192	32768	1024	4.5	1.3	0.293	ok
bert-large-like	1024	4096	16	1	1	8	8	4	8192	32768	1024	18.0	5.1	0.282	ok
bert-large-like	1024	4096	16	1	1	8	4	1	8192	32768	1024	4.5	1.3	0.293	ok
bert-large-like	1024	4096	16	1	1	8	4	4	8192	32768	1024	18.0	5.0	0.281	ok
bert-large-like	1024	4096	16	2	1	8	8	1	8192	32768	1024	4.5	1.3	0.300	ok
bert-large-like	1024	4096	16	12	1	8	8	1	8192	32768	1024	4.5	1.3	0.300	ok
tiny	1	1	1	1	1	512	512	1	512	512	262144	10.0	5.0	0.502	ok
tiny	1	1	1	1	1	512	512	4	512	512	262144	40.1	11.1	0.277	ok
tiny	1	1	1	1	1	512	256	1	512	512	262144	10.0	5.0	0.502	ok
tiny	1	1	1	1	1	512	256	4	512	512	262144	40.1	12.1	0.302	ok
tiny	1	1	1	2	1	512	512	1	512	512	262144	10.0	5.0	0.502	ok
tiny	1	1	1	12	1	512	512	1	512	512	262144	10.0	5.0	0.502	ok
tiny	1	1	1	1	4	512	512	1	2048	2048	1048576	28.1	20.1	0.715	ok
tiny	1	1	1	1	4	512	512	4	2048	2048	1048576	112.3	68.3	0.608	ok
tiny	1	1	1	1	4	512	256	1	2048	2048	1048576	28.1	20.1	0.715	ok
tiny	1	1	1	1	4	512	256	4	2048	2048	1048576	112.3	68.3	0.608	ok
tiny	1	1	1	2	4	512	512	1	2048	2048	1048576	28.1	20.1	0.716	ok
tiny	1	1	1	12	4	512	512	1	2048	2048	1048576	28.1	20.1	0.716	ok
tiny	1	1	1	1	8	128	128	1	1024	1024	131072	7.0	2.5	0.362	ok
tiny	1	1	1	1	8	128	128	4	1024	1024	131072	28.1	6.7	0.237	ok
tiny	1	1	1	1	8	128	64	1	1024	1024	131072	7.0	2.5	0.362	ok
tiny	1	1	1	1	8	128	64	4	1024	1024	131072	28.1	8.7	0.308	ok
tiny	1	1	1	2	8	128	128	1	1024	1024	131072	7.0	2.5	0.362	ok
tiny	1	1	1	12	8	128	128	1	1024	1024	131072	7.0	2.5	0.362	ok
tiny	1	1	1	1	32	128	128	1	4096	4096	524288	16.1	10.2	0.630	ok
tiny	1	1	1	1	32	128	128	4	4096	4096	524288	64.6	28.6	0.443	ok
tiny	1	1	1	1	32	128	64	1	4096	4096	524288	16.1	10.2	0.630	ok
tiny	1	1	1	1	32	128	64	4	4096	4096	524288	64.6	32.6	0.505	ok
tiny	1	1	1	2	32	128	128	1	4096	4096	524288	16.1	10.2	0.631	ok
tiny	1	1	1	12	32	128	128	1	4096	4096	524288	16.1	10.2	0.631	ok
tiny	1	1	1	1	32	32	32	1	1024	1024	32768	4.8	0.7	0.140	ok
tiny	1	1	1	1	32	32	32	4	1024	1024	32768	19.1	2.4	0.126	ok
tiny	1	1	1	1	32	32	16	1	1024	1024	32768	4.8	0.7	0.140	ok
tiny	1	1	1	1	32	32	16	4	1024	1024	32768	19.1	2.2	0.113	ok
tiny	1	1	1	2	32	32	32	1	1024	1024	32768	4.8	0.7	0.141	ok
tiny	1	1	1	12	32	32	32	1	1024	1024	32768	4.8	0.7	0.141	ok
tiny	1	1	1	1	1	8	8	1	8	8	64	4.0	0.0	0.003	ok
tiny	1	1	1	1	1	8	8	4	8	8	64	16.0	0.0	0.003	ok
tiny	1	1	1	1	1	8	4	1	8	8	64	4.0	0.0	0.003	ok
tiny	1	1	1	1	1	8	4	4	8	8	64	16.0	0.0	0.003	ok
tiny	1	1	1	2	1	8	8	1	8	8	64	4.0	0.0	0.003	ok
tiny	1	1	1	12	1	8	8	1	8	8	64	4.0	0.0	0.003	ok
mid	256	1024	4	1	1	512	512	1	131072	524288	1048576	35.5	23.5	0.663	ok
mid	256	1024	4	1	1	512	512	4	131072	524288	1048576	142.0	90.1	0.635	ok
mid	256	1024	4	1	1	512	256	1	131072	524288	1048576	35.5	23.5	0.663	ok
mid	256	1024	4	1	1	512	256	4	131072	524288	1048576	142.0	86.1	0.606	ok
mid	256	1024	4	2	1	512	512	1	131072	524288	1048576	35.5	24.0	0.677	ok
mid	256	1024	4	12	1	512	512	1	131072	524288	1048576	35.5	24.0	0.677	ok
mid	256	1024	4	1	4	512	512	1	524288	2097152	4194304	130.0	94.1	0.724	ok
mid	256	1024	4	1	4	512	512	4	524288	2097152	4194304	520.0	284.2	0.547	ok
mid	256	1024	4	1	4	512	256	1	524288	2097152	4194304	130.0	94.1	0.724	ok
mid	256	1024	4	1	4	512	256	4	524288	2097152	4194304	520.0	376.4	0.724	ok
mid	256	1024	4	2	4	512	512	1	524288	2097152	4194304	130.0	96.1	0.739	ok
mid	256	1024	4	12	4	512	512	1	524288	2097152	4194304	130.0	96.1	0.739	ok
mid	256	1024	4	1	8	128	128	1	262144	1048576	524288	31.0	17.1	0.550	ok
mid	256	1024	4	1	8	128	128	4	262144	1048576	524288	124.0	58.1	0.469	ok
mid	256	1024	4	1	8	128	64	1	262144	1048576	524288	31.0	17.1	0.550	ok
mid	256	1024	4	1	8	128	64	4	262144	1048576	524288	124.0	64.2	0.518	ok
mid	256	1024	4	2	8	128	128	1	262144	1048576	524288	31.0	18.1	0.582	ok
mid	256	1024	4	12	8	128	128	1	262144	1048576	524288	31.0	18.1	0.582	ok
mid	256	1024	4	1	32	128	128	1	1048576	4194304	2097152	112.0	68.2	0.609	ok
mid	256	1024	4	1	32	128	128	4	1048576	4194304	2097152	448.0	264.7	0.591	ok
mid	256	1024	4	1	32	128	64	1	1048576	4194304	2097152	112.0	68.2	0.609	ok
mid	256	1024	4	1	32	128	64	4	1048576	4194304	2097152	448.0	264.7	0.591	ok
mid	256	1024	4	2	32	128	128	1	1048576	4194304	2097152	112.0	72.2	0.645	ok
mid	256	1024	4	12	32	128	128	1	1048576	4194304	2097152	112.0	72.2	0.645	ok
mid	256	1024	4	1	32	32	32	1	262144	1048576	131072	22.0	11.5	0.524	ok
mid	256	1024	4	1	32	32	32	4	262144	1048576	131072	88.0	42.1	0.478	ok
mid	256	1024	4	1	32	32	16	1	262144	1048576	131072	22.0	11.5	0.524	ok
mid	256	1024	4	1	32	32	16	4	262144	1048576	131072	88.0	42.6	0.484	ok
mid	256	1024	4	2	32	32	32	1	262144	1048576	131072	22.0	12.5	0.569	ok
mid	256	1024	4	12	32	32	32	1	262144	1048576	131072	22.0	12.5	0.569	ok
mid	256	1024	4	1	1	8	8	1	2048	8192	256	4.1	1.6	0.378	ok
mid	256	1024	4	1	1	8	8	4	2048	8192	256	16.5	3.9	0.236	ok
mid	256	1024	4	1	1	8	4	1	2048	8192	256	4.1	1.6	0.378	ok
mid	256	1024	4	1	1	8	4	4	2048	8192	256	16.5	5.4	0.330	ok
mid	256	1024	4	2	1	8	8	1	2048	8192	256	4.1	1.6	0.380	ok
mid	256	1024	4	12	1	8	8	1	2048	8192	256	4.1	1.6	0.380	ok
all-maximal	1024	4096	64	1	1	512	512	1	524288	2097152	16777216	418.0	334.3	0.800	ok
all-maximal	1024	4096	64	1	1	512	512	4	524288	2097152	16777216	1672.0	1337.1	0.800	ok
all-maximal	1024	4096	64	1	1	512	256	1	524288	2097152	16777216	418.0	334.3	0.800	ok
all-maximal	1024	4096	64	1	1	512	256	4	524288	2097152	16777216	1672.0	1337.1	0.800	ok
all-maximal	1024	4096	64	2	1	512	512	1	524288	2097152	16777216	418.0	336.3	0.804	ok
all-maximal	1024	4096	64	12	1	512	512	1	524288	2097152	16777216	418.0	336.3	0.804	ok
all-maximal	1024	4096	64	1	4	512	512	1							skipped: above the caps
all-maximal	1024	4096	64	1	4	512	512	4							skipped: above the caps
all-maximal	1024	4096	64	1	4	512	256	1							skipped: above the caps
all-maximal	1024	4096	64	1	4	512	256	4							skipped: above the caps
all-maximal	1024	4096	64	2	4	512	512	1							skipped: above the caps
all-maximal	1024	4096	64	12	4	512	512	1							skipped: above the caps
all-maximal	1024	4096	64	1	8	128	128	1	1048576	4194304	8388608	256.0	188.5	0.736	ok
all-maximal	1024	4096	64	1	8	128	128	4	1048576	4194304	8388608	1024.0	754.1	0.736	ok
all-maximal	1024	4096	64	1	8	128	64	1	1048576	4194304	8388608	256.0	188.5	0.736	ok
all-maximal	1024	4096	64	1	8	128	64	4	1048576	4194304	8388608	1024.0	754.1	0.736	ok
all-maximal	1024	4096	64	2	8	128	128	1	1048576	4194304	8388608	256.0	193.5	0.756	ok
all-maximal	1024	4096	64	12	8	128	128	1	1048576	4194304	8388608	256.0	193.5	0.756	ok
all-maximal	1024	4096	64	1	32	128	128	1	4194304	16777216	33554432	1012.0	754.1	0.745	ok
all-maximal	1024	4096	64	1	32	128	128	4	4194304	16777216	33554432	4048.0	3016.3	0.745	ok
all-maximal	1024	4096	64	1	32	128	64	1	4194304	16777216	33554432	1012.0	754.1	0.745	ok
all-maximal	1024	4096	64	1	32	128	64	4	4194304	16777216	33554432	4048.0	2791.3	0.690	ok
all-maximal	1024	4096	64	2	32	128	128	1	4194304	16777216	33554432	1012.0	771.1	0.762	ok
all-maximal	1024	4096	64	12	32	128	128	1	4194304	16777216	33554432	1012.0	771.1	0.762	ok
all-maximal	1024	4096	64	1	32	32	32	1	1048576	4194304	2097152	112.0	68.5	0.612	ok
all-maximal	1024	4096	64	1	32	32	32	4	1048576	4194304	2097152	448.0	274.1	0.612	ok
all-maximal	1024	4096	64	1	32	32	16	1	1048576	4194304	2097152	112.0	68.5	0.612	ok
all-maximal	1024	4096	64	1	32	32	16	4	1048576	4194304	2097152	448.0	274.1	0.612	ok
all-maximal	1024	4096	64	2	32	32	32	1	1048576	4194304	2097152	112.0	73.5	0.656	ok
all-maximal	1024	4096	64	12	32	32	32	1	1048576	4194304	2097152	112.0	73.5	0.656	ok
all-maximal	1024	4096	64	1	1	8	8	1	8192	32768	4096	4.6	1.3	0.292	ok
all-maximal	1024	4096	64	1	1	8	8	4	8192	32768	4096	18.2	5.1	0.278	ok
all-maximal	1024	4096	64	1	1	8	4	1	8192	32768	4096	4.6	1.3	0.292	ok
all-maximal	1024	4096	64	1	1	8	4	4	8192	32768	4096	18.2	5.0	0.273	ok
all-maximal	1024	4096	64	2	1	8	8	1	8192	32768	4096	4.6	1.4	0.299	ok
all-maximal	1024	4096	64	12	1	8	8	1	8192	32768	4096	4.6	1.4	0.299	ok
ffn-mid	64	4096	1	1	1	512	512	1	32768	2097152	262144	26.9	16.3	0.605	ok
ffn-mid	64	4096	1	1	1	512	512	4	32768	2097152	262144	107.5	65.0	0.605	ok
ffn-mid	64	4096	1	1	1	512	256	1	32768	2097152	262144	26.9	16.3	0.605	ok
ffn-mid	64	4096	1	1	1	512	256	4	32768	2097152	262144	107.5	65.0	0.605	ok
ffn-mid	64	4096	1	2	1	512	512	1	32768	2097152	262144	26.9	16.4	0.610	ok
ffn-mid	64	4096	1	12	1	512	512	1	32768	2097152	262144	26.9	16.4	0.610	ok
ffn-mid	64	4096	1	1	4	512	512	1	131072	8388608	1048576	95.5	65.0	0.681	ok
ffn-mid	64	4096	1	1	4	512	512	4	131072	8388608	1048576	382.0	260.1	0.681	ok
ffn-mid	64	4096	1	1	4	512	256	1	131072	8388608	1048576	95.5	65.0	0.681	ok
ffn-mid	64	4096	1	1	4	512	256	4	131072	8388608	1048576	382.0	260.1	0.681	ok
ffn-mid	64	4096	1	2	4	512	512	1	131072	8388608	1048576	95.5	65.5	0.686	ok
ffn-mid	64	4096	1	12	4	512	512	1	131072	8388608	1048576	95.5	65.5	0.686	ok
ffn-mid	64	4096	1	1	8	128	128	1	65536	4194304	131072	40.8	32.5	0.798	ok
ffn-mid	64	4096	1	1	8	128	128	4	65536	4194304	131072	163.0	130.1	0.798	ok
ffn-mid	64	4096	1	1	8	128	64	1	65536	4194304	131072	40.8	32.5	0.798	ok
ffn-mid	64	4096	1	1	8	128	64	4	65536	4194304	131072	163.0	130.1	0.798	ok
ffn-mid	64	4096	1	2	8	128	128	1	65536	4194304	131072	40.8	32.8	0.804	ok
ffn-mid	64	4096	1	12	8	128	128	1	65536	4194304	131072	40.8	32.8	0.804	ok
ffn-mid	64	4096	1	1	32	128	128	1	262144	16777216	524288	151.0	130.1	0.861	ok
ffn-mid	64	4096	1	1	32	128	128	4	262144	16777216	524288	604.0	520.3	0.861	ok
ffn-mid	64	4096	1	1	32	128	64	1	262144	16777216	524288	151.0	130.1	0.861	ok
ffn-mid	64	4096	1	1	32	128	64	4	262144	16777216	524288	604.0	520.3	0.861	ok
ffn-mid	64	4096	1	2	32	128	128	1	262144	16777216	524288	151.0	131.1	0.868	ok
ffn-mid	64	4096	1	12	32	128	128	1	262144	16777216	524288	151.0	131.1	0.868	ok
ffn-mid	64	4096	1	1	32	32	32	1	65536	4194304	32768	38.5	33.5	0.871	ok
ffn-mid	64	4096	1	1	32	32	32	4	65536	4194304	32768	154.0	134.1	0.871	ok
ffn-mid	64	4096	1	1	32	32	16	1	65536	4194304	32768	38.5	33.5	0.871	ok
ffn-mid	64	4096	1	1	32	32	16	4	65536	4194304	32768	154.0	134.1	0.871	ok
ffn-mid	64	4096	1	2	32	32	32	1	65536	4194304	32768	38.5	33.8	0.877	ok
ffn-mid	64	4096	1	12	32	32	32	1	65536	4194304	32768	38.5	33.8	0.877	ok
ffn-mid	64	4096	1	1	1	8	8	1	512	32768	64	4.3	1.3	0.295	ok
ffn-mid	64	4096	1	1	1	8	8	4	512	32768	64	17.1	4.7	0.274	ok
ffn-mid	64	4096	1	1	1	8	4	1	512	32768	64	4.3	1.3	0.295	ok
ffn-mid	64	4096	1	1	1	8	4	4	512	32768	64	17.1	4.8	0.281	ok
ffn-mid	64	4096	1	2	1	8	8	1	512	32768	64	4.3	1.3	0.296	ok
ffn-mid	64	4096	1	12	1	8	8	1	512	32768	64	4.3	1.3	0.296	ok
hidden-and-ffn	1024	1024	1	1	1	512	512	1	524288	524288	262144	28.0	13.0	0.465	ok
hidden-and-ffn	1024	1024	1	1	1	512	512	4	524288	524288	262144	112.0	52.1	0.465	ok
hidden-and-ffn	1024	1024	1	1	1	512	256	1	524288	524288	262144	28.0	13.0	0.465	ok
hidden-and-ffn	1024	1024	1	1	1	512	256	4	524288	524288	262144	112.0	52.1	0.465	ok
hidden-and-ffn	1024	1024	1	2	1	512	512	1	524288	524288	262144	28.0	15.0	0.536	ok
hidden-and-ffn	1024	1024	1	12	1	512	512	1	524288	524288	262144	28.0	15.0	0.536	ok
hidden-and-ffn	1024	1024	1	1	4	512	512	1	2097152	2097152	1048576	100.0	52.1	0.521	ok
hidden-and-ffn	1024	1024	1	1	4	512	512	4	2097152	2097152	1048576	400.0	196.2	0.490	ok
hidden-and-ffn	1024	1024	1	1	4	512	256	1	2097152	2097152	1048576	100.0	52.1	0.521	ok
hidden-and-ffn	1024	1024	1	1	4	512	256	4	2097152	2097152	1048576	400.0	204.2	0.510	ok
hidden-and-ffn	1024	1024	1	2	4	512	512	1	2097152	2097152	1048576	100.0	60.1	0.601	ok
hidden-and-ffn	1024	1024	1	12	4	512	512	1	2097152	2097152	1048576	100.0	60.1	0.601	ok
hidden-and-ffn	1024	1024	1	1	8	128	128	1	1048576	1048576	131072	43.0	24.0	0.559	ok
hidden-and-ffn	1024	1024	1	1	8	128	128	4	1048576	1048576	131072	172.0	86.1	0.501	ok
hidden-and-ffn	1024	1024	1	1	8	128	64	1	1048576	1048576	131072	43.0	24.0	0.559	ok
hidden-and-ffn	1024	1024	1	1	8	128	64	4	1048576	1048576	131072	172.0	79.1	0.460	ok
hidden-and-ffn	1024	1024	1	2	8	128	128	1	1048576	1048576	131072	43.0	28.0	0.652	ok
hidden-and-ffn	1024	1024	1	12	8	128	128	1	1048576	1048576	131072	43.0	28.0	0.652	ok
hidden-and-ffn	1024	1024	1	1	32	128	128	1	4194304	4194304	524288	160.0	96.1	0.600	ok
hidden-and-ffn	1024	1024	1	1	32	128	128	4	4194304	4194304	524288	640.0	306.5	0.479	ok
hidden-and-ffn	1024	1024	1	1	32	128	64	1	4194304	4194304	524288	160.0	96.1	0.600	ok
hidden-and-ffn	1024	1024	1	1	32	128	64	4	4194304	4194304	524288	640.0	336.3	0.525	ok
hidden-and-ffn	1024	1024	1	2	32	128	128	1	4194304	4194304	524288	160.0	112.1	0.700	ok
hidden-and-ffn	1024	1024	1	12	32	128	128	1	4194304	4194304	524288	160.0	112.1	0.700	ok
hidden-and-ffn	1024	1024	1	1	32	32	32	1	1048576	1048576	32768	40.8	24.0	0.589	ok
hidden-and-ffn	1024	1024	1	1	32	32	32	4	1048576	1048576	32768	163.0	76.1	0.467	ok
hidden-and-ffn	1024	1024	1	1	32	32	16	1	1048576	1048576	32768	40.8	24.0	0.589	ok
hidden-and-ffn	1024	1024	1	1	32	32	16	4	1048576	1048576	32768	163.0	72.6	0.446	ok
hidden-and-ffn	1024	1024	1	2	32	32	32	1	1048576	1048576	32768	40.8	28.0	0.688	ok
hidden-and-ffn	1024	1024	1	12	32	32	32	1	1048576	1048576	32768	40.8	28.0	0.688	ok
hidden-and-ffn	1024	1024	1	1	1	8	8	1	8192	8192	64	4.3	1.2	0.278	ok
hidden-and-ffn	1024	1024	1	1	1	8	8	4	8192	8192	64	17.1	4.6	0.266	ok
hidden-and-ffn	1024	1024	1	1	1	8	4	1	8192	8192	64	4.3	1.2	0.278	ok
hidden-and-ffn	1024	1024	1	1	1	8	4	4	8192	8192	64	17.1	4.6	0.269	ok
hidden-and-ffn	1024	1024	1	2	1	8	8	1	8192	8192	64	4.3	1.2	0.285	ok
hidden-and-ffn	1024	1024	1	12	1	8	8	1	8192	8192	64	4.3	1.2	0.285	ok
# 396 expected cases: 384 ran, 12 skipped (above the caps), 0 failed; worst ratio 0.896
