band	i	j	score
d1-dup	0101_polars_indexed_chunk_snapshots.md	0102_polars_single_chunk_array_snapshots.md	0.9599273
d1-dup	0101_polars_indexed_chunk_snapshots_evidence.md	0104_polars_indexed_chunk_view_snapshots_evidence.md	0.95237863
d1-dup	0103_polars_typed_chunk_iterator_snapshots_evidence.md	0105_polars_consuming_chunk_iterator_snapshots_evidence.md	0.95239466
d1-rel	0002_the_interactive_session.md	0002_the_interactive_session_evidence.md	0.8639783
d1-rel	0003_completion.md	0003_completion_evidence.md	0.85767394
d1-rel	0004_vars_and_help.md	0004_vars_and_help_evidence.md	0.855914
d1-rel	0005_the_allocation_ceiling.md	0005_the_allocation_ceiling_evidence.md	0.9272046
d1-rel	0006_what_a_retained_value_pins.md	0006_what_a_retained_value_pins_evidence.md	0.92271787
d1-rel	0007_the_binding_prelude.md	0007_the_binding_prelude_evidence.md	0.91723263
d1-rel	0009_diagnostics_for_the_file_runner.md	0009_diagnostics_for_the_file_runner_evidence.md	0.88222146
d1-rel	0010_the_text_helpers.md	0010_the_text_helpers_evidence.md	0.88275117
d1-rel	0012_standard_input.md	0012_standard_input_evidence.md	0.9223885
d1-rel	0013_the_exit_status_and_standard_error.md	0013_the_exit_status_and_standard_error_evidence.md	0.90633726
d1-rel	0014_naming_the_missing_method.md	0014_naming_the_missing_method_evidence.md	0.90627635
d1-rel	0016_a_childs_bytes.md	0016_a_childs_bytes_evidence.md	0.8945581
d1-rel	0018_a_failure_is_a_failure_from_either_entry_point.md	0019_a_value_for_a_human_and_json_when_asked.md	0.8742023
d1-rel	0022_a_child_that_is_told_what_to_do.md	0023_a_capture_that_ends_when_the_call_does.md	0.8954512
d1-rel	0022_a_child_that_is_told_what_to_do.md	0025_the_same_contracts_on_windows.md	0.87349993
d1-rel	0025_the_same_contracts_on_windows.md	0025_the_same_contracts_on_windows_evidence.md	0.9429759
d1-rel	0026_the_manifest_a_release_needs.md	0029_the_notices_a_binary_must_carry.md	0.8727608
d1-rel	0028_where_rnx_came_from.md	0029_the_notices_a_binary_must_carry.md	0.88350695
d1-rel	0032_one_way_to_run_a_script.md	0032_one_way_to_run_a_script_evidence.md	0.93103683
d1-rel	0034_a_bounded_request_with_no_second_json.md	0034_a_bounded_request_with_no_second_json_evidence.md	0.8583438
d1-rel	0038_a_moment_is_a_number_and_a_clock_is_named.md	0038_a_moment_is_a_number_and_a_clock_is_named_evidence.md	0.8559842
d1-rel	0036_what_the_process_was_given_evidence.md	0044_a_child_with_its_own_directory_and_environment_evidence.md	0.8607281
d1-rel	0039_colour_belongs_to_the_presentation_evidence.md	0045_the_number_carries_the_colour_evidence.md	0.8586346
d1-rel	0046_a_worker_whose_output_has_a_boundary.md	0046_a_worker_whose_output_has_a_boundary_evidence.md	0.85226655
d1-rel	0046_a_worker_whose_output_has_a_boundary.md	0047_a_notebook_cell_over_the_worker.md	0.85732615
d1-rel	0047_a_notebook_cell_over_the_worker.md	0047_a_notebook_cell_over_the_worker_evidence.md	0.9272081
d1-rel	0047_a_notebook_cell_over_the_worker_evidence.md	0048_a_bounded_transport_before_a_notebook_evidence.md	0.8568033
d1-rel	0048_a_bounded_transport_before_a_notebook.md	0048_a_bounded_transport_before_a_notebook_evidence.md	0.8715671
d1-rel	0044_a_child_with_its_own_directory_and_environment_evidence.md	0049_the_names_no_longer_begin_with_host_evidence.md	0.8713724
d1-rel	0046_a_worker_whose_output_has_a_boundary_evidence.md	0049_the_names_no_longer_begin_with_host_evidence.md	0.8538134
d1-rel	0049_the_names_no_longer_begin_with_host.md	0049_the_names_no_longer_begin_with_host_evidence.md	0.89715594
d1-rel	0049_the_names_no_longer_begin_with_host_evidence.md	0050_a_program_is_more_than_one_file_evidence.md	0.8602231
d1-rel	0049_the_names_no_longer_begin_with_host_evidence.md	0051_an_executable_assembled_from_its_extensions_evidence.md	0.8941166
d1-rel	0050_a_program_is_more_than_one_file_evidence.md	0051_an_executable_assembled_from_its_extensions_evidence.md	0.8637622
d1-rel	0052_one_query_through_the_extension_interface.md	0052_one_query_through_the_extension_interface_implementation_evidence.md	0.90388966
d1-rel	0054_a_server_owns_more_than_a_handler.md	0054_a_server_owns_more_than_a_handler_assembly_evidence.md	0.8777118
d1-rel	0054_a_server_owns_more_than_a_handler.md	0054_a_server_owns_more_than_a_handler_http_evidence.md	0.8893769
d1-rel	0054_a_server_owns_more_than_a_handler_shutdown_evidence.md	0054_a_server_owns_more_than_a_handler_transactions_evidence.md	0.88251185
d1-rel	0053_cancellation_reaches_the_operation_not_just_the_binding.md	0055_http_cancellation_belongs_to_its_execution.md	0.8916847
d1-rel	0054_a_server_owns_more_than_a_handler.md	0055_http_cancellation_belongs_to_its_execution.md	0.8611798
d1-rel	0053_cancellation_reaches_the_operation_not_just_the_binding_evidence.md	0055_http_cancellation_belongs_to_its_execution_evidence.md	0.88794774
d1-rel	0054_a_server_owns_more_than_a_handler.md	0055_http_cancellation_belongs_to_its_execution_evidence.md	0.8774442
d1-rel	0054_a_server_owns_more_than_a_handler_assembly_evidence.md	0055_http_cancellation_belongs_to_its_execution_evidence.md	0.8662469
d1-rel	0055_http_cancellation_belongs_to_its_execution.md	0055_http_cancellation_belongs_to_its_execution_evidence.md	0.8839185
d1-rel	0053_cancellation_reaches_the_operation_not_just_the_binding_evidence.md	0056_a_server_entry_without_ownership_by_accident.md	0.86914253
d1-rel	0054_a_server_owns_more_than_a_handler.md	0056_a_server_entry_without_ownership_by_accident.md	0.89836806
d1-rel	0053_cancellation_reaches_the_operation_not_just_the_binding_evidence.md	0056_a_server_entry_without_ownership_by_accident_extraction_evidence.md	0.863114
d1-rel	0054_a_server_owns_more_than_a_handler_shutdown_evidence.md	0056_a_server_entry_without_ownership_by_accident_extraction_evidence.md	0.88067734
d1-rel	0056_a_server_entry_without_ownership_by_accident.md	0056_a_server_entry_without_ownership_by_accident_extraction_evidence.md	0.8713497
d1-rel	0057_a_project_declares_what_its_executable_contains.md	0057_a_project_declares_what_its_executable_contains_inputs_evidence.md	0.8602539
d1-rel	0057_a_project_declares_what_its_executable_contains_fingerprint_evidence.md	0057_a_project_declares_what_its_executable_contains_workflow_evidence.md	0.8547343
d1-rel	0058_a_small_dataframe_pipeline_through_the_same_engine.md	0058_a_small_dataframe_pipeline_through_the_same_engine_boundary_evidence.md	0.8921646
d1-rel	0058_a_small_dataframe_pipeline_through_the_same_engine.md	0058_a_small_dataframe_pipeline_through_the_same_engine_files_evidence.md	0.8513958
d1-rel	0059_a_project_run_is_an_everyday_launch.md	0059_a_project_run_is_an_everyday_launch_default_evidence.md	0.90930253
d1-rel	0059_a_project_run_is_an_everyday_launch.md	0059_a_project_run_is_an_everyday_launch_stage_one_evidence.md	0.8831912
d1-rel	0059_a_project_run_is_an_everyday_launch_default_evidence.md	0059_a_project_run_is_an_everyday_launch_stage_one_evidence.md	0.9183622
d1-rel	0060_a_project_opens_at_its_own_prompt.md	0060_a_project_opens_at_its_own_prompt_evidence.md	0.88163656
d1-rel	0061_projects_share_an_assembled_executable.md	0061_projects_share_an_assembled_executable_commands_evidence.md	0.87768596
d1-rel	0061_projects_share_an_assembled_executable.md	0061_projects_share_an_assembled_executable_context_evidence.md	0.8619922
d1-rel	0061_projects_share_an_assembled_executable.md	0061_projects_share_an_assembled_executable_identity_evidence.md	0.8548401
d1-rel	0061_projects_share_an_assembled_executable.md	0061_projects_share_an_assembled_executable_publication_evidence.md	0.86852324
d1-rel	0061_projects_share_an_assembled_executable_commands_evidence.md	0061_projects_share_an_assembled_executable_publication_evidence.md	0.8936001
d1-rel	0061_projects_share_an_assembled_executable_commands_evidence.md	0061_projects_share_an_assembled_executable_regression_evidence.md	0.8945028
d1-rel	0061_projects_share_an_assembled_executable_publication_evidence.md	0061_projects_share_an_assembled_executable_regression_evidence.md	0.8741273
d1-rel	0061_projects_share_an_assembled_executable_commands_evidence.md	0062_an_adapter_name_becomes_a_declaration_implementation_evidence.md	0.8538514
d1-rel	0061_projects_share_an_assembled_executable_publication_evidence.md	0062_an_adapter_name_becomes_a_declaration_implementation_evidence.md	0.8533872
d1-rel	0061_projects_share_an_assembled_executable_regression_evidence.md	0062_an_adapter_name_becomes_a_declaration_implementation_evidence.md	0.88004166
d1-rel	0060_a_project_opens_at_its_own_prompt.md	0063_a_session_can_request_its_next_executable.md	0.8826595
d1-rel	0062_an_adapter_name_becomes_a_declaration_implementation_evidence.md	0063_a_session_can_request_its_next_executable_acceptance_evidence.md	0.8538654
d1-rel	0062_an_adapter_name_becomes_a_declaration_implementation_evidence.md	0063_a_session_can_request_its_next_executable_dogfood_evidence.md	0.8638325
d1-rel	0063_a_session_can_request_its_next_executable_acceptance_evidence.md	0063_a_session_can_request_its_next_executable_dogfood_evidence.md	0.86809945
d1-rel	0062_an_adapter_name_becomes_a_declaration_implementation_evidence.md	0063_a_session_can_request_its_next_executable_ownership_evidence.md	0.8738087
d1-rel	0063_a_session_can_request_its_next_executable.md	0063_a_session_can_request_its_next_executable_ownership_evidence.md	0.8717278
d1-rel	0061_projects_share_an_assembled_executable_commands_evidence.md	0063_a_session_can_request_its_next_executable_preparation_evidence.md	0.8627405
d1-rel	0061_projects_share_an_assembled_executable_regression_evidence.md	0063_a_session_can_request_its_next_executable_preparation_evidence.md	0.85851127
d1-rel	0062_an_adapter_name_becomes_a_declaration_implementation_evidence.md	0063_a_session_can_request_its_next_executable_preparation_evidence.md	0.86385775
d1-rel	0063_a_session_can_request_its_next_executable.md	0063_a_session_can_request_its_next_executable_preparation_evidence.md	0.87378013
d1-rel	0063_a_session_can_request_its_next_executable_ownership_evidence.md	0063_a_session_can_request_its_next_executable_preparation_evidence.md	0.8899607
d1-rel	0063_a_session_can_request_its_next_executable_ownership_evidence.md	0063_a_session_can_request_its_next_executable_startup_evidence.md	0.8656753
d1-rel	0063_a_session_can_request_its_next_executable_preparation_evidence.md	0063_a_session_can_request_its_next_executable_startup_evidence.md	0.8815102
d1-rel	0061_projects_share_an_assembled_executable_polars_evidence.md	0064_a_runtime_installation_outlives_its_checkout_cost_evidence.md	0.8881704
d1-rel	0063_a_session_can_request_its_next_executable_preparation_evidence.md	0064_a_runtime_installation_outlives_its_checkout_discovery_evidence.md	0.87428504
d1-rel	0064_a_runtime_installation_outlives_its_checkout.md	0064_a_runtime_installation_outlives_its_checkout_index_evidence.md	0.8629318
d1-rel	0061_projects_share_an_assembled_executable_regression_evidence.md	0064_a_runtime_installation_outlives_its_checkout_journey_evidence.md	0.8666625
d1-rel	0062_an_adapter_name_becomes_a_declaration_implementation_evidence.md	0064_a_runtime_installation_outlives_its_checkout_journey_evidence.md	0.851242
d1-rel	0064_a_runtime_installation_outlives_its_checkout.md	0064_a_runtime_installation_outlives_its_checkout_journey_evidence.md	0.8530744
d1-rel	0064_a_runtime_installation_outlives_its_checkout_discovery_evidence.md	0064_a_runtime_installation_outlives_its_checkout_journey_evidence.md	0.8887769
d1-rel	0064_a_runtime_installation_outlives_its_checkout_index_evidence.md	0064_a_runtime_installation_outlives_its_checkout_journey_evidence.md	0.9052361
d1-rel	0064_a_runtime_installation_outlives_its_checkout.md	0064_a_runtime_installation_outlives_its_checkout_publication_evidence.md	0.87260175
d1-rel	0064_a_runtime_installation_outlives_its_checkout_index_evidence.md	0064_a_runtime_installation_outlives_its_checkout_publication_evidence.md	0.85184574
d1-rel	0061_projects_share_an_assembled_executable_regression_evidence.md	0064_a_runtime_installation_outlives_its_checkout_regression_evidence.md	0.8912353
d1-rel	0062_an_adapter_name_becomes_a_declaration_implementation_evidence.md	0064_a_runtime_installation_outlives_its_checkout_regression_evidence.md	0.851818
d1-rel	0064_a_runtime_installation_outlives_its_checkout_discovery_evidence.md	0064_a_runtime_installation_outlives_its_checkout_regression_evidence.md	0.85193574
d1-rel	0064_a_runtime_installation_outlives_its_checkout_index_evidence.md	0064_a_runtime_installation_outlives_its_checkout_regression_evidence.md	0.8612789
d1-rel	0064_a_runtime_installation_outlives_its_checkout_journey_evidence.md	0064_a_runtime_installation_outlives_its_checkout_regression_evidence.md	0.92732894
d1-rel	0059_a_project_run_is_an_everyday_launch.md	0065_a_launch_checks_each_native_file_once.md	0.85355306
d1-rel	0059_a_project_run_is_an_everyday_launch_default_evidence.md	0065_a_launch_checks_each_native_file_once.md	0.8556304
d1-rel	0059_a_project_run_is_an_everyday_launch_stage_one_evidence.md	0065_a_launch_checks_each_native_file_once.md	0.86100596
d1-rel	0061_projects_share_an_assembled_executable.md	0065_a_launch_checks_each_native_file_once.md	0.85673875
d1-rel	0064_a_runtime_installation_outlives_its_checkout.md	0065_a_launch_checks_each_native_file_once.md	0.8670956
d1-rel	0064_a_runtime_installation_outlives_its_checkout_index_evidence.md	0065_a_launch_checks_each_native_file_once.md	0.8534203
d1-rel	0064_a_runtime_installation_outlives_its_checkout_publication_evidence.md	0065_a_launch_checks_each_native_file_once.md	0.86397713
d1-rel	0064_a_runtime_installation_outlives_its_checkout_journey_evidence.md	0065_a_launch_checks_each_native_file_once_migration_evidence.md	0.86853147
d1-rel	0065_a_launch_checks_each_native_file_once.md	0065_a_launch_checks_each_native_file_once_migration_evidence.md	0.88473123
d1-rel	0065_a_launch_checks_each_native_file_once.md	0065_a_launch_checks_each_native_file_once_nested_evidence.md	0.8535236
d1-rel	0065_a_launch_checks_each_native_file_once_directory_evidence.md	0065_a_launch_checks_each_native_file_once_product_evidence.md	0.8898322
d1-rel	0061_projects_share_an_assembled_executable_polars_evidence.md	0065_a_launch_checks_each_native_file_once_regression_evidence.md	0.86263585
d1-rel	0061_projects_share_an_assembled_executable_regression_evidence.md	0065_a_launch_checks_each_native_file_once_regression_evidence.md	0.86138356
d1-rel	0063_a_session_can_request_its_next_executable_acceptance_evidence.md	0065_a_launch_checks_each_native_file_once_regression_evidence.md	0.8532475
d1-rel	0064_a_runtime_installation_outlives_its_checkout_cost_evidence.md	0065_a_launch_checks_each_native_file_once_regression_evidence.md	0.88294894
d1-rel	0064_a_runtime_installation_outlives_its_checkout_journey_evidence.md	0065_a_launch_checks_each_native_file_once_regression_evidence.md	0.8683199
d1-rel	0064_a_runtime_installation_outlives_its_checkout_regression_evidence.md	0065_a_launch_checks_each_native_file_once_regression_evidence.md	0.8758101
d1-rel	0065_a_launch_checks_each_native_file_once.md	0065_a_launch_checks_each_native_file_once_regression_evidence.md	0.8603406
d1-rel	0065_a_launch_checks_each_native_file_once_directory_evidence.md	0065_a_launch_checks_each_native_file_once_regression_evidence.md	0.87813705
d1-rel	0065_a_launch_checks_each_native_file_once_product_evidence.md	0065_a_launch_checks_each_native_file_once_regression_evidence.md	0.8690728
d1-rel	0065_a_launch_checks_each_native_file_once_directory_evidence.md	0065_a_launch_checks_each_native_file_once_scoped_evidence.md	0.87123275
d1-rel	0065_a_launch_checks_each_native_file_once_position_evidence.md	0065_a_launch_checks_each_native_file_once_scoped_evidence.md	0.9210596
d1-rel	0065_a_launch_checks_each_native_file_once_product_evidence.md	0065_a_launch_checks_each_native_file_once_scoped_evidence.md	0.87626535
d1-rel	0065_a_launch_checks_each_native_file_once_regression_evidence.md	0065_a_launch_checks_each_native_file_once_scoped_evidence.md	0.880831
d1-rel	0059_a_project_run_is_an_everyday_launch_default_evidence.md	0065_a_launch_checks_each_native_file_once_workflow_evidence.md	0.8844422
d1-rel	0059_a_project_run_is_an_everyday_launch_stage_one_evidence.md	0065_a_launch_checks_each_native_file_once_workflow_evidence.md	0.8721321
d1-rel	0061_projects_share_an_assembled_executable_commands_evidence.md	0065_a_launch_checks_each_native_file_once_workflow_evidence.md	0.86585563
d1-rel	0061_projects_share_an_assembled_executable_polars_evidence.md	0065_a_launch_checks_each_native_file_once_workflow_evidence.md	0.870895
d1-rel	0061_projects_share_an_assembled_executable_regression_evidence.md	0065_a_launch_checks_each_native_file_once_workflow_evidence.md	0.8790304
d1-rel	0062_an_adapter_name_becomes_a_declaration_implementation_evidence.md	0065_a_launch_checks_each_native_file_once_workflow_evidence.md	0.86052936
d1-rel	0063_a_session_can_request_its_next_executable_preparation_evidence.md	0065_a_launch_checks_each_native_file_once_workflow_evidence.md	0.86187166
d1-rel	0064_a_runtime_installation_outlives_its_checkout_journey_evidence.md	0065_a_launch_checks_each_native_file_once_workflow_evidence.md	0.8512944
d1-rel	0064_a_runtime_installation_outlives_its_checkout_regression_evidence.md	0065_a_launch_checks_each_native_file_once_workflow_evidence.md	0.8689651
d1-rel	0065_a_launch_checks_each_native_file_once.md	0065_a_launch_checks_each_native_file_once_workflow_evidence.md	0.86356527
d1-rel	0065_a_launch_checks_each_native_file_once_regression_evidence.md	0065_a_launch_checks_each_native_file_once_workflow_evidence.md	0.90004975
d1-rel	0061_projects_share_an_assembled_executable_polars_evidence.md	0066_removal_is_an_explicit_ownership_decision_closing_evidence.md	0.87968755
d1-rel	0065_a_launch_checks_each_native_file_once_regression_evidence.md	0066_removal_is_an_explicit_ownership_decision_closing_evidence.md	0.88695014
d1-rel	0065_a_launch_checks_each_native_file_once_workflow_evidence.md	0066_removal_is_an_explicit_ownership_decision_closing_evidence.md	0.87073344
d1-rel	0066_removal_is_an_explicit_ownership_decision.md	0066_removal_is_an_explicit_ownership_decision_commands_evidence.md	0.8732743
d1-rel	0066_removal_is_an_explicit_ownership_decision.md	0066_removal_is_an_explicit_ownership_decision_ownership_evidence.md	0.8600016
d1-rel	0066_removal_is_an_explicit_ownership_decision_commands_evidence.md	0066_removal_is_an_explicit_ownership_decision_ownership_evidence.md	0.87466705
d1-rel	0065_a_launch_checks_each_native_file_once_migration_evidence.md	0066_removal_is_an_explicit_ownership_decision_storage_evidence.md	0.85899746
d1-rel	0064_a_runtime_installation_outlives_its_checkout_index_evidence.md	0067_git_source_workflow_evidence.md	0.85333747
d1-rel	0064_a_runtime_installation_outlives_its_checkout_journey_evidence.md	0067_git_source_workflow_evidence.md	0.8543356
d1-rel	0064_a_runtime_installation_outlives_its_checkout_publication_evidence.md	0067_git_source_workflow_evidence.md	0.880236
d1-rel	0064_a_runtime_installation_outlives_its_checkout_regression_evidence.md	0067_git_source_workflow_evidence.md	0.8543306
d1-rel	0065_a_launch_checks_each_native_file_once.md	0067_git_source_workflow_evidence.md	0.8590426
d1-rel	0067_command_boundary_and_coordinates_evidence.md	0067_git_source_workflow_evidence.md	0.88878745
d1-rel	0061_projects_share_an_assembled_executable_regression_evidence.md	0067_management_and_session_protocol_evidence.md	0.8683233
d1-rel	0064_a_runtime_installation_outlives_its_checkout_journey_evidence.md	0067_management_and_session_protocol_evidence.md	0.854427
d1-rel	0064_a_runtime_installation_outlives_its_checkout_regression_evidence.md	0067_management_and_session_protocol_evidence.md	0.85757583
d1-rel	0067_command_boundary_and_coordinates_evidence.md	0067_management_and_session_protocol_evidence.md	0.88402456
d1-rel	0067_git_source_workflow_evidence.md	0067_management_and_session_protocol_evidence.md	0.8593006
d1-rel	0064_a_runtime_installation_outlives_its_checkout_index_evidence.md	0067_one_install_journey_evidence.md	0.8532006
d1-rel	0064_a_runtime_installation_outlives_its_checkout.md	0067_one_install_provides_the_dependency_workflow.md	0.9105906
d1-rel	0064_a_runtime_installation_outlives_its_checkout_index_evidence.md	0067_one_install_provides_the_dependency_workflow.md	0.86294204
d1-rel	0065_a_launch_checks_each_native_file_once.md	0067_one_install_provides_the_dependency_workflow.md	0.85057825
d1-rel	0067_command_boundary_and_coordinates_evidence.md	0067_one_install_provides_the_dependency_workflow.md	0.8783376
d1-rel	0067_git_source_workflow_evidence.md	0067_one_install_provides_the_dependency_workflow.md	0.9045378
d1-rel	0067_management_and_session_protocol_evidence.md	0067_one_install_provides_the_dependency_workflow.md	0.86644167
d1-rel	0069_assemblies_share_compilation.md	0069_shared_compilation_probe_evidence.md	0.88078296
d1-rel	0069_assemblies_share_compilation.md	0069_shared_directory_evidence.md	0.889945
d1-rel	0069_shared_compilation_probe_evidence.md	0069_shared_directory_evidence.md	0.8564809
d1-rel	0070_dep_is_quiet_by_default.md	0070_quiet_transition_evidence.md	0.88427556
d1-rel	0072_binding_surface_evidence.md	0073_polars_generator.md	0.8585225
d1-rel	0072_binding_surface_probe.md	0073_polars_generator.md	0.8551926
d1-rel	0073_polars_generator.md	0073_polars_generator_evidence.md	0.88652027
d1-rel	0073_polars_generator_evidence.md	0075_polars_coverage_two_evidence.md	0.89371455
d1-rel	0074_polars_rc2_forward_probe_evidence.md	0075_polars_coverage_two_evidence.md	0.90206754
d1-rel	0075_polars_coverage_two.md	0075_polars_coverage_two_evidence.md	0.9001659
d1-rel	0075_polars_coverage_two_evidence.md	0076_polars_coverage_three_evidence.md	0.8902956
d1-rel	0076_polars_coverage_three.md	0076_polars_coverage_three_evidence.md	0.9325618
d1-rel	0076_polars_coverage_three.md	0077_polars_iterator_returns.md	0.8533863
d1-rel	0076_polars_coverage_three_evidence.md	0077_polars_iterator_returns.md	0.8550994
d1-rel	0076_polars_coverage_three_evidence.md	0077_polars_iterator_returns_evidence.md	0.88094723
d1-rel	0077_polars_iterator_returns.md	0077_polars_iterator_returns_evidence.md	0.8938256
d1-rel	0072_binding_surface_evidence.md	0078_polars_constructors_operators_evidence.md	0.86004514
d1-rel	0075_polars_coverage_two_evidence.md	0078_polars_constructors_operators_evidence.md	0.89241177
d1-rel	0076_polars_coverage_three.md	0078_polars_constructors_operators_evidence.md	0.8596429
d1-rel	0076_polars_coverage_three_evidence.md	0078_polars_constructors_operators_evidence.md	0.8979372
d1-rel	0077_polars_iterator_returns_evidence.md	0078_polars_constructors_operators_evidence.md	0.8679864
d1-rel	0078_polars_constructors_operators.md	0078_polars_constructors_operators_evidence.md	0.8899831
d1-rel	0079_polars_callbacks.md	0079_polars_callbacks_evidence.md	0.9460447
d1-rel	0079_polars_callbacks.md	0080_polars_callback_bindings.md	0.9265919
d1-rel	0079_polars_callbacks_evidence.md	0080_polars_callback_bindings.md	0.8894909
d1-rel	0080_polars_callback_bindings.md	0080_polars_callback_bindings_evidence.md	0.85064644
d1-rel	0075_polars_coverage_two_evidence.md	0081_polars_narrow_integer_dtypes_evidence.md	0.86509305
d1-rel	0081_polars_narrow_integer_dtypes.md	0081_polars_narrow_integer_dtypes_evidence.md	0.87088406
d1-rel	0077_polars_iterator_returns_evidence.md	0082_polars_borrowed_slice_bindings_evidence.md	0.8584841
d1-rel	0082_polars_borrowed_slice_bindings.md	0082_polars_borrowed_slice_bindings_evidence.md	0.89301646
d1-rel	0077_polars_iterator_returns.md	0084_polars_function_generic_inputs.md	0.8921305
d1-rel	0082_polars_borrowed_slice_bindings.md	0084_polars_function_generic_inputs.md	0.8600505
d1-rel	0083_polars_function_generics_census.md	0084_polars_function_generic_inputs.md	0.86626303
d1-rel	0083_polars_function_generics_census_evidence.md	0084_polars_function_generic_inputs.md	0.864489
d1-rel	0076_polars_coverage_three_evidence.md	0084_polars_function_generic_inputs_evidence.md	0.8525414
d1-rel	0077_polars_iterator_returns_evidence.md	0084_polars_function_generic_inputs_evidence.md	0.85449696
d1-rel	0083_polars_function_generics_census_evidence.md	0084_polars_function_generic_inputs_evidence.md	0.8747069
d1-rel	0084_polars_function_generic_inputs.md	0084_polars_function_generic_inputs_evidence.md	0.85826856
d1-rel	0085_polars_validity_bitmap_snapshots.md	0085_polars_validity_bitmap_snapshots_evidence.md	0.8818392
d1-rel	0085_polars_validity_bitmap_snapshots.md	0086_polars_validated_bitmap_inputs.md	0.91400224
d1-rel	0085_polars_validity_bitmap_snapshots.md	0086_polars_validated_bitmap_inputs_evidence.md	0.8777149
d1-rel	0085_polars_validity_bitmap_snapshots_evidence.md	0086_polars_validated_bitmap_inputs_evidence.md	0.9025247
d1-rel	0086_polars_validated_bitmap_inputs.md	0086_polars_validated_bitmap_inputs_evidence.md	0.88799644
d1-rel	0087_polars_chunk_length_snapshots.md	0087_polars_chunk_length_snapshots_evidence.md	0.8971052
d1-rel	0073_polars_generator_evidence.md	0088_polars_owned_cow_chunked_returns_evidence.md	0.8530842
d1-rel	0085_polars_validity_bitmap_snapshots_evidence.md	0088_polars_owned_cow_chunked_returns_evidence.md	0.8634935
d1-rel	0089_polars_integer_generic_arg_extrema.md	0089_polars_integer_generic_arg_extrema_evidence.md	0.86302674
d1-rel	0089_polars_integer_generic_arg_extrema.md	0090_polars_numeric_peak_boundaries.md	0.9180684
d1-rel	0089_polars_integer_generic_arg_extrema_evidence.md	0090_polars_numeric_peak_boundaries_evidence.md	0.8914707
d1-rel	0090_polars_numeric_peak_boundaries.md	0090_polars_numeric_peak_boundaries_evidence.md	0.8593514
d1-rel	0089_polars_integer_generic_arg_extrema.md	0091_polars_bounded_integer_indices.md	0.9211674
d1-rel	0090_polars_numeric_peak_boundaries.md	0091_polars_bounded_integer_indices.md	0.92780524
d1-rel	0089_polars_integer_generic_arg_extrema_evidence.md	0091_polars_bounded_integer_indices_evidence.md	0.86427546
d1-rel	0090_polars_numeric_peak_boundaries_evidence.md	0091_polars_bounded_integer_indices_evidence.md	0.8873127
d1-rel	0091_polars_bounded_integer_indices.md	0091_polars_bounded_integer_indices_evidence.md	0.861723
d1-rel	0089_polars_integer_generic_arg_extrema.md	0092_polars_typed_left_subtraction.md	0.8885711
d1-rel	0090_polars_numeric_peak_boundaries.md	0092_polars_typed_left_subtraction.md	0.89646095
d1-rel	0091_polars_bounded_integer_indices.md	0092_polars_typed_left_subtraction.md	0.86223906
d1-rel	0078_polars_constructors_operators_evidence.md	0092_polars_typed_left_subtraction_evidence.md	0.8513303
d1-rel	0089_polars_integer_generic_arg_extrema_evidence.md	0092_polars_typed_left_subtraction_evidence.md	0.8710042
d1-rel	0090_polars_numeric_peak_boundaries_evidence.md	0092_polars_typed_left_subtraction_evidence.md	0.9182383
d1-rel	0092_polars_typed_left_subtraction.md	0092_polars_typed_left_subtraction_evidence.md	0.8547129
d1-rel	0090_polars_numeric_peak_boundaries.md	0093_polars_checked_integer_readback.md	0.8886867
d1-rel	0091_polars_bounded_integer_indices.md	0093_polars_checked_integer_readback.md	0.89112055
d1-rel	0089_polars_integer_generic_arg_extrema_evidence.md	0093_polars_checked_integer_readback_evidence.md	0.8521413
d1-rel	0091_polars_bounded_integer_indices_evidence.md	0093_polars_checked_integer_readback_evidence.md	0.86713517
d1-rel	0093_polars_checked_integer_readback.md	0093_polars_checked_integer_readback_evidence.md	0.8553286
d1-rel	0094_polars_categorical_hash_tokens.md	0094_polars_categorical_hash_tokens_evidence.md	0.88920933
d1-rel	0089_polars_integer_generic_arg_extrema.md	0095_polars_typed_left_division_and_remainder.md	0.87793744
d1-rel	0090_polars_numeric_peak_boundaries.md	0095_polars_typed_left_division_and_remainder.md	0.8899209
d1-rel	0091_polars_bounded_integer_indices.md	0095_polars_typed_left_division_and_remainder.md	0.8573749
d1-rel	0092_polars_typed_left_subtraction.md	0095_polars_typed_left_division_and_remainder.md	0.9327533
d1-rel	0092_polars_typed_left_subtraction_evidence.md	0095_polars_typed_left_division_and_remainder.md	0.86203897
d1-rel	0089_polars_integer_generic_arg_extrema_evidence.md	0095_polars_typed_left_division_and_remainder_evidence.md	0.87528366
d1-rel	0090_polars_numeric_peak_boundaries_evidence.md	0095_polars_typed_left_division_and_remainder_evidence.md	0.8724147
d1-rel	0092_polars_typed_left_subtraction.md	0095_polars_typed_left_division_and_remainder_evidence.md	0.8513407
d1-rel	0092_polars_typed_left_subtraction_evidence.md	0095_polars_typed_left_division_and_remainder_evidence.md	0.8981863
d1-rel	0093_polars_checked_integer_readback_evidence.md	0095_polars_typed_left_division_and_remainder_evidence.md	0.8501743
d1-rel	0095_polars_typed_left_division_and_remainder.md	0095_polars_typed_left_division_and_remainder_evidence.md	0.89081806
d1-rel	0095_polars_typed_left_division_and_remainder.md	0096_polars_null_aware_numeric_vectors.md	0.88279146
d1-rel	0089_polars_integer_generic_arg_extrema_evidence.md	0096_polars_null_aware_numeric_vectors_evidence.md	0.8597229
d1-rel	0090_polars_numeric_peak_boundaries_evidence.md	0096_polars_null_aware_numeric_vectors_evidence.md	0.86263025
d1-rel	0091_polars_bounded_integer_indices_evidence.md	0096_polars_null_aware_numeric_vectors_evidence.md	0.8527708
d1-rel	0092_polars_typed_left_subtraction_evidence.md	0096_polars_null_aware_numeric_vectors_evidence.md	0.8823212
d1-rel	0093_polars_checked_integer_readback_evidence.md	0096_polars_null_aware_numeric_vectors_evidence.md	0.8545752
d1-rel	0095_polars_typed_left_division_and_remainder_evidence.md	0096_polars_null_aware_numeric_vectors_evidence.md	0.8674697
d1-rel	0096_polars_null_aware_numeric_vectors.md	0096_polars_null_aware_numeric_vectors_evidence.md	0.88594466
d1-rel	0087_polars_chunk_length_snapshots.md	0097_polars_sized_self_slices.md	0.89520925
d1-rel	0088_polars_owned_cow_chunked_returns.md	0097_polars_sized_self_slices.md	0.8609442
d1-rel	0096_polars_null_aware_numeric_vectors.md	0097_polars_sized_self_slices.md	0.89233583
d1-rel	0077_polars_iterator_returns_evidence.md	0097_polars_sized_self_slices_evidence.md	0.8571765
d1-rel	0082_polars_borrowed_slice_bindings_evidence.md	0097_polars_sized_self_slices_evidence.md	0.8557949
d1-rel	0087_polars_chunk_length_snapshots.md	0097_polars_sized_self_slices_evidence.md	0.873194
d1-rel	0087_polars_chunk_length_snapshots_evidence.md	0097_polars_sized_self_slices_evidence.md	0.86686695
d1-rel	0089_polars_integer_generic_arg_extrema_evidence.md	0097_polars_sized_self_slices_evidence.md	0.87529415
d1-rel	0090_polars_numeric_peak_boundaries_evidence.md	0097_polars_sized_self_slices_evidence.md	0.8645297
d1-rel	0092_polars_typed_left_subtraction_evidence.md	0097_polars_sized_self_slices_evidence.md	0.8724091
d1-rel	0093_polars_checked_integer_readback_evidence.md	0097_polars_sized_self_slices_evidence.md	0.88779485
d1-rel	0095_polars_typed_left_division_and_remainder_evidence.md	0097_polars_sized_self_slices_evidence.md	0.8502399
d1-rel	0096_polars_null_aware_numeric_vectors.md	0097_polars_sized_self_slices_evidence.md	0.85609335
d1-rel	0096_polars_null_aware_numeric_vectors_evidence.md	0097_polars_sized_self_slices_evidence.md	0.88677484
d1-rel	0097_polars_sized_self_slices.md	0097_polars_sized_self_slices_evidence.md	0.8876447
d1-rel	0095_polars_typed_left_division_and_remainder.md	0098_polars_float_trait_bounds.md	0.8530728
d1-rel	0096_polars_null_aware_numeric_vectors.md	0098_polars_float_trait_bounds.md	0.8553171
d1-rel	0090_polars_numeric_peak_boundaries_evidence.md	0098_polars_float_trait_bounds_evidence.md	0.8827939
d1-rel	0092_polars_typed_left_subtraction_evidence.md	0098_polars_float_trait_bounds_evidence.md	0.8665423
d1-rel	0095_polars_typed_left_division_and_remainder_evidence.md	0098_polars_float_trait_bounds_evidence.md	0.8689891
d1-rel	0096_polars_null_aware_numeric_vectors_evidence.md	0098_polars_float_trait_bounds_evidence.md	0.8704271
d1-rel	0097_polars_sized_self_slices_evidence.md	0098_polars_float_trait_bounds_evidence.md	0.86567307
d1-rel	0098_polars_float_trait_bounds.md	0098_polars_float_trait_bounds_evidence.md	0.9003825
d1-rel	0087_polars_chunk_length_snapshots.md	0099_polars_numeric_chunk_snapshots.md	0.88575155
d1-rel	0096_polars_null_aware_numeric_vectors.md	0099_polars_numeric_chunk_snapshots.md	0.88357335
d1-rel	0097_polars_sized_self_slices.md	0099_polars_numeric_chunk_snapshots.md	0.9064607
d1-rel	0087_polars_chunk_length_snapshots.md	0099_polars_numeric_chunk_snapshots_evidence.md	0.8686113
d1-rel	0087_polars_chunk_length_snapshots_evidence.md	0099_polars_numeric_chunk_snapshots_evidence.md	0.89029735
d1-rel	0093_polars_checked_integer_readback_evidence.md	0099_polars_numeric_chunk_snapshots_evidence.md	0.85669106
d1-rel	0096_polars_null_aware_numeric_vectors_evidence.md	0099_polars_numeric_chunk_snapshots_evidence.md	0.85120416
d1-rel	0097_polars_sized_self_slices_evidence.md	0099_polars_numeric_chunk_snapshots_evidence.md	0.8740029
d1-rel	0099_polars_numeric_chunk_snapshots.md	0099_polars_numeric_chunk_snapshots_evidence.md	0.8796372
d1-rel	0087_polars_chunk_length_snapshots.md	0100_polars_scalar_chunk_snapshots.md	0.8810241
d1-rel	0097_polars_sized_self_slices.md	0100_polars_scalar_chunk_snapshots.md	0.88653576
d1-rel	0099_polars_numeric_chunk_snapshots.md	0100_polars_scalar_chunk_snapshots.md	0.91646904
d1-rel	0099_polars_numeric_chunk_snapshots_evidence.md	0100_polars_scalar_chunk_snapshots.md	0.8834968
d1-rel	0087_polars_chunk_length_snapshots.md	0100_polars_scalar_chunk_snapshots_evidence.md	0.86249644
d1-rel	0087_polars_chunk_length_snapshots_evidence.md	0100_polars_scalar_chunk_snapshots_evidence.md	0.8649654
d1-rel	0097_polars_sized_self_slices_evidence.md	0100_polars_scalar_chunk_snapshots_evidence.md	0.8729917
d1-rel	0099_polars_numeric_chunk_snapshots.md	0100_polars_scalar_chunk_snapshots_evidence.md	0.8700462
d1-rel	0099_polars_numeric_chunk_snapshots_evidence.md	0100_polars_scalar_chunk_snapshots_evidence.md	0.9328431
d1-rel	0100_polars_scalar_chunk_snapshots.md	0100_polars_scalar_chunk_snapshots_evidence.md	0.909441
d1-rel	0087_polars_chunk_length_snapshots.md	0101_polars_indexed_chunk_snapshots.md	0.8620097
d1-rel	0096_polars_null_aware_numeric_vectors.md	0101_polars_indexed_chunk_snapshots.md	0.8580496
d1-rel	0097_polars_sized_self_slices.md	0101_polars_indexed_chunk_snapshots.md	0.89580953
d1-rel	0099_polars_numeric_chunk_snapshots.md	0101_polars_indexed_chunk_snapshots.md	0.9026686
d1-rel	0100_polars_scalar_chunk_snapshots.md	0101_polars_indexed_chunk_snapshots.md	0.8954877
d1-rel	0087_polars_chunk_length_snapshots_evidence.md	0101_polars_indexed_chunk_snapshots_evidence.md	0.8587766
d1-rel	0097_polars_sized_self_slices_evidence.md	0101_polars_indexed_chunk_snapshots_evidence.md	0.8762039
d1-rel	0099_polars_numeric_chunk_snapshots.md	0101_polars_indexed_chunk_snapshots_evidence.md	0.86677927
d1-rel	0099_polars_numeric_chunk_snapshots_evidence.md	0101_polars_indexed_chunk_snapshots_evidence.md	0.912308
d1-rel	0100_polars_scalar_chunk_snapshots.md	0101_polars_indexed_chunk_snapshots_evidence.md	0.8798025
d1-rel	0100_polars_scalar_chunk_snapshots_evidence.md	0101_polars_indexed_chunk_snapshots_evidence.md	0.928287
d1-rel	0101_polars_indexed_chunk_snapshots.md	0101_polars_indexed_chunk_snapshots_evidence.md	0.90399826
d1-rel	0087_polars_chunk_length_snapshots.md	0102_polars_single_chunk_array_snapshots.md	0.8710284
d1-rel	0096_polars_null_aware_numeric_vectors.md	0102_polars_single_chunk_array_snapshots.md	0.8656708
d1-rel	0097_polars_sized_self_slices.md	0102_polars_single_chunk_array_snapshots.md	0.9006831
d1-rel	0099_polars_numeric_chunk_snapshots.md	0102_polars_single_chunk_array_snapshots.md	0.9198456
d1-rel	0100_polars_scalar_chunk_snapshots.md	0102_polars_single_chunk_array_snapshots.md	0.91552377
d1-rel	0100_polars_scalar_chunk_snapshots_evidence.md	0102_polars_single_chunk_array_snapshots.md	0.85824656
d1-rel	0101_polars_indexed_chunk_snapshots_evidence.md	0102_polars_single_chunk_array_snapshots.md	0.87788117
d1-rel	0097_polars_sized_self_slices_evidence.md	0102_polars_single_chunk_array_snapshots_evidence.md	0.8951255
d1-rel	0099_polars_numeric_chunk_snapshots.md	0102_polars_single_chunk_array_snapshots_evidence.md	0.8666042
d1-rel	0099_polars_numeric_chunk_snapshots_evidence.md	0102_polars_single_chunk_array_snapshots_evidence.md	0.9060807
d1-rel	0100_polars_scalar_chunk_snapshots.md	0102_polars_single_chunk_array_snapshots_evidence.md	0.8744979
d1-rel	0100_polars_scalar_chunk_snapshots_evidence.md	0102_polars_single_chunk_array_snapshots_evidence.md	0.9239258
d1-rel	0101_polars_indexed_chunk_snapshots.md	0102_polars_single_chunk_array_snapshots_evidence.md	0.87935024
d1-rel	0101_polars_indexed_chunk_snapshots_evidence.md	0102_polars_single_chunk_array_snapshots_evidence.md	0.9311315
d1-rel	0102_polars_single_chunk_array_snapshots.md	0102_polars_single_chunk_array_snapshots_evidence.md	0.8930063
d1-rel	0087_polars_chunk_length_snapshots.md	0103_polars_typed_chunk_iterator_snapshots.md	0.8581064
d1-rel	0097_polars_sized_self_slices.md	0103_polars_typed_chunk_iterator_snapshots.md	0.86523646
d1-rel	0099_polars_numeric_chunk_snapshots.md	0103_polars_typed_chunk_iterator_snapshots.md	0.87101907
d1-rel	0100_polars_scalar_chunk_snapshots.md	0103_polars_typed_chunk_iterator_snapshots.md	0.88760567
d1-rel	0101_polars_indexed_chunk_snapshots.md	0103_polars_typed_chunk_iterator_snapshots.md	0.9232434
d1-rel	0102_polars_single_chunk_array_snapshots.md	0103_polars_typed_chunk_iterator_snapshots.md	0.9278559
d1-rel	0077_polars_iterator_returns_evidence.md	0103_polars_typed_chunk_iterator_snapshots_evidence.md	0.85542935
d1-rel	0082_polars_borrowed_slice_bindings_evidence.md	0103_polars_typed_chunk_iterator_snapshots_evidence.md	0.86370677
d1-rel	0087_polars_chunk_length_snapshots_evidence.md	0103_polars_typed_chunk_iterator_snapshots_evidence.md	0.87724525
d1-rel	0097_polars_sized_self_slices_evidence.md	0103_polars_typed_chunk_iterator_snapshots_evidence.md	0.86680394
d1-rel	0099_polars_numeric_chunk_snapshots_evidence.md	0103_polars_typed_chunk_iterator_snapshots_evidence.md	0.8866046
d1-rel	0100_polars_scalar_chunk_snapshots.md	0103_polars_typed_chunk_iterator_snapshots_evidence.md	0.86489695
d1-rel	0100_polars_scalar_chunk_snapshots_evidence.md	0103_polars_typed_chunk_iterator_snapshots_evidence.md	0.9263735
d1-rel	0101_polars_indexed_chunk_snapshots_evidence.md	0103_polars_typed_chunk_iterator_snapshots_evidence.md	0.9193016
d1-rel	0102_polars_single_chunk_array_snapshots_evidence.md	0103_polars_typed_chunk_iterator_snapshots_evidence.md	0.9069555
d1-rel	0103_polars_typed_chunk_iterator_snapshots.md	0103_polars_typed_chunk_iterator_snapshots_evidence.md	0.8805674
d1-rel	0087_polars_chunk_length_snapshots.md	0104_polars_indexed_chunk_view_snapshots.md	0.8587339
d1-rel	0097_polars_sized_self_slices.md	0104_polars_indexed_chunk_view_snapshots.md	0.87982786
d1-rel	0099_polars_numeric_chunk_snapshots.md	0104_polars_indexed_chunk_view_snapshots.md	0.9070869
d1-rel	0100_polars_scalar_chunk_snapshots.md	0104_polars_indexed_chunk_view_snapshots.md	0.9212417
d1-rel	0100_polars_scalar_chunk_snapshots_evidence.md	0104_polars_indexed_chunk_view_snapshots.md	0.8609961
d1-rel	0101_polars_indexed_chunk_snapshots.md	0104_polars_indexed_chunk_view_snapshots.md	0.9359654
d1-rel	0101_polars_indexed_chunk_snapshots_evidence.md	0104_polars_indexed_chunk_view_snapshots.md	0.8863277
d1-rel	0102_polars_single_chunk_array_snapshots.md	0104_polars_indexed_chunk_view_snapshots.md	0.93460387
d1-rel	0103_polars_typed_chunk_iterator_snapshots.md	0104_polars_indexed_chunk_view_snapshots.md	0.9174814
d1-rel	0097_polars_sized_self_slices_evidence.md	0104_polars_indexed_chunk_view_snapshots_evidence.md	0.8753774
d1-rel	0099_polars_numeric_chunk_snapshots.md	0104_polars_indexed_chunk_view_snapshots_evidence.md	0.86663485
d1-rel	0099_polars_numeric_chunk_snapshots_evidence.md	0104_polars_indexed_chunk_view_snapshots_evidence.md	0.91022766
d1-rel	0100_polars_scalar_chunk_snapshots.md	0104_polars_indexed_chunk_view_snapshots_evidence.md	0.8656797
d1-rel	0100_polars_scalar_chunk_snapshots_evidence.md	0104_polars_indexed_chunk_view_snapshots_evidence.md	0.921397
d1-rel	0101_polars_indexed_chunk_snapshots.md	0104_polars_indexed_chunk_view_snapshots_evidence.md	0.8704177
d1-rel	0102_polars_single_chunk_array_snapshots.md	0104_polars_indexed_chunk_view_snapshots_evidence.md	0.85813826
d1-rel	0102_polars_single_chunk_array_snapshots_evidence.md	0104_polars_indexed_chunk_view_snapshots_evidence.md	0.9237664
d1-rel	0103_polars_typed_chunk_iterator_snapshots_evidence.md	0104_polars_indexed_chunk_view_snapshots_evidence.md	0.908632
d1-rel	0104_polars_indexed_chunk_view_snapshots.md	0104_polars_indexed_chunk_view_snapshots_evidence.md	0.88041204
d1-rel	0097_polars_sized_self_slices.md	0105_polars_consuming_chunk_iterator_snapshots.md	0.88475937
d1-rel	0099_polars_numeric_chunk_snapshots.md	0105_polars_consuming_chunk_iterator_snapshots.md	0.8773824
d1-rel	0100_polars_scalar_chunk_snapshots.md	0105_polars_consuming_chunk_iterator_snapshots.md	0.8943538
d1-rel	0101_polars_indexed_chunk_snapshots.md	0105_polars_consuming_chunk_iterator_snapshots.md	0.89752114
d1-rel	0102_polars_single_chunk_array_snapshots.md	0105_polars_consuming_chunk_iterator_snapshots.md	0.9161127
d1-rel	0103_polars_typed_chunk_iterator_snapshots.md	0105_polars_consuming_chunk_iterator_snapshots.md	0.9316587
d1-rel	0103_polars_typed_chunk_iterator_snapshots_evidence.md	0105_polars_consuming_chunk_iterator_snapshots.md	0.85328794
d1-rel	0104_polars_indexed_chunk_view_snapshots.md	0105_polars_consuming_chunk_iterator_snapshots.md	0.91876245
d1-rel	0097_polars_sized_self_slices_evidence.md	0105_polars_consuming_chunk_iterator_snapshots_evidence.md	0.87718296
d1-rel	0099_polars_numeric_chunk_snapshots_evidence.md	0105_polars_consuming_chunk_iterator_snapshots_evidence.md	0.8601563
d1-rel	0100_polars_scalar_chunk_snapshots_evidence.md	0105_polars_consuming_chunk_iterator_snapshots_evidence.md	0.9019209
d1-rel	0101_polars_indexed_chunk_snapshots_evidence.md	0105_polars_consuming_chunk_iterator_snapshots_evidence.md	0.90117544
d1-rel	0102_polars_single_chunk_array_snapshots_evidence.md	0105_polars_consuming_chunk_iterator_snapshots_evidence.md	0.9108462
d1-rel	0103_polars_typed_chunk_iterator_snapshots.md	0105_polars_consuming_chunk_iterator_snapshots_evidence.md	0.86910105
d1-rel	0104_polars_indexed_chunk_view_snapshots_evidence.md	0105_polars_consuming_chunk_iterator_snapshots_evidence.md	0.9051149
d1-rel	0105_polars_consuming_chunk_iterator_snapshots.md	0105_polars_consuming_chunk_iterator_snapshots_evidence.md	0.8624117
d1-rel	0097_polars_sized_self_slices.md	0106_polars_chunk_layout_snapshots.md	0.85660726
d1-rel	0099_polars_numeric_chunk_snapshots.md	0106_polars_chunk_layout_snapshots.md	0.883601
d1-rel	0100_polars_scalar_chunk_snapshots.md	0106_polars_chunk_layout_snapshots.md	0.88697296
d1-rel	0101_polars_indexed_chunk_snapshots.md	0106_polars_chunk_layout_snapshots.md	0.8643495
d1-rel	0102_polars_single_chunk_array_snapshots.md	0106_polars_chunk_layout_snapshots.md	0.883509
d1-rel	0103_polars_typed_chunk_iterator_snapshots.md	0106_polars_chunk_layout_snapshots.md	0.859478
d1-rel	0104_polars_indexed_chunk_view_snapshots.md	0106_polars_chunk_layout_snapshots.md	0.89972925
d1-rel	0105_polars_consuming_chunk_iterator_snapshots.md	0106_polars_chunk_layout_snapshots.md	0.9107456
d1-rel	0097_polars_sized_self_slices_evidence.md	0106_polars_chunk_layout_snapshots_evidence.md	0.88241154
d1-rel	0099_polars_numeric_chunk_snapshots_evidence.md	0106_polars_chunk_layout_snapshots_evidence.md	0.8975274
d1-rel	0100_polars_scalar_chunk_snapshots.md	0106_polars_chunk_layout_snapshots_evidence.md	0.8703432
d1-rel	0100_polars_scalar_chunk_snapshots_evidence.md	0106_polars_chunk_layout_snapshots_evidence.md	0.89968616
d1-rel	0101_polars_indexed_chunk_snapshots_evidence.md	0106_polars_chunk_layout_snapshots_evidence.md	0.918745
d1-rel	0102_polars_single_chunk_array_snapshots_evidence.md	0106_polars_chunk_layout_snapshots_evidence.md	0.91003597
d1-rel	0103_polars_typed_chunk_iterator_snapshots_evidence.md	0106_polars_chunk_layout_snapshots_evidence.md	0.886772
d1-rel	0104_polars_indexed_chunk_view_snapshots_evidence.md	0106_polars_chunk_layout_snapshots_evidence.md	0.9162126
d1-rel	0105_polars_consuming_chunk_iterator_snapshots_evidence.md	0106_polars_chunk_layout_snapshots_evidence.md	0.8869236
d1-rel	0106_polars_chunk_layout_snapshots.md	0106_polars_chunk_layout_snapshots_evidence.md	0.8743941
d1-rel	0073_polars_generator_evidence.md	0108_polars_v2_rust_api_baseline_evidence.md	0.8554464
d1-rel	0074_polars_rc2_forward_probe_evidence.md	0108_polars_v2_rust_api_baseline_evidence.md	0.87386566
d1-rel	0075_polars_coverage_two_evidence.md	0108_polars_v2_rust_api_baseline_evidence.md	0.8908872
d1-rel	0078_polars_constructors_operators_evidence.md	0108_polars_v2_rust_api_baseline_evidence.md	0.8580208
d1-rel	0081_polars_narrow_integer_dtypes_evidence.md	0108_polars_v2_rust_api_baseline_evidence.md	0.8539056
d1-rel	0075_polars_coverage_two_evidence.md	0109_polars_move_semantics_evidence.md	0.86470324
d1-rel	0088_polars_owned_cow_chunked_returns_evidence.md	0109_polars_move_semantics_evidence.md	0.8537518
d1-rel	0108_polars_v2_rust_api_baseline_evidence.md	0109_polars_move_semantics_evidence.md	0.867078
d1-rel	0109_polars_move_semantics.md	0109_polars_move_semantics_evidence.md	0.8655827
d1-rel	0075_polars_coverage_two_evidence.md	0110_polars_trait_implementor_dispatch_evidence.md	0.85584676
d1-rel	0076_polars_coverage_three_evidence.md	0110_polars_trait_implementor_dispatch_evidence.md	0.8691603
d1-rel	0078_polars_constructors_operators_evidence.md	0110_polars_trait_implementor_dispatch_evidence.md	0.87439096
d1-rel	0108_polars_v2_rust_api_baseline_evidence.md	0110_polars_trait_implementor_dispatch_evidence.md	0.8574714
d1-rel	0111_polars_rust_protocols.md	0111_polars_rust_protocols_evidence.md	0.865619
d1-rel	0072_binding_surface_evidence.md	0113_polars_nonserde_generic_trait_impls.md	0.85048604
d1-rel	0084_polars_function_generic_inputs.md	0113_polars_nonserde_generic_trait_impls.md	0.8632949
d1-rel	0110_polars_trait_implementor_dispatch.md	0113_polars_nonserde_generic_trait_impls.md	0.8848086
d1-rel	0111_polars_rust_protocols.md	0113_polars_nonserde_generic_trait_impls.md	0.9032999
d1-rel	0112_polars_generic_trait_impls.md	0113_polars_nonserde_generic_trait_impls.md	0.9101152
d1-rel	0076_polars_coverage_three_evidence.md	0113_polars_nonserde_generic_trait_impls_evidence.md	0.8564907
d1-rel	0078_polars_constructors_operators_evidence.md	0113_polars_nonserde_generic_trait_impls_evidence.md	0.88865596
d1-rel	0108_polars_v2_rust_api_baseline_evidence.md	0113_polars_nonserde_generic_trait_impls_evidence.md	0.8518334
d1-rel	0109_polars_move_semantics_evidence.md	0113_polars_nonserde_generic_trait_impls_evidence.md	0.85674095
d1-rel	0110_polars_trait_implementor_dispatch_evidence.md	0113_polars_nonserde_generic_trait_impls_evidence.md	0.874766
d1-rel	0114_polars_gen_module_split.md	0114_polars_gen_module_split_evidence.md	0.90828985
d1-rel	0114_polars_gen_module_split.md	0115_polars_gen_family_registry.md	0.8604569
d1-rel	0114_polars_gen_module_split.md	0115_polars_gen_family_registry_evidence.md	0.87368363
d1-rel	0115_polars_gen_family_registry.md	0115_polars_gen_family_registry_evidence.md	0.90528446
d1-rel	0075_polars_coverage_two_evidence.md	0116_polars_generic_methods_evidence.md	0.85345817
d1-rel	0076_polars_coverage_three_evidence.md	0116_polars_generic_methods_evidence.md	0.8850519
d1-rel	0078_polars_constructors_operators_evidence.md	0116_polars_generic_methods_evidence.md	0.8526337
d1-rel	0108_polars_v2_rust_api_baseline_evidence.md	0116_polars_generic_methods_evidence.md	0.8513065
d1-rel	0110_polars_trait_implementor_dispatch_evidence.md	0116_polars_generic_methods_evidence.md	0.8691956
d1-rel	0113_polars_nonserde_generic_trait_impls_evidence.md	0116_polars_generic_methods_evidence.md	0.868055
d1-rel	0116_polars_generic_methods.md	0116_polars_generic_methods_evidence.md	0.8801932
d1-rel	0110_polars_trait_implementor_dispatch_evidence.md	0117_polars_trait_arguments.md	0.86569494
d1-rel	0112_polars_generic_trait_impls.md	0117_polars_trait_arguments.md	0.85202396
d1-rel	0113_polars_nonserde_generic_trait_impls.md	0117_polars_trait_arguments.md	0.8559619
d1-rel	0075_polars_coverage_two_evidence.md	0117_polars_trait_arguments_evidence.md	0.85077137
d1-rel	0076_polars_coverage_three_evidence.md	0117_polars_trait_arguments_evidence.md	0.8806321
d1-rel	0078_polars_constructors_operators_evidence.md	0117_polars_trait_arguments_evidence.md	0.86238915
d1-rel	0110_polars_trait_implementor_dispatch_evidence.md	0117_polars_trait_arguments_evidence.md	0.90944743
d1-rel	0112_polars_generic_trait_impls.md	0117_polars_trait_arguments_evidence.md	0.85212904
d1-rel	0113_polars_nonserde_generic_trait_impls.md	0117_polars_trait_arguments_evidence.md	0.8644406
d1-rel	0113_polars_nonserde_generic_trait_impls_evidence.md	0117_polars_trait_arguments_evidence.md	0.87157154
d1-rel	0116_polars_generic_methods_evidence.md	0117_polars_trait_arguments_evidence.md	0.9033211
d1-rel	0117_polars_trait_arguments.md	0117_polars_trait_arguments_evidence.md	0.942099
d1-rel	0116_polars_generic_methods.md	0118_polars_in_memory_io.md	0.90959096
d1-rel	0116_polars_generic_methods.md	0118_polars_in_memory_io_evidence.md	0.9021349
d1-rel	0118_polars_in_memory_io.md	0118_polars_in_memory_io_evidence.md	0.92232984
d1-rel	0088_polars_owned_cow_chunked_returns.md	0119_polars_arrow_value_layer_evidence.md	0.8562348
d1-rel	0097_polars_sized_self_slices_evidence.md	0119_polars_arrow_value_layer_evidence.md	0.8547428
d1-rel	0119_polars_arrow_value_layer.md	0119_polars_arrow_value_layer_evidence.md	0.90291613
d1-rel	0076_polars_coverage_three_evidence.md	0120_polars_arrow_concrete_arrays_evidence.md	0.852943
d1-rel	0077_polars_iterator_returns_evidence.md	0120_polars_arrow_concrete_arrays_evidence.md	0.8580735
d1-rel	0097_polars_sized_self_slices_evidence.md	0120_polars_arrow_concrete_arrays_evidence.md	0.85220194
d1-rel	0102_polars_single_chunk_array_snapshots_evidence.md	0120_polars_arrow_concrete_arrays_evidence.md	0.86929494
d1-rel	0113_polars_nonserde_generic_trait_impls_evidence.md	0120_polars_arrow_concrete_arrays_evidence.md	0.87031937
d1-rel	0119_polars_arrow_value_layer_evidence.md	0120_polars_arrow_concrete_arrays_evidence.md	0.9139041
d1-rel	0120_polars_arrow_concrete_arrays.md	0120_polars_arrow_concrete_arrays_evidence.md	0.92449576
d1-rel	0075_polars_coverage_two_evidence.md	0121_polars_oracle_fixtures_evidence.md	0.86153704
d1-rel	0108_polars_v2_rust_api_baseline_evidence.md	0121_polars_oracle_fixtures_evidence.md	0.8673515
d1-rel	0076_polars_coverage_three_evidence.md	0123_schema_display_and_cast_evidence.md	0.8509462
d1-rel	0078_polars_constructors_operators_evidence.md	0123_schema_display_and_cast_evidence.md	0.8584332
d1-rel	0123_schema_display_and_cast.md	0123_schema_display_and_cast_evidence.md	0.9081797
d1-rel	0124_preview_dtypes_and_columns.md	0124_preview_dtypes_and_columns_evidence.md	0.87875223
d1-rel	0112_polars_generic_trait_impls_evidence.md	0125_loading_evidence.md	0.85296047
d1-rel	0125_loading.md	0125_loading_evidence.md	0.9331991
d1-rel	0126_eager_group_by.md	0126_eager_group_by_evidence.md	0.9184926
d1-rel	0127_pivot.md	0127_pivot_evidence.md	0.9492243
d1-rel	0129_candle_workflow.md	0129_candle_workflow_evidence.md	0.913046
d1-rel	0130_polars_test_limit_isolation.md	0130_polars_test_limit_isolation_evidence.md	0.9185468
d1-rel	0129_candle_workflow_evidence.md	0131_text_embeddings_evidence.md	0.8510867
d1-rel	0131_text_embeddings.md	0131_text_embeddings_evidence.md	0.930656
d1-rel	0131_text_embeddings_evidence.md	0132_concurrent_embed_evidence.md	0.8509243
d1-rel	0132_concurrent_embed.md	0132_concurrent_embed_evidence.md	0.92536414
