2	a46bc8451b06cc09afee8f02828f15c17a9254c55abcd4ea0bd6bd73d70592e3
5	8660725c892bb78f400242c57f69e7b33a1274fde40933778eb039cb09235cb8
6	e18fe06f7ba2f623872d98ba9ac18e6808c6540fdabd32910d57b440c043c88d
7	b504011929244fe7044a975ecb24356e682fed7d47e29f27bdac1febbf30a68b
8	dea007e95af0a1ee98b156b827cfbbd35edf2e20cc70b2ac7823fd8ff5158b7f
9	089685df150a50bb5475abf3c9452f1fa1f0e817c17bcd0fde4592fdd44f7950
10	bcfe8133b611155f9f08738e0900ab7225d9b56f8619216b911b75a64265fe6d
13	11a24d94d14646d70c936dcd63a0ac77302ad9ee4ff83ecc4a1a1b2056abfee1
15	fa4f0f52d286e9828da03998f8e966846968ca1d46c7d8b266087e437373e856
19	3e8808d8109d44761e9c8ac513ce6d99a780e8cd90b4f4a9e2629b61b81cb673
21	9709a6db877913d5f7e8ad1e3545269c44013595fa806e468fb27bd814b3919c
23	431edebe49cd8ee9ac76969c9d9094c2921a91cbdc07d2aaf3d060d308b40ef8
25	32120eb6524a2f075db4f17da4aaf3a2a8482271389690d429ce4bd3fa025c8f
26	a644dd6c074c931b93d2595be266c120e5408d6eae6901469e7c4b9ab3ae6ca8
27	90cdc03ac785a1a3ee2f8328b681dd49fe68f8dca5f5c0c239c989c4791c19c9
33	56d5725e947e51e93201b06afa2d95b7a4a757c81c510fe5c138f2f1304f5a04
37	0b34c14e6da38dc53337242e3fb0dedc66078d0a4976e816b88709aad860c2d5
38	df01bee4b4da1666a7ce499ed83ebe0d981558ace9fddc601140882431456393
39	65e4df13ed0bb770d9736e34823c69c251b94e7097a76e6cf27ed02af07dfb5d
42	ec82510696c881e3113f55af3d4143c74d0cda80af79ce28f4957c98f09fc090
43	f5c2bdaf04b1e8bac09657805ab4149c549a83c8434efa2d077ae632815e38fd
44	0f41b7a9599f3bc5c105f8b4926ccd6df70b184d7b75abbbdea3964ec24772aa
45	bba92c623b22c7e712f1ff427129a4951d5bc62d19dcadb5c45483847cf32219
46	d933ecc2808f2125926dcc5c7db4ca3acbbe60b3255d1e50f0f1140cccdfe827
58	d0af67614e783dfdc9bfac10b83139cfb3e0cb12f7039257eef11e033352e7f6
70	6993b88272d6027ae5a99efedef781d1c8e3c649e2385b9bc5a4977e9662245c
73	c0a2b47a945de13034811bcbfd4784ad9c1a29e27007855b76b207d5e6a26466
79	a8a455256f35fe80edb3c3d438f0f45cf9ccc2cde8478e52842bd296a8b6d00b
91	842ab44197d5526d4094fd32db631df06c50dd7877285b46476431a52cee56da
96	aee351289f3ad23947584e59eb715225690a1166fc92f94c2b98ce522cf5ecd7
150	1f88634c9666bac06e77edc1db6b5b6bae3219514952ad4e892551bdd3b31cdd
154	432a540f86ca4cd0f63db8314ac92eb9e99f7829778744cf111901178d1ddcf1
158	2b81d45bcb5401fdbdba7373696c9f0241a4e02d4a79af083c8bd4a0cf76fee3
160	7aad4f17174f17cfc77a40603e23cf8664075b4c6d2f71483332c2de0f36761a
162	e76a4e7064a346e85899b36408352f36f2b5adc9138e133b7b0dc6b33198448b
165	07285073a4b403b56c4431ca40dfb519973003b15aeafee752b6ac001b66976a
166	ccc2c8c8c5027d0d2a045c4ae575da98d63505edcbda9316537a45ba4253331e
179	f915d8cc0dd5ecd36a104183ba9fefdc51dba79109f0b3260a4f2ff72c15cd4f
182	187a2b70e8b96add6aea2a7e9daee9865f9b7afbe407c87063516a2414f57580
200	0e4ec9090efde9bacbc51dbd2b6cd9076ffaf5f050d187841faf14f5197655e2
207	ef03dc63a1989263e749ed129ccf945620f32935ea5595e89ae8dc374a2840de
212	48a3cd245bb61883d7965d01e660dc74f5b7135f795ee73c163d730588742503
224	cc726642c3bc47dd13f94d84768f541a3380cf5e8ee2a0e322ed0512d0149387
225	9ec1ae79f039b7065482c44297add5c61f43627ab84f44ea21f6f16498a57b3f
226	9971bae40efe0902a25a4c4f3ac0d49baa6b886226bad95b292e8b71ece04589
236	d3c5a376ca2bc8255613afcd8eb52074dc034a9a77b2c3efe6b76434db4ac947
237	fe1c6dc80ebf5415cdf5fe6d0aee740a53554ac6c720db81a001e131f24a676e
238	bec88c2e511eff9942ac869206345ea17c9ebb4bc27cc26ec9a9db2f1a403fcb
244	906cef7a2d6c3c6b7a128a86b180630769bd0cbc37886beb7476ea1e97bf866c
251	4033aaf0ad628bc8801132d59b5931f54bb4309b081f306da08af9456ca2c554
252	a38831cb05bad0ed71c93ae93c5697f7aee12aa3b8b432f3d95ae364f8021f01
256	e7a15f45bea1331380d6ed0e51d1a826238cc42a2cbf22c41947cf099a3dcd67
257	00bed9f354895db467f7d87f04a05ee486351e85a579cba9a65187eb698fa214
261	0c6c27c49ddb74794c87ead2bd94087e7e0bd1f04189653bb5ef66193d20158b
262	efb0fac60ef0c9b64d3585cef156884e3bd1a94e6058f9f7803d188afa8ecc31
263	fa2788b95c8a65c68d5c8fe9b60b4cbceb12ad4845182908039dab943497ae22
264	025e8eb327bd88af9ac11242103826a80a78380ad155a05ced29160bc0ee20d0
266	09403b148f2e2c184fe72c9ec7a58faf2e708484c6fec73fc1e3b8a3a37e6bc5
270	ae59d27de1046a59b90f20946f598109694a34ed4622cf8116927d93209fcb69
273	8ae6dc92f02b724a4c2b96b7b67c886382977b76b3009e4b231b452548d474a9
279	e359b673a02cfe7b75005609a1d8e9a500a06ca47b1e5bd403748e43fbd872ee
283	78ca489d002d247c98ba59c65b2a8321e24d0d7e4170d9e15febc3624b231ec9
284	5426762f870f913efdfa78df21a15b36e006fc1be241eabdca932f15fa111a6d
286	eb437a651e805eb9a347529c952aae7102963b23331972130c9ab8780a7594dc
288	db428f53ff0b2164f3e2299aba16b6696a4504ceb57330415d2bdd2165bbf758
289	1cd67727d96b054ac4cc1496e04b5634fa2c291aebc201c32be0f804cef2edea
290	234120475d5ccc505c2eee10037dbbfe42967b473c06403eeb760e3a4312c2b1
292	f7032e67bad734471d4685d4872477f1781a37a16fff1479dbd8010e527250cf
293	a96e3edc4f76ef96ea5927747336d9d1d5fcf6070b749ad4c35fb950fc543263
294	68de9f8737d4d0a626abb830676b9e538ed645211ec060a026418c0cf4c474c4
299	bbae443a88da58f18c21e68007b30716914429398cdacd874ae694f427ca2b67
300	aed25475eee26482495a074696e60e2e709c1527b8135ebed40c8d1a0f0f10d7
302	8a46296ff58ecdc6e592812ea83606bd4a84fcd2d64216bc68f3588a3e8b6f0e
316	c4331d39003aabe8e476fc78f3bbdb603826ccd2c8b0059f1d77086331f351b3
324	a67d7d1ae1a3f721c2e39bb5dabcff5d0d11d33d2ea43442381563cd6b08ed6b
325	3db8a73438cd67c9da8685d51449b21219eac786b40e41037e53f97b9630c639
326	9da82c1b52f070ed65e06344b6922b24deba8d54280ab21448e2fd0e8c0a58c9
344	75d5523da35a1944edfc509b717ba4c44c65cc591899c54a64628d73a7d1df93
348	d8afc1abfe09c0c7c3d863d846fa7e05bda4a9ba014f24659ef92d7a583374cd
355	4d463766186f7bc7bf9d880f5ca5069d91f671287218428983cedb2d8c4d88cb
368	a11088c6409c4b653fd2e1dfd2944839b5d622e3e30fdf51ab77a37b3a51ac7e
372	aa8312d8786ccab73663d4104c437135c99c612ceb7cefcc424a4c9c9ba57bf0
374	d30db02553fc76bc634298c1d5267ea391ca611820c58716f94fb7f9d34b0beb
377	bd7b2ca9aa557cda7067888e5b554dfa2777d1e1f1fe5cc38c82889526995dd6
378	b4fe323fbcbe49bc1deaf34eb9e7e6c92672d9fa17f21cbfda0e0c575982aa1e
381	f8ac7d1b1a84f5db78cef3b7e4c57d5b63711468ebd890b963d8d311e7222829
386	6dde1dcfded3dfa562f32bd5f99df41001c85689671a00c10319ecfc8dd28104
387	f12c13bd49be60eac2693cd322bc8b9ab7e9d44967d4e5b91699714108e409d9
390	0d4125e99c4fe057422522858bc169657381986885c7dfd82afba8106718779c
399	32da3bc822b6b4a698b9d8de0433b24c002bce546c0578978dbbdb392eab741f
400	ed0e0bb4a67d286fd07beba1245cce3f90ce1c04f801caded0a10dbfb2a11a0c
402	1c48cf94f938b7ef2d9bff6d6ad0749a2ee05227d1fe176784799628b4b063ef
407	cf3f59d61849afab7cd56ef264c4feb17bae1ea65c6e04be5128b0267e2fdeec
409	ce206c83e85799d717e85292b6d2dfac6aaccf591604f64faf44f84c8ea926f9
413	38332f486e2467b51ac6d1400659bf11a0d82cf5cb2ecf8a5175ba7ba5dd54bd
422	4ca1949b022ccdb46779dfbba766649cc5ef7a3ddf525a011b8691fc6a86a719
424	9ca361dafd078af546462bb12cd02df6773c15099d7e4bd5d745d5c5cc6c7333
426	952f9bbe2b96d5c9d2cb9ec0ddee8df77c91c8519532d0fc8d3fd24806c068a8
428	465a8cf78e04ad000cc7a515a6e7ef64748b488b2d2bb4e9351734a2cd8cdaf9
429	b5125c71208860cc636e7756a587bc909e7c03e7c954cce80dd90f551285f79e
430	032b29abe49b0aaf22930622428d4e758489450d50f9d4c244fc3ca90b3256f9
433	6858bc13f8e12a8edf0f18938dd685eed34efbef650ec1fd13aac511eca574dd
434	3a43589cdbf0295e0e25930472c6b6bfd953ff9de417f5ac8aaac90f8f5113d9
435	c21a174e5a634c652f88ef0e3d8dec16b1cd0e7e7b172cc46bf5a723285df0c8
436	04908c566e46c785741e3db19c19f9e6dab564d9e484268744d1484582f1d594
437	edb9d36580c17009744018227bc3f40cfefa56b007e90a3cadcaf48ee3fa2b0c
438	cb89e5100fd8245ade64a336717b1c939d13cfe3d62d8f927131fc60059441af
443	2e1ed725491f2769e1c0562f00d99d7ce83fb2df46bf374b30f0ca84cedbee15
444	e1c9315ebc82cd41171887335fd11752733326645c7170a6b98877e974b2f637
450	9f2abebcb9c1ec8f04bae7d5eebddb39e5af149bfa985a9f6f9f1e70608de009
451	da144505ea8bb1f1d12bde66766e3694b15002c341921fd51ac166da86d22af0
452	550dd5457bebb6befe8ba0abcb9ae5189b546f9d991e656aad6567f516333917
453	5ad81354d865cb51e724c56808145911be1f261e85e3727c77ea9630123da2db
454	80e5e151fd99dbacd7ac3cc4c052140cb1a566bb40e0d67bf8b2ad96fefbd2f6
456	69a8e068d5b5dd4a627405be3d47b838c2f2e21d2f78b6f6f1b7655fa570e31f
460	36824d83473ef47fecf9b28acf6951094195d74ce80daf66e54321f07ae72507
463	ff1db46023efc2711434bb3424283907675b1aff410723f0d0655224ed434d03
465	a95e0cb8ca608648882436dce717a9c18b1b94c9c5cab6e7ffd56d9945780b69
468	d5c457dc4e58c597b833b993142edcb7f1364e73d6fe0abcb5a0b1587087719d
469	2050dffd4378dab387db6770cedf114af990e233e344a18a9b99f70605388045
486	fee8cd31cd7361f9cabba78c00c60bd6b47a4f9c41661af0e10a53d35d61b82f
487	d669c11ac17eb21b03cee72aec1827e182873874607848d7f18a528eaa39ad82
521	e350bb98d0928b9939812428c2f889b9f7f96dd6cc016912081e39224c4fdb9e
525	59e31a63c86cad52d6986300eacc03e1013280996020ccb78b44e4ccd123a5c1
527	de6d0b3260924de1eb972fcbe1cb79ef5ca02ac38dc7341e797d63254685df93
529	b914389fc9eba7ec8243d768873a49480fee9a75664982101aa668b5cbebab41
530	e3cf7606e5be17374793e04c93ae6235be6b0bc2597a48e7d3841db4e546b189
533	46d1b012ed946be36c7c1e8dd9312fd3ffc5e7fe0a1a990c99863b2513aff797
534	0b29acc911ad656acf1586bfaa0fa1d600cf684fa6e55c25649b4c5d81db6169
535	24ff2911ca633bd59b54e884c6b4d224bac6977c850c6a44521e2d3910b91d86
536	e07fd5de91ee767efd156f319b59448bb6678b7064fe2ad82dad34b014746bf1
537	8c78fb4d0184711fb79216ea0805329a972921f7f7f6a983233d2529f632cf73
538	9700997ef61f8b70c834a64dbdfe8367c4ce874a81b4b1d69681e835b7beb584
540	16d8bde99499695cf790d2c68a348e0189e90c9e24646b78721476c738363246
541	51fdbbae6f1245efd73f05315fe82cf2705756a54937c8ea80acfb3d69d5a20b
547	9bcf392fdfae771e7ae94b6d533ef695240d28610c0fe2929e698ff4c566a2d0
559	a06e25e2b45b180f692c9e46a37d9190f16fcc882d55b5d77aaaf18fa901744d
560	fd6806335daa88b5966871b5fd42b780fb529d3edbc05e6542f89d341e3bed5b
566	da5c6721ac2248bfb40959e9ea9cd6470530ecbbccb122f0adabfa67ac83975a
568	1905e12cfcd069264d7a3d6c7d2fa5bc95f937d2677d58f8daaf148f0e9e7ecc
569	340a4a1e7e046a814c227437996110e6cd49078300566770c4042dd6c8a13b5c
580	20c07b4d30bc36d080c3adcfe996d4904b6a02a7806fad542daa2bb62ae9b11c
581	995d74d320644706718a1d461ced244f2622ec2545fa95fabeb0dfc067212231
582	9bfe364182ee21154230febce2266055451c1882b11a0940d78cf86606ed2a7e
583	41c0016a442015a5cd76543b769be14b0b812094ba867964c00abb11072e3d74
588	a62f36222724ebab29db8fd53357082b98cedc0b861ff2b795526603fe4e1562
590	86ee66ef23515c33fb84b1ff0c8fddc528bf64a7840e35e32f8041d1e7e4351c
595	96524118ca02b71b0a28ec84031c192fa68d24018af26a8b5ab7608c442a314a
597	c7fe9a92cc6145d6f7e38f3b8878def62ce985953a182c9ac3db24b819797ac8
598	b7c0c51bd8a888e0d035816247139ef33992022c90e015f7a09f6151681cf797
629	89f8dc0a9211f9e641242221f59c0fef05ed1e9321db3e9801b8f6a20535b1cb
633	88d16fb5118c8039fe3b2065dfbc0561b5690e970cd0aab93d74f960c034e0f5
634	dd81cee14b0d7aab67e1798615fe17122fca5a63437e28e4026ca96595f9669b
636	f3018bcb83893bf801b01efb66c8046bf346ff378d9feddbdafde845c7c727cd
640	23b762a6f985ea6e0165a4e059bb01ef36d1d45551688917468a25bc9acf6912
644	99e6b2a63abf65c98752f2b4dc68f14a9fa27259d0f904ecfd3b5ae823e0242a
645	e6e0d4c68c08fb462df62e69f2b04ac15f14566cb82535df782e8fa2e84639d3
648	7a855bc0604af40cfe2dd497eca76ac8c71d303d14a04d70ed6a1e44285d254b
650	b9bff52afbc5abed8690b81d2071062d8f2373d37f22e21e792d0a31ae96f7c7
653	2b51a843fb8913faba5cc124b799f4ef15dee583d1a9f0b667808f913df71fc6
656	6c326b69249a8acef884000e404bd152be0dd9a292debc548d3d41020683a63f
658	e78cb003e58951419d712b02ae3c8c3b0e9fc827e053f59ff0c358e6b82fc790
659	039e65ea52f4fab997bc2aded41d09217808e54c0b86e354ac18db6943e566cf
662	3989700bb168dab694d3488b9f227c3061ceb5e8cfc540e06c8201f67b2c3e8f
671	6f2e53236d73c8c6fa42923725a15b54ce6c75bb424693ebbfdc6fae23c57214
673	8bee98ee8efe52d8be7a2d2f9343c7458a26b38dfa8c3c24773d0cd4545f5f0c
674	008cc098e0ff287c8f74d241169c2f3e7f5c08560db383b9a9dc999839e18132
679	3ea023090117772862f8aef624a1a331f5edc330666bde22c4e0d399935d82fa
681	c95bfb29dba43316808a08c9d86a1aaa7a386607497e752624b718f7c3a489e3
683	636230f5081ec77466424f706072b3ab4c8a49ccc6d626c453433b07636095a8
684	e40083e4c6e54749e7822ac78a9b1f09f1c86bfeacfd0c660b0e3bf75f96f29a
690	fef3df7039a1064fff748caa61f50dd9b3ff384674e48af34aac35f2bba47732
692	972fe4f687fb2f9c5b164d661658d9669f80a99ec4ff2f05d0e8d798b662ad2d
693	9759409500ad04146d3097003b8557cedc0dbea73ad9692cfb96ebc68fb42c80
696	8057720f3fbb3f0f01dc890cdd4dc06a66d4a52e30c49628daf487c1726359ce
700	8af49ceaadd2e86b6f4484f545a2873ff7211967f4da6dd227faca66ed76936a
703	eefb519db99e44bf9cd41f1528fb9f415d4d3c6df29c219445c17dccfcd22235
719	3e08810f28acf4f07edeaa48020ae61ba124db815f73b11edd7bb7ea628452aa
724	10062cd39787556ff8ed7445517a12005a70b63e81aec9adda36e5cf219b6aa3
730	967b554b222d4484883c2a20b5977afa65910b92800204be05533dd8c532ed92
731	2e6e44e5ba025a84610336558fdab9aa64835d4edad0a1ccbdc55fdbd04f7910
732	fe403bcc8b280a98ff8a5a782b5b876fa502f1e1cfc43db84e9820000205d9d4
734	f7bc281f4c4962bfb964aca9e5f49a8c7f1175aa5c74cf1b9ebb32827f41b648
740	6983cf40e27e171f5d5424b2e4049657659b2d8e8ba13f3a1b32d4da74a7304f
742	b1f7c3f09547349a845ddae480d90c7305de196e3f5ac053b36a391f5fa84181
743	7d09e12113b22c6433f8f5b082c774c8e8b7544371572f021309fb97908cbe67
745	c72b836d8403dee91c323c27b8e99f29dd6a66ef615b770fac0fe8b0a58235c7
746	31471b61cc1cb72a23a446bbecbe5a175074d7c3e5cccad768b54556d5386679
747	2652bb4d7e591d9f8878b19ff0dd9f5519be7fe7cbb708d861ef6978891a3a91
750	8789d3cd1502f34baad9a8f2d6081877fb4d53a2743f44370d707e7a4bf70b3e
751	90d1f9c1a6f9b4322d628f6e6b93043639404570dc33368243ce4ea638869871
752	5a0532d2b71bacf421917554b1d527e9c129200d401a7da2c7fc1ebcfff384be
753	bdc3cd88fbb4b2b4d2f031a6d16846c6756da856ae71c5f4d2fff30c99acc785
754	7e088b1ce64f098a29296aa2e6c730a085be515ca120d3278e1e021a624186b2
755	b4b850bf539030f748dbaed8b2c2f5cb3082c990f05c71b3dca3d8f62be115fc
757	2acb42d136d2e989be8c539ceff3e633a15579348c62e275e521322238c79da4
768	bd807a21a2ecbb1af90df4a809d854c90b4bfa0829ab0d01e64056258336eb52
771	d9e3c7afcb995ab8ae3f6ea5b6dc06e109ebc2fb3769c1facd950059d927eacc
775	9496034ba20cb64aad628bd6afa7551fb209618abaefc55db88dd308cf326acb
782	a87fd518d5db54ff41c3f38accadd5561cdcad7d1a82923b6d2a3dec265579c5
783	771dbe8eb93a26cee163eb14c1cc7c18a90880feeeae7a4a34327dc0e8222698
800	1ea03bfe338f20c04d72aeaf6a2281fb6184d336d31dd59bed7cf4b75056879e
801	c88923a300dc46b8f709129c4a50a16588ed04027bd993713527efd972742e97
802	496786e88663c75f752d1cc1a5eba5e2e8349e70e1e452845433ebd48cd5a24f
810	cb539596211a35dec8fec9461457cfa15ec91e9fb878ccdaa3883250533f07ba
811	01dc9a1d8f2aac5af64c09ba6457c5fcda3e21184ccd064874418e498c579872
821	a07d3fd378360f5a3d61fd30227100d7358086844becb1d05dcb7306403e8ffc
822	5538c611125407b5963c7137de439a688430ccb220eeab16f4ba0fc1d9665c8b
825	1a44a071662871337437fea6a938a13d388737a51bdf6d5723dd8ce4955538f4
829	21f2c814b23c472dd9857dd49a05b9d2351f64af099ac6f2a1e4319a0ccb437d
830	8c80e5ab8fb0d58c4d813cb16d2cb4986e6eab54c993a66e27ba3871f3af46ef
835	ad190286f61b5c7163350270fdda4a043a8cbe98b4588ab681991bbfbd8ff9c4
838	42fc1a44aa60379c52e0c5d37a4143a35cdb6a24216c349c70a5e1f1d588effb
844	15c3ca616d56c8680114019d6f2282536d38b7f15f1adf76635ee56124d1019b
858	d79498261e167ffd7c49c240eb8dee43a06964aff61e8052356d829176dcb7a8
891	4dcd848b6baf7a3a952540360a9096f0956660e79690a3bc785e3cd926ec8002
892	ab4322b8a9a9cdf8de054f1c45b0c07208771fe63a753828b3064e0220556457
893	b65221cbb581564f026d862a0e1a1f11769873c74bbf2aebf549e28fe239d44d
897	0d71e363084db489796fcf616d9e967205d91de514e17e81692c6bce23058abb
900	576c25ce351df6d7905196edc08a4bdff68ff4b67ddbdd5ea438577ac8da50b2
901	bdd1244411b224ada392373e396bb3897778fdefa70e1b8c819c8ecc8060dcde
905	ae1e8d0551dcb70407db98baa6f7ebb92f8274f5b689b60d6a4dc734bbcfb20d
909	c00c3b8a01247f18ff682f898efcabc0a276c44e8fdb0f9755ced82fc121409d
910	b731e0b3901c03b9087e1ef1984b0fd7266ac4f41552b107f3f7bd05c6687b8a
911	74c5219e458234f130abdb153fce5c1ddd087488582ae71694e389c8445cdc28
912	4ee1f9a76b2dda387e0a16d29e2282752b2930ca6f89c1aca1730702f7970830
913	58b9e70b2bac6b702de1fab9e72d2d616b3c0ad88c52d07a231f9f8252af66b5
924	b39463cd44ceceec7157c6938dc090bfbfaedc1b6f6fe450acc3a1d0c50ad9c5
930	14ef86c9d1296e1d06d4101f06fe2e5b6ecb65dac93e2dd82237114df71621c2
952	c40bb2501bf85f19819d426d5893f5bff1c1791f7c9985dd0181469c7a0a394d
956	618366f3c9377de4c2183b95b8c4dcd31ba265a3cf089a29a67b278a10486e62
958	5d2a2d5efd11ff62e27686d3eeb41dfeb3926dd966772e3659305b4a0b3a7379
960	c701ecd4753cdd19672ec3cbf9ec7bd0bc78519ab1e212ab990ef47cdd1b380f
961	26a3ce8d879a078d401849028538054be2b4d020f532e9bdf0a94cb60eead4fc
962	365667bb0c149a089c8825241eb94f4bd4bceffd9904d5962c9d264e326012a5
964	5f2528f0c66379dcfb92101bb6badc31c1df3eecaee2cf0f91f060832d8392ee
975	3a85486c256f53568435876119fe06d3d17d79ab35c73eceac99e39da87452ec
976	842f6a9538ce536ade7e6159cae0bd869a1982bf19071d8d316903de9459c625
978	10048e34023c3a4f6b1734446dd258a6365a84e3475d5e57e4a085faf8345249
984	a7e1d6f601703aee60ebba84902f60abb7a01ea0db5a955687e0215a7eabfa19
986	bf966d8224ff3d653a76ff796cad495017251c862440e1560e01cfcada6156f0
987	1073f8b43ff9b887510578e00a7a03f00ec817e745faa9e083e0798136d00bfb
990	bfe9a10257235d2b3b76dd2e2feac23f66e57c309eb91410ab885b7128f93d26
993	c0db2d0d79570dac390c81a3e05f4ebf5b1a93a0953d539512b4c6698aa9c778
1011	161271fe26895fec8324919690cbf18f77aed6522c7bf3197c49619ee628d9fc
1016	87c882b6cfc9e3daafc0eda290e1865d82a2dd3eb9bae71656ed84812bd0394a
1021	a06a272455498b4eb10934c8d75755da1572e08b5148c667341ae0b3848f361f
1030	80976884c28c7f9afefd17af56e299c4099fb05fa22b2a6b94974cd0787e1bb8
1039	cac7a1ddcc8d075a80884a6a5983e27ba83d92cb92f18e6511507c322debec1f
1040	2b231443e1758769b68c1212571c717cbc0a19026d702bcd2b541947a52e5a74
1047	b9cdec48dcc1ebb71c58fffd0b2662f7af4ff545848c8ba9c22b80a589ec5e4f
1051	d17b441c8d6fbc3a22f2cc7efc0ed13fe2994590c569f258ddf123fcc5da6314
