article	peak day	views	trend views	x trend	z	days
Rust	2026-07-28	5735	1762	3.25	8.68	1
Rust	2026-05-14	5499	1876	2.93	7.89	1
Rust	2025-12-24	6611	2441	2.71	7.30	3
Rust	2024-02-28	7279	3321	2.19	5.71	2
Rust	2024-07-20	3878	2159	1.80	4.22	1
Python	2025-06-06	15718	3735	4.21	9.18	2
Python	2026-07-28	7899	3513	2.25	5.06	1
Python	2024-04-06	12936	5806	2.23	5.00	1
Python	2026-01-09	9136	4231	2.16	4.79	1
Python	2024-06-25	9828	5069	1.94	4.08	1
Go	2026-08-01	16445	1150	14.31	19.22	1
Go	2025-03-12	4818	2512	1.92	4.47	1
Zig	2025-12-03	2274	668	3.40	6.94	1
Zig	2023-07-19	1437	438	3.28	6.74	2
Zig	2023-09-11	2007	619	3.24	6.67	3
Zig	2026-06-01	2315	841	2.75	5.75	3
Zig	2026-07-08	1773	677	2.62	5.48	1
