init	204,57,87,163,141,136
iter	1	0,0,0,0,0,2,0,0,0,0,0,0,0,3,0,0,0,0,0,0,0,0,0,0,0,0,0,0,0,0,0,0,0,0,0,3,0,2,0,0,0,0,3,0,0,0,0,0,2,0,0,0,0,0,0,0,0,1,0,0,0,0,0,0,0,0,0,0,0,0,4,0,0,0,0,0,0,0,3,0,0,0,0,0,0,0,0,2,0,0,0,0,0,0,0,0,0,0,0,0,0,0,0,0,0,0,0,0,0,0,0,0,0,0,0,0,0,0,0,0,0,0,0,0,0,0,0,0,0,0,0,0,0,0,0,0,5,0,0,3,0,4,4,0,0,0,0,0,0,0,0,0,0,0,3,0,0,0,0,0,0,0,0,3,0,0,0,0,0,0,0,0,0,0,0,0,0,0,0,0,0,0,0,0,0,0,0,4,0,0,0,0,0,0,0,0,0,0,0,0,0,0,0,0,0,0,0,0,0,0,0,0,0,0,0,0,0,0,0,0,0,0,0,0,0,0,0,0,3,0,0,0,0,0,0,0,0,0,0,0,0,0,0,3,0,0,0,0,0,0,0,0
iter	2	3,3,0,3,0,2,0,0,0,0,0,0,0,3,0,3,0,0,0,3,0,3,0,0,0,0,0,0,0,0,0,0,0,0,0,3,0,2,0,0,0,0,3,0,0,0,0,0,2,0,0,0,0,0,0,0,0,1,0,0,0,0,0,0,0,0,0,0,0,0,4,0,0,0,0,0,0,0,3,0,0,0,0,0,0,0,0,2,0,0,0,0,0,0,0,0,0,0,0,0,0,0,0,0,0,0,0,0,0,3,0,0,0,0,0,0,0,0,0,0,0,0,0,0,0,0,0,0,0,0,0,0,0,0,0,0,5,0,0,3,0,4,4,4,0,0,0,0,0,0,3,0,0,0,3,0,0,0,0,0,0,0,0,3,0,0,0,0,0,0,0,0,0,0,0,0,0,0,0,0,0,0,0,0,0,4,0,4,0,0,0,0,0,0,0,0,0,0,0,0,0,0,0,0,0,0,0,0,0,0,0,0,0,0,0,0,0,0,0,0,0,0,0,0,0,0,0,0,3,0,0,0,0,3,0,0,0,0,0,0,0,0,0,3,0,0,0,0,0,0,0,0
iter	3	3,3,0,3,0,2,0,0,0,0,0,0,0,3,0,3,0,0,0,3,0,3,0,0,0,0,0,0,0,0,0,0,0,3,0,3,0,2,0,0,0,0,3,0,0,0,3,0,2,3,0,0,0,0,3,0,0,1,0,0,0,0,0,0,0,0,0,0,0,0,4,0,0,0,0,0,0,0,3,0,0,0,0,0,0,0,0,2,0,0,0,0,0,0,0,0,0,0,0,0,0,3,3,0,0,0,4,0,0,3,0,0,0,0,0,0,0,0,0,0,0,0,0,0,0,0,0,0,0,0,0,0,3,0,0,3,5,0,0,3,3,4,4,4,0,0,0,0,0,0,3,0,0,0,3,0,0,0,0,0,0,0,0,3,0,0,0,0,0,0,0,0,0,0,0,0,0,0,0,0,0,0,0,0,0,4,0,4,0,0,0,0,0,0,0,0,0,0,0,0,0,0,0,4,0,0,0,0,0,0,0,0,0,0,0,0,0,0,0,0,3,0,0,0,0,0,0,0,3,0,0,0,0,3,0,0,0,0,0,0,0,0,0,3,0,0,0,0,0,0,0,0
iter	4	3,3,0,3,3,2,0,0,0,0,0,0,0,3,0,3,0,0,0,3,0,3,0,0,0,0,0,0,0,0,0,0,0,3,0,3,0,2,0,0,0,0,3,0,0,0,3,0,2,3,0,0,0,0,3,0,0,1,0,0,0,0,0,3,0,0,0,0,0,0,4,0,0,0,0,0,0,0,3,0,0,0,0,0,0,0,0,2,0,0,0,0,0,0,0,0,0,0,0,0,0,3,3,0,4,0,4,0,0,3,0,3,0,0,0,0,0,0,0,0,0,0,0,0,0,0,0,3,0,0,0,0,3,0,0,3,5,0,0,3,3,4,4,4,0,0,0,0,0,0,3,0,0,0,3,3,0,0,0,0,0,0,0,3,0,0,0,0,0,0,0,0,0,0,0,0,0,0,0,0,0,0,0,0,0,4,0,4,0,0,0,0,0,0,0,0,0,0,0,0,0,0,4,4,0,3,0,0,0,0,0,0,0,0,0,0,0,0,0,0,3,0,0,0,0,0,0,0,3,0,0,0,0,3,0,0,0,0,0,0,0,0,0,3,0,0,0,0,0,0,0,0
iter	5	3,3,0,3,3,2,0,0,0,0,0,0,0,3,0,3,0,0,0,3,0,3,0,0,0,0,0,0,0,0,0,0,0,3,0,3,0,2,4,0,0,0,3,0,0,0,3,0,2,3,0,0,0,0,3,3,0,1,0,0,3,0,0,3,0,0,0,0,0,0,4,0,0,0,0,0,0,0,3,0,0,0,0,0,0,0,0,2,0,0,0,0,0,0,0,0,0,0,4,0,0,3,3,0,4,0,4,0,0,3,0,3,0,0,0,0,0,0,0,0,0,0,0,0,0,0,0,3,0,3,0,0,3,0,0,3,5,0,0,3,3,4,4,4,0,0,0,0,0,0,3,0,4,0,3,3,0,0,0,0,0,0,0,3,0,0,0,0,0,0,0,0,0,0,0,0,0,0,0,0,0,0,0,0,0,4,0,4,0,4,0,0,0,0,0,0,0,0,0,0,0,0,4,4,0,3,0,0,0,0,0,0,0,0,0,0,0,0,0,0,3,0,0,0,0,0,0,0,3,0,0,0,0,3,0,0,0,0,0,0,0,0,0,3,0,0,0,0,0,0,0,0
iter	6	3,3,0,3,3,2,0,0,0,4,0,0,0,3,0,3,0,0,0,3,0,3,0,0,0,0,0,0,0,0,0,0,0,3,0,3,0,2,4,0,0,0,3,0,0,0,3,0,2,3,0,0,0,0,3,3,0,1,0,0,3,0,0,3,0,0,0,0,0,0,4,4,0,0,0,0,0,0,3,0,0,0,0,0,0,3,0,2,0,0,0,0,0,0,0,0,0,0,4,0,0,3,3,0,4,0,4,0,0,3,0,3,0,0,0,0,0,0,0,0,0,0,0,0,0,0,0,3,0,3,0,0,3,0,0,3,5,0,0,3,3,4,4,4,0,0,0,0,0,0,3,0,4,0,3,3,0,0,0,0,0,0,0,3,0,0,0,0,0,0,0,0,0,0,0,0,0,0,0,0,0,0,0,0,0,4,0,4,0,4,0,0,0,0,0,0,0,0,0,0,0,0,4,4,0,3,0,3,0,0,0,0,0,0,0,0,0,0,0,3,3,0,0,0,0,0,0,0,3,0,0,0,0,3,0,0,0,0,0,0,0,0,0,3,0,0,0,0,0,0,0,0
iter	7	3,3,0,3,3,2,0,4,0,4,0,0,0,3,0,3,0,0,0,3,0,3,0,0,0,0,0,0,0,0,0,0,0,3,0,3,3,2,4,0,0,0,3,0,0,0,3,0,2,3,0,0,0,0,3,3,0,1,0,0,3,0,0,3,0,0,0,0,0,0,4,4,0,0,0,0,0,0,3,0,0,0,0,0,0,3,0,2,0,0,0,0,0,0,0,0,0,0,4,0,0,3,3,0,4,0,4,0,0,3,0,3,0,0,0,0,0,0,0,0,0,0,0,0,0,0,0,3,0,3,0,0,3,3,0,3,5,0,0,3,3,4,4,4,0,0,0,0,0,0,3,0,4,0,3,3,0,0,0,0,0,0,0,3,0,0,0,0,0,0,0,0,0,0,0,0,0,0,0,0,0,0,0,0,0,4,0,4,0,4,0,0,0,0,0,0,0,0,0,0,0,0,4,4,0,3,0,3,0,0,0,0,0,0,0,0,0,0,0,3,3,0,0,0,0,0,0,0,3,0,0,0,0,3,0,0,0,0,0,0,0,0,0,3,0,0,0,0,0,0,0,0
iter	8	3,3,0,3,3,2,0,4,0,4,0,0,0,3,0,3,0,0,0,3,0,3,0,0,0,0,0,0,0,0,0,0,0,3,0,3,3,2,4,0,0,0,3,0,0,0,3,0,2,3,0,0,0,0,3,3,0,1,0,0,3,0,0,3,0,0,0,0,3,0,4,4,0,0,0,0,0,0,3,0,0,0,0,0,0,3,0,2,0,0,0,0,0,0,0,0,0,0,4,0,0,3,3,0,4,0,4,0,0,3,0,3,0,0,0,0,0,0,0,0,0,0,0,0,0,0,0,3,0,3,0,0,3,3,0,3,5,0,0,3,3,4,4,4,0,0,0,0,0,0,3,0,4,0,3,3,0,0,0,0,0,0,0,3,0,0,0,0,0,0,0,0,0,0,0,0,0,0,0,0,0,0,0,0,0,4,0,4,0,4,0,0,0,0,0,0,0,0,0,0,0,0,4,4,0,3,0,3,0,0,0,0,0,0,0,0,0,0,0,3,3,0,0,0,0,0,0,0,3,0,0,0,0,3,0,0,0,0,0,0,0,0,0,3,0,0,0,0,0,0,0,0
iter	9	3,3,0,3,3,2,0,4,0,4,0,0,0,3,0,3,0,0,0,3,0,3,0,0,0,0,0,0,0,0,0,0,0,3,0,3,3,2,4,0,0,0,3,0,0,0,3,0,2,3,0,0,0,0,3,3,0,1,0,0,3,0,0,3,0,0,0,0,3,0,4,4,0,0,0,0,0,0,3,0,0,0,0,0,0,3,0,2,0,0,0,0,0,0,0,0,0,0,4,0,0,3,3,0,4,0,4,0,0,3,0,3,0,0,0,0,0,0,0,0,0,0,0,0,0,0,0,3,0,3,0,0,3,3,0,3,5,0,0,3,3,4,4,4,0,0,0,0,0,0,3,0,4,0,3,3,0,0,0,0,0,0,0,3,0,0,0,0,0,0,0,0,0,0,0,0,0,0,0,0,3,0,0,0,0,4,0,4,0,4,0,0,0,0,0,3,0,0,0,0,0,0,4,4,0,3,0,3,0,0,0,0,0,0,0,0,0,0,0,3,3,0,0,0,0,0,0,0,3,0,0,0,0,3,0,0,0,0,0,0,0,0,0,3,0,0,0,0,0,0,0,0
iter	10	3,3,0,3,3,2,0,4,0,4,0,3,0,3,0,3,0,0,0,3,0,3,0,0,0,0,0,0,0,0,0,0,0,3,0,3,3,2,4,0,0,0,3,0,0,0,3,0,2,3,0,0,0,0,3,3,0,1,0,0,3,0,0,3,0,0,0,0,3,0,4,4,0,0,0,0,0,0,3,0,0,0,0,0,0,3,0,2,0,0,0,0,0,0,0,0,0,0,4,4,0,3,3,0,4,0,4,0,0,3,0,3,0,0,0,0,0,0,0,0,0,0,0,0,0,0,0,3,0,3,0,0,3,3,0,3,5,0,0,3,3,4,4,4,0,0,0,0,0,0,3,0,4,0,3,3,0,0,0,0,0,0,0,3,0,3,0,0,0,0,0,0,0,0,0,0,0,0,0,0,3,0,0,0,0,4,0,4,0,4,0,0,0,0,0,3,0,0,0,0,0,0,4,4,0,3,0,3,0,0,0,0,0,0,0,0,0,0,0,3,3,0,0,0,0,0,0,0,3,0,0,0,0,3,0,0,0,0,0,0,0,0,3,3,0,0,0,0,0,0,0,0
iter	11	3,3,0,3,3,2,0,4,0,4,0,3,0,3,0,3,0,0,0,3,0,3,0,0,0,0,0,0,0,0,0,0,0,3,0,3,3,2,4,0,0,0,3,0,0,0,3,0,2,3,0,0,0,0,3,3,0,1,0,0,3,0,0,3,0,0,0,0,3,0,4,4,0,0,0,0,0,0,3,0,0,0,0,0,0,3,0,2,0,0,0,0,0,0,0,0,0,0,4,4,0,3,3,0,4,0,4,0,0,3,0,3,0,0,0,0,0,0,0,0,0,0,0,0,0,0,0,3,0,3,0,0,3,3,0,0,5,0,3,3,3,4,4,4,0,0,0,0,0,0,3,0,4,0,3,3,0,0,0,0,0,0,0,3,3,3,0,0,0,0,0,0,3,0,0,0,0,0,0,0,3,0,0,0,0,4,0,4,0,4,0,0,0,0,0,3,0,0,0,0,0,0,4,4,0,3,0,3,0,0,0,0,0,0,0,0,0,0,0,3,3,0,0,3,0,0,0,0,3,0,0,0,0,3,0,0,0,0,0,0,0,0,3,3,0,0,0,0,0,0,0,0
iter	12	3,3,0,3,3,2,0,4,0,4,0,3,0,3,0,3,0,0,3,3,0,3,3,0,0,0,0,0,0,0,0,0,0,3,0,3,3,2,4,0,0,0,3,0,0,0,3,0,2,3,0,0,0,0,3,3,0,1,0,0,3,3,0,3,0,0,0,0,3,0,4,4,0,0,0,0,0,0,3,0,0,0,0,0,0,3,0,2,0,0,0,0,0,0,0,0,0,0,4,4,0,3,3,0,4,0,4,0,3,3,0,3,0,0,0,0,0,0,0,0,0,0,0,0,0,3,0,3,0,3,0,0,3,3,0,0,5,0,3,3,3,4,4,4,0,0,0,0,0,0,3,0,4,0,3,3,0,0,0,0,0,0,0,3,3,3,0,0,0,0,0,0,3,0,0,0,0,0,0,0,3,0,0,0,0,4,0,4,0,4,0,0,0,0,0,3,0,0,0,0,0,0,4,4,0,3,0,3,0,0,0,0,0,0,0,0,0,0,0,3,3,0,0,3,0,0,0,0,3,0,0,0,0,3,0,0,0,0,0,0,0,0,3,3,0,0,0,0,0,0,0,0
iter	13	3,3,0,3,3,2,0,4,0,4,0,3,0,3,0,3,0,0,3,3,3,3,3,0,0,0,0,0,0,3,0,0,0,3,0,3,3,2,4,0,0,0,3,0,0,0,3,0,2,3,0,0,0,3,3,3,0,1,0,0,3,3,0,3,0,0,0,3,3,0,4,4,0,0,0,0,0,0,3,0,0,0,0,0,0,3,0,2,0,0,0,0,0,0,0,0,0,0,4,4,0,3,3,0,4,0,4,0,3,3,0,3,0,0,0,0,0,0,0,0,3,0,0,0,0,3,0,3,0,3,0,0,3,3,0,0,5,0,3,3,3,4,4,4,0,0,0,0,0,0,3,0,4,0,3,3,0,0,0,0,0,0,0,3,3,3,0,0,0,3,0,0,3,0,0,0,0,0,0,0,3,0,0,0,0,4,0,4,0,4,0,0,0,0,0,3,0,3,0,0,4,0,4,4,0,3,0,3,0,0,0,0,0,0,0,0,0,0,0,3,3,0,0,3,0,0,0,0,3,0,0,0,0,3,0,0,0,0,0,0,0,0,3,3,0,0,0,0,0,0,0,0
iter	14	3,3,3,3,3,2,0,4,0,4,0,3,3,3,3,3,0,0,3,3,3,3,3,0,0,0,0,0,0,3,0,0,0,3,0,3,3,2,4,0,0,0,3,3,3,0,3,0,2,3,0,0,0,3,3,3,0,1,0,0,3,3,0,3,0,0,0,3,3,3,4,4,0,0,0,0,0,0,3,0,0,0,0,0,0,3,3,2,0,0,0,0,0,0,0,0,0,0,4,4,0,3,3,0,4,0,4,0,3,3,3,3,0,0,0,0,0,0,0,0,3,0,0,0,0,3,3,3,0,3,0,0,3,3,0,0,5,0,3,3,3,4,4,4,0,0,0,0,0,0,3,3,4,3,3,3,0,0,0,0,0,0,0,3,3,3,0,0,0,3,0,0,3,0,4,0,0,0,0,0,3,0,0,0,0,4,0,4,0,4,0,0,3,0,0,3,0,3,0,0,4,0,4,4,0,3,3,3,0,0,0,0,0,3,0,0,0,0,0,3,3,0,0,3,0,0,3,0,3,0,0,0,0,3,0,0,4,0,0,0,0,0,3,3,0,0,0,0,0,0,0,0
iter	15	3,3,3,3,3,2,4,4,0,4,0,3,3,3,3,3,0,0,3,3,3,3,3,0,0,0,0,0,3,3,0,4,3,3,0,3,3,2,4,0,0,0,3,3,3,0,3,0,2,3,0,0,0,3,3,3,0,1,0,0,3,3,0,3,0,0,0,3,3,3,4,4,0,0,0,0,0,0,3,0,0,0,0,0,0,3,3,2,0,0,0,0,0,0,0,0,0,0,4,4,0,3,3,0,4,0,4,0,3,3,3,3,0,0,0,0,0,3,0,0,3,0,0,0,0,3,3,3,0,3,0,0,3,3,0,0,5,0,3,3,3,4,4,4,3,0,3,0,0,0,3,3,4,3,3,3,0,0,0,0,0,0,0,3,3,3,0,0,0,3,0,0,3,0,4,0,0,0,0,0,3,0,0,0,0,4,0,4,0,4,0,0,3,0,0,3,0,3,0,0,4,0,4,4,0,3,3,3,0,0,4,0,0,3,0,0,0,0,0,3,3,0,0,3,3,0,3,0,3,0,0,0,0,3,0,0,4,0,0,0,0,0,3,3,0,0,0,0,0,0,0,0
iter	16	3,3,3,3,3,2,4,4,0,4,0,3,3,3,3,3,0,0,3,3,3,3,3,0,0,4,0,3,3,3,0,4,3,3,3,3,3,2,4,0,0,0,3,3,3,0,3,0,2,3,0,0,0,3,3,3,0,1,0,0,3,3,0,3,0,0,0,3,3,3,4,4,0,0,0,0,0,0,3,0,0,0,0,0,0,3,3,2,0,0,0,0,0,0,0,0,0,0,4,4,0,3,3,0,4,0,4,0,3,3,3,3,0,0,0,0,0,3,0,3,3,0,0,0,0,3,3,3,0,3,0,0,3,3,0,0,5,0,3,3,3,4,4,4,3,0,3,0,0,0,3,3,4,3,2,3,0,0,0,0,0,0,0,3,3,3,0,0,0,3,0,0,3,0,4,0,0,0,0,0,3,0,0,0,0,4,0,4,0,4,0,0,3,0,0,3,0,3,0,0,4,0,4,4,0,3,3,3,0,4,4,0,4,3,0,0,0,3,0,3,3,0,0,3,3,0,3,0,3,0,0,0,0,3,0,0,4,0,0,0,0,0,3,3,0,0,0,0,0,0,0,0
iter	17	3,3,3,3,3,2,4,4,0,4,0,3,3,3,3,3,0,4,3,3,3,3,2,0,0,4,0,3,3,3,4,4,3,3,3,3,3,2,4,0,0,0,3,3,3,0,3,0,2,3,0,0,0,3,3,3,0,1,0,0,3,3,0,3,0,0,0,3,3,3,4,4,0,0,4,0,0,0,3,0,0,0,0,0,0,3,3,2,0,0,0,0,0,0,0,0,4,0,4,4,0,3,3,0,4,0,0,0,3,3,3,3,0,0,0,0,4,3,0,3,3,0,0,0,0,3,3,3,0,3,0,0,3,3,3,0,5,0,3,3,3,4,4,4,3,0,3,0,0,0,3,3,4,3,2,3,0,0,0,0,0,4,0,3,3,3,0,0,0,3,0,0,3,0,4,0,0,0,0,0,3,0,0,0,0,4,0,4,0,4,0,0,3,0,0,3,0,3,0,0,4,3,4,4,0,3,3,3,0,4,4,0,4,3,0,0,0,3,0,3,3,0,0,3,3,0,3,0,3,0,0,0,0,3,0,0,4,0,0,0,0,0,3,3,0,0,0,0,0,0,0,0
iter	18	3,3,3,3,3,2,4,4,0,4,0,3,3,3,3,3,0,4,3,3,3,2,2,0,0,4,0,3,3,3,4,4,3,3,3,2,3,2,4,0,0,0,3,3,2,0,3,0,2,3,0,0,0,3,3,3,0,1,0,0,3,3,0,3,0,0,0,3,3,3,4,4,0,0,4,4,0,0,3,0,0,0,0,0,0,3,3,2,0,0,0,3,0,0,0,0,4,0,4,4,0,3,3,0,4,4,0,0,3,3,3,3,0,0,0,0,4,3,0,4,3,0,0,0,0,3,3,3,0,3,0,0,3,3,3,0,5,0,3,3,3,4,4,4,3,0,3,0,0,0,3,3,4,3,2,3,0,0,0,0,0,4,0,3,3,3,0,0,0,3,0,0,3,0,4,0,0,0,0,0,3,0,0,0,0,4,0,4,0,4,0,0,3,0,0,3,0,3,0,0,4,3,4,4,0,3,3,3,0,4,4,0,4,3,0,0,0,3,0,3,3,0,0,3,3,0,3,0,3,0,0,0,0,3,0,0,4,0,0,0,0,0,3,3,0,0,0,0,0,0,0,2
iter	19	3,3,3,3,3,2,4,4,0,4,0,3,3,3,3,3,0,4,3,3,3,2,2,2,0,4,3,3,3,3,4,4,3,3,3,2,3,2,4,0,0,0,2,3,2,0,3,0,2,3,0,0,0,3,3,3,0,1,0,0,3,3,0,3,0,0,0,3,3,3,4,4,0,0,4,4,0,0,3,0,0,0,0,0,0,3,3,2,0,0,0,3,0,0,0,0,4,0,4,4,0,3,3,0,4,4,0,0,2,3,3,3,0,0,0,0,4,3,0,4,2,0,0,0,0,3,3,3,0,3,0,0,3,3,3,0,5,0,3,3,2,4,4,4,3,0,3,0,0,0,3,3,4,3,2,3,0,0,0,0,0,4,0,3,3,3,0,0,0,3,0,0,3,0,4,0,0,0,0,0,3,0,0,0,0,4,0,4,0,4,0,0,3,0,0,3,0,3,0,0,4,3,4,4,0,0,3,3,0,4,4,0,4,3,0,0,0,3,0,3,3,0,0,3,3,0,3,0,3,0,0,0,0,3,0,0,4,0,0,0,0,0,3,3,0,0,4,0,0,0,0,2
iter	20	3,3,3,3,3,3,4,4,0,4,0,3,3,3,3,3,0,4,3,3,3,2,2,2,0,4,3,3,3,3,4,4,3,3,3,2,3,2,4,0,0,0,2,3,2,0,3,0,2,3,0,0,0,3,3,3,0,1,2,0,3,3,0,3,0,0,0,3,3,3,4,4,0,0,4,4,0,0,3,0,0,0,0,0,0,3,3,2,0,0,0,3,2,0,3,0,4,0,4,4,0,2,3,4,4,4,0,0,2,3,3,3,0,0,0,0,4,3,0,4,2,0,0,0,0,3,3,3,0,3,0,0,3,3,3,0,5,0,3,3,2,4,4,4,3,0,3,0,0,0,3,3,4,3,2,3,0,0,0,0,0,4,0,2,3,3,2,0,0,3,0,0,2,0,4,0,0,0,0,0,3,0,0,0,0,4,0,4,0,4,0,0,3,0,0,3,0,3,0,0,4,3,4,4,0,0,3,3,0,4,4,0,4,3,0,0,0,3,0,3,3,0,0,3,3,0,3,3,3,0,0,0,0,3,0,0,4,0,0,0,0,0,3,3,2,0,4,0,0,0,0,2
iter	21	3,3,3,3,3,3,4,4,0,4,0,3,3,3,3,3,0,4,3,3,3,2,2,2,0,4,3,3,3,3,4,4,3,3,3,2,3,2,4,0,0,0,2,3,2,0,3,0,2,3,0,4,2,3,3,3,0,1,2,0,3,3,0,3,0,0,0,3,3,3,4,4,0,0,4,4,0,0,3,0,0,0,0,0,0,3,3,2,0,0,0,3,2,0,3,0,4,0,4,4,0,2,3,4,4,4,0,0,2,3,3,3,0,0,0,0,4,3,0,4,2,0,0,0,0,3,3,3,0,3,0,2,3,3,3,0,5,0,3,3,2,4,4,4,3,0,3,0,0,0,3,3,4,3,2,3,0,0,0,0,0,4,0,2,3,3,2,0,0,3,0,0,2,0,4,0,0,0,0,0,3,0,0,0,0,4,0,4,0,4,0,0,3,0,0,3,0,3,0,0,4,3,4,4,0,0,3,3,0,4,4,0,4,3,0,0,3,3,0,3,3,0,0,3,3,0,3,3,3,0,0,0,0,3,0,0,4,0,0,0,0,0,3,3,2,0,4,0,0,0,0,2
iter	22	3,3,3,3,3,3,4,4,0,4,0,3,3,3,3,3,0,4,3,3,3,2,2,2,0,4,3,3,3,3,4,4,3,3,3,2,3,2,4,0,0,0,2,3,2,0,3,0,2,3,0,4,2,3,3,3,0,1,2,0,3,3,0,3,0,0,0,3,3,3,4,4,0,0,4,4,0,0,3,0,0,0,0,0,0,3,3,2,0,0,0,3,2,0,3,0,4,0,4,4,0,2,3,4,4,4,0,0,2,3,3,3,0,0,0,0,4,3,0,4,2,0,0,0,0,3,3,3,0,3,0,2,3,3,3,0,5,0,3,3,2,4,4,4,3,0,3,0,0,0,3,3,4,3,2,3,0,0,0,0,0,4,0,2,3,3,2,0,0,3,0,0,2,0,4,0,0,0,0,0,3,0,0,0,0,4,0,4,0,4,0,0,3,0,0,3,0,3,0,4,4,3,4,4,0,0,3,3,0,4,4,0,4,3,0,0,3,3,0,3,3,0,0,3,3,0,3,3,3,0,0,0,0,3,0,0,4,0,0,0,0,0,3,3,2,0,4,0,0,0,0,2
iter	23	3,3,3,3,3,3,4,4,0,4,0,3,3,3,3,3,0,4,3,3,3,2,2,2,0,4,3,3,3,3,4,4,3,3,3,2,3,2,4,0,0,0,2,3,2,0,3,0,2,3,0,4,2,3,3,3,0,1,2,0,3,3,0,3,0,0,0,3,3,3,4,4,0,0,4,4,0,0,3,0,0,0,0,0,0,3,3,2,0,0,0,3,2,0,3,0,4,0,4,4,0,2,3,4,4,4,0,0,2,3,3,3,0,0,0,0,4,3,0,4,2,0,0,0,0,3,3,3,0,3,0,2,3,3,3,0,5,0,3,3,2,4,4,4,3,0,3,0,0,0,3,3,4,3,2,3,0,0,0,0,0,4,0,2,3,3,2,0,0,3,0,0,2,0,4,0,0,0,0,0,3,0,0,0,0,4,0,4,0,4,0,0,3,0,0,3,0,3,0,4,4,3,4,4,0,0,3,3,0,4,4,0,4,3,0,0,3,3,0,3,3,0,0,3,3,0,3,3,3,0,0,0,0,3,0,0,4,0,0,0,0,0,3,3,2,0,4,0,0,0,0,2
iterations	23	true
assign	0	3
assign	1	3
assign	2	3
assign	3	3
assign	4	3
assign	5	3
assign	6	4
assign	7	4
assign	8	0
assign	9	4
assign	10	0
assign	11	3
assign	12	3
assign	13	3
assign	14	3
assign	15	3
assign	16	0
assign	17	4
assign	18	3
assign	19	3
assign	20	3
assign	21	2
assign	22	2
assign	23	2
assign	24	0
assign	25	4
assign	26	3
assign	27	3
assign	28	3
assign	29	3
assign	30	4
assign	31	4
assign	32	3
assign	33	3
assign	34	3
assign	35	2
assign	36	3
assign	37	2
assign	38	4
assign	39	0
assign	40	0
assign	41	0
assign	42	2
assign	43	3
assign	44	2
assign	45	0
assign	46	3
assign	47	0
assign	48	2
assign	49	3
assign	50	0
assign	51	4
assign	52	2
assign	53	3
assign	54	3
assign	55	3
assign	56	0
assign	57	1
assign	58	2
assign	59	0
assign	60	3
assign	61	3
assign	62	0
assign	63	3
assign	64	0
assign	65	0
assign	66	0
assign	67	3
assign	68	3
assign	69	3
assign	70	4
assign	71	4
assign	72	0
assign	73	0
assign	74	4
assign	75	4
assign	76	0
assign	77	0
assign	78	3
assign	79	0
assign	80	0
assign	81	0
assign	82	0
assign	83	0
assign	84	0
assign	85	3
assign	86	3
assign	87	2
assign	88	0
assign	89	0
assign	90	0
assign	91	3
assign	92	2
assign	93	0
assign	94	3
assign	95	0
assign	96	4
assign	97	0
assign	98	4
assign	99	4
assign	100	0
assign	101	2
assign	102	3
assign	103	4
assign	104	4
assign	105	4
assign	106	0
assign	107	0
assign	108	2
assign	109	3
assign	110	3
assign	111	3
assign	112	0
assign	113	0
assign	114	0
assign	115	0
assign	116	4
assign	117	3
assign	118	0
assign	119	4
assign	120	2
assign	121	0
assign	122	0
assign	123	0
assign	124	0
assign	125	3
assign	126	3
assign	127	3
assign	128	0
assign	129	3
assign	130	0
assign	131	2
assign	132	3
assign	133	3
assign	134	3
assign	135	0
assign	136	5
assign	137	0
assign	138	3
assign	139	3
assign	140	2
assign	141	4
assign	142	4
assign	143	4
assign	144	3
assign	145	0
assign	146	3
assign	147	0
assign	148	0
assign	149	0
assign	150	3
assign	151	3
assign	152	4
assign	153	3
assign	154	2
assign	155	3
assign	156	0
assign	157	0
assign	158	0
assign	159	0
assign	160	0
assign	161	4
assign	162	0
assign	163	2
assign	164	3
assign	165	3
assign	166	2
assign	167	0
assign	168	0
assign	169	3
assign	170	0
assign	171	0
assign	172	2
assign	173	0
assign	174	4
assign	175	0
assign	176	0
assign	177	0
assign	178	0
assign	179	0
assign	180	3
assign	181	0
assign	182	0
assign	183	0
assign	184	0
assign	185	4
assign	186	0
assign	187	4
assign	188	0
assign	189	4
assign	190	0
assign	191	0
assign	192	3
assign	193	0
assign	194	0
assign	195	3
assign	196	0
assign	197	3
assign	198	0
assign	199	4
assign	200	4
assign	201	3
assign	202	4
assign	203	4
assign	204	0
assign	205	0
assign	206	3
assign	207	3
assign	208	0
assign	209	4
assign	210	4
assign	211	0
assign	212	4
assign	213	3
assign	214	0
assign	215	0
assign	216	3
assign	217	3
assign	218	0
assign	219	3
assign	220	3
assign	221	0
assign	222	0
assign	223	3
assign	224	3
assign	225	0
assign	226	3
assign	227	3
assign	228	3
assign	229	0
assign	230	0
assign	231	0
assign	232	0
assign	233	3
assign	234	0
assign	235	0
assign	236	4
assign	237	0
assign	238	0
assign	239	0
assign	240	0
assign	241	0
assign	242	3
assign	243	3
assign	244	2
assign	245	0
assign	246	4
assign	247	0
assign	248	0
assign	249	0
assign	250	0
assign	251	2
centroid	0	-0.08723177015781403,0.01422946434468031,-0.04526355117559433,0.024424560368061066,0.03627263009548187,-0.028455035760998726,0.0020217623095959425,0.060938846319913864,-0.05641153082251549,-0.05640412122011185,0.04084755480289459,-0.03637012094259262,-0.0220183152705431,-0.019481733441352844,0.01500741671770811,0.04588806629180908,-0.06799297779798508,-0.009240023791790009,0.00621923478320241,-0.007070282474160194,-0.02962270937860012,0.0702536329627037,0.04900149628520012,0.004997539333999157,-0.0007885764935053885,-0.012879718095064163,-0.08937559276819229,-0.0021134945563971996,0.05570389702916145,-0.033954281359910965,0.042340800166130066,0.1037130057811737,-0.07381070405244827,-0.009244061075150967,0.059710707515478134,0.16679103672504425,-0.01801854744553566,-0.06559023261070251,-0.09658142924308777,0.0007029224070720375,-0.0020965321455150843,0.061864014714956284,-0.1024872362613678,0.002976870397105813,-0.010967342182993889,-0.020168501883745193,0.02647360973060131,-0.02451031468808651,-0.05060499161481857,-0.020267874002456665,-0.03233646601438522,0.054759010672569275,0.022591374814510345,-0.025679094716906548,0.1229248195886612,-0.03243956342339516,-0.0505024753510952,-0.013363562524318695,0.0030802171677351,0.03368460759520531,-0.030420277267694473,0.03147830814123154,-0.007275558542460203,-0.06173734739422798,0.024700060486793518,0.03726617246866226,0.03952361270785332,-0.0016383534530177712,-0.06531653553247452,0.018757224082946777,-0.023763831704854965,-0.019381096586585045,-0.08412996679544449,0.08995313197374344,0.0017563729779794812,0.09897672384977341,-0.004064371343702078,-0.048523932695388794,0.002353027695789933,-0.0700649842619896,-0.10823213309049606,-0.0190292801707983,0.017727777361869812,-0.023342497646808624,0.06297547370195389,0.09293406456708908,-0.03441358357667923,-0.051985979080200195,0.09509453922510147,0.12443242967128754,0.01959729939699173,-0.08716728538274765,-0.040657661855220795,0.0663558691740036,0.11344907432794571,0.0074890293180942535,0.0734826847910881,0.07294672727584839,-0.02485998533666134,0.07739148288965225,-0.04895831272006035,0.056576430797576904,0.03571241721510887,-0.025488078594207764,0.001678971340879798,0.023190157487988472,0.03622748330235481,0.003884031204506755,-0.06461995840072632,-0.05843529477715492,0.02584075555205345,-0.004982591141015291,0.022602001205086708,-0.09796155989170074,-0.011324802413582802,0.004541162401437759,-0.01680361106991768,-0.013020829297602177,0.04437309876084328,0.07979205995798111,0.07085757702589035,0.01598574034869671,-0.033926498144865036,0.08221420645713806,-0.03284536674618721,-0.04441409558057785,0.010849767364561558,2.2444729340837443e-33,0.0019092793809249997,-0.06809187680482864,-0.06630243360996246,0.03428436070680618,0.028004109859466553,-0.000234135368373245,-0.013143118470907211,-0.0004179716925136745,-0.07584976404905319,0.02931087650358677,-0.015092472545802593,-0.044963009655475616,-0.02426903322339058,-0.025096992030739784,0.020531250163912773,-0.027793506160378456,0.11632153391838074,-0.017887022346258163,-0.06363535672426224,0.005054624751210213,0.10769277065992355,0.0008944713044911623,-0.029293444007635117,-0.09347741305828094,-0.026378795504570007,0.06367862224578857,0.0008850241429172456,-0.04384244233369827,0.030292164534330368,0.037888478487730026,-0.04452166333794594,-0.06520680338144302,0.05828600376844406,0.031783297657966614,0.0418216846883297,-0.008392293937504292,-0.03078061155974865,0.01854768395423889,-0.16935975849628448,-0.05509326606988907,0.05561651289463043,0.057577114552259445,-0.10968204587697983,0.01612859033048153,0.059658270329236984,-0.09955492615699768,-0.04804899916052818,0.07069776207208633,-0.0025830187369138002,-0.04359631985425949,0.019434338435530663,0.12890468537807465,-0.006711606867611408,-0.010192944668233395,0.05306185409426689,-0.06493160873651505,0.05755414441227913,-0.009290596470236778,-0.009977712295949459,0.06346014142036438,-0.017065633088350296,0.05080237612128258,0.0012721396051347256,0.027722978964447975,0.014728344976902008,-0.04976806789636612,-0.04996641352772713,0.004558991640806198,0.02222418040037155,-0.0010475055314600468,-0.04112972319126129,0.03326725587248802,-0.050498124212026596,0.041798558086156845,-0.01649041846394539,-0.06745854020118713,-0.03822936490178108,-0.09058983623981476,-0.019536400213837624,-0.07156004011631012,-0.00863353069871664,-0.00963131058961153,-0.056503258645534515,0.010636641643941402,-0.015501492656767368,-0.0017257932340726256,0.004353569354861975,-0.06514344364404678,-0.06332676857709885,-0.033472947776317596,0.04570993036031723,-0.03857077285647392,0.00825526937842369,-0.09527457505464554,-0.05218755826354027,-6.1476789671151104e-33,0.01566653698682785,0.027919400483369827,-0.042116131633520126,0.027788544073700905,-0.0916677787899971,-0.0649024173617363,0.07335445284843445,-0.010892855003476143,0.0035617246758192778,0.03406694903969765,-0.048460427671670914,-0.03557739779353142,0.01761152409017086,0.023478249087929726,0.03811874985694885,0.004392070695757866,-0.08355101943016052,-0.02193303219974041,0.030600037425756454,0.06240033730864525,-0.04422333464026451,0.08025598526000977,0.0628734901547432,0.06715051084756851,-0.011039646342396736,0.03742079809308052,-0.008920727297663689,0.06406179815530777,-0.019526738673448563,-0.006198152434080839,0.0045426334254443645,0.012645664624869823,-0.07985228300094604,0.008016940206289291,0.016386980190873146,-0.018658170476555824,0.06037142500281334,0.024197794497013092,0.005376137793064117,-0.012316428124904633,0.16282761096954346,0.01716138795018196,-0.10943448543548584,0.02073393389582634,-0.03420788422226906,0.06249333918094635,0.04210030660033226,0.012118617072701454,0.07731910794973373,-0.08246062695980072,0.08547919243574142,-0.03047076426446438,0.014029363170266151,0.022641383111476898,-0.034329257905483246,-0.033188801258802414,0.00024954602122306824,0.003542984602972865,-0.03724917769432068,0.045639362186193466,0.015268531627953053,-0.05963738635182381,0.014576220884919167,-0.03150713071227074,0.06048641353845596,-0.03450746089220047,-0.043542198836803436,0.0072419592179358006,0.057396553456783295,-0.08034724742174149,-0.016523897647857666,0.02309548854827881,-0.038850560784339905,-8.942917338572443e-5,0.002508796053007245,0.01313489954918623,-0.004193940199911594,-0.019049668684601784,0.08547742664813995,0.0775519385933876,-0.061497267335653305,0.0015916399424895644,-0.03511262312531471,0.06610295921564102,0.041202012449502945,-0.04772907868027687,0.0356496199965477,0.10817546397447586,-0.0532742477953434,-0.01826070062816143,0.05321928858757019,0.019823020324110985,-0.04706603288650513,0.07113634794950485,-0.007763850037008524,-8.00334873929387e-8,-0.03480324521660805,-0.02849811501801014,-0.08759936690330505,0.03084813803434372,0.0983952134847641,-0.020097188651561737,-0.0012805364094674587,-0.07876073569059372,-0.04343309998512268,0.03894598037004471,-0.03173556178808212,0.039300814270973206,-0.03481392562389374,-0.048998888581991196,0.05040192976593971,-0.059864867478609085,-0.050905097275972366,0.045137759298086166,-0.07660628855228424,-0.09950407594442368,0.0021446645259857178,0.025095954537391663,-0.032183751463890076,-0.018048549070954323,-0.08301588147878647,-0.06566260755062103,0.020256873220205307,0.07612228393554688,0.06504029780626297,-0.04087791591882706,0.054878320544958115,0.030396072193980217,0.02309688739478588,-0.03133975341916084,-0.07659875601530075,0.05118165910243988,0.03501349315047264,0.08399935066699982,0.0565851591527462,0.02877187170088291,-0.07072339951992035,-0.01806728169322014,-0.03581149876117706,0.006937953177839518,-0.1008572056889534,-0.02364315278828144,-0.0438467338681221,0.044225648045539856,-0.003146126866340637,-0.0386538989841938,0.04862692952156067,-0.006374143995344639,0.01886793039739132,0.05399652570486069,-0.004333976190537214,-0.011738034896552563,0.011759203858673573,-0.05591762065887451,-0.04641713574528694,-0.033268146216869354,0.014582078903913498,-0.08439303934574127,0.028245404362678528,0.013671204447746277
centroid	1	-0.012106665410101414,-0.016307391226291656,-0.0008308551623485982,-0.08298834413290024,0.0027576691936701536,-0.059986412525177,-0.0687548965215683,-0.020255612209439278,0.007329231593757868,-0.002241279697045684,-0.013564224354922771,0.1266520917415619,0.0019541785586625338,0.03118332475423813,-0.017118267714977264,0.0041992561891674995,-0.023669127374887466,-0.0556066557765007,-0.010742630809545517,0.04638290777802467,0.07062190771102905,0.06782105565071106,-0.027374789118766785,0.009462273679673672,-0.005163487046957016,-0.05873577296733856,0.05656518042087555,0.06257294118404388,0.0013194108614698052,0.006512617226690054,0.035503093153238297,0.006793799344450235,0.016111718490719795,-0.0655195564031601,0.08590612560510635,0.035719797015190125,0.0020073624327778816,-0.004725804552435875,-0.023099293932318687,0.04703545570373535,0.07003426551818848,-0.036447033286094666,-0.022431666031479836,0.05307742953300476,0.0007764361798763275,0.09444160014390945,-0.004887259565293789,0.0041571385227143764,0.007710826117545366,0.02792280539870262,0.016112318262457848,-0.028673840686678886,0.01701049692928791,-0.04858516529202461,-0.04810713231563568,-0.07084884494543076,0.023844674229621887,0.019497793167829514,-0.02058812975883484,0.011016150936484337,-0.018758585676550865,0.02470189519226551,0.012746826745569706,0.08124818652868271,0.008120249025523663,-0.0019229218596592546,-0.02866891585290432,-0.030696749687194824,-0.0821586325764656,-0.09113167226314545,0.05336770415306091,-0.03711191937327385,-0.02534630335867405,0.11392895877361298,0.03325570374727249,0.0898505374789238,-0.00012989016249775887,0.051677919924259186,0.056749988347291946,-0.1612531691789627,0.02354970946907997,-0.050555191934108734,0.06662017107009888,-0.016657143831253052,-0.1275578737258911,0.05544349178671837,-0.002000425709411502,0.04652310162782669,0.09808409959077835,0.022238535806536674,-0.03740966320037842,0.03533441573381424,0.16352270543575287,-0.003923775628209114,0.005719846114516258,-0.005535490810871124,-0.021259255707263947,-0.0740196481347084,-0.04765429347753525,-0.0224955715239048,0.022425252944231033,0.01608530804514885,-0.062079817056655884,0.041809920221567154,0.024078160524368286,0.010366340167820454,-0.0007118196226656437,0.07792699337005615,-0.023038949817419052,-0.014684274792671204,0.04510879889130592,-0.000171932959347032,0.08578189462423325,-0.07456806302070618,0.03232536092400551,-0.03937266394495964,-0.14059050381183624,-0.008029535412788391,0.059646811336278915,-0.08691465854644775,-0.03391800448298454,0.013109229505062103,-0.03181720897555351,-0.0961797684431076,-0.006576297339051962,-0.0813170075416565,0.06741274893283844,-1.7587118322209345e-33,-0.046740684658288956,0.04449346289038658,-0.06092509999871254,-0.03129797428846359,0.030142324045300484,-0.06818221509456635,0.032667580991983414,0.032121140509843826,-0.1042611375451088,0.02240937389433384,0.050241146236658096,-0.014409738592803478,0.006704065948724747,-0.06616843491792679,0.04705324023962021,0.0110524483025074,0.055291954427957535,-0.003166505601257086,0.13669081032276154,0.01810678280889988,-0.04909942299127579,-0.07643689215183258,-0.005859821569174528,0.06176821514964104,-0.08172402530908585,0.04164576157927513,-0.042958468198776245,-0.01691882126033306,0.021232515573501587,-0.03618139401078224,-0.019939379766583443,0.0006700237863697112,-0.04886928200721741,-0.030424147844314575,0.1428408920764923,0.05401360243558884,0.044433023780584335,-0.008996861055493355,0.0014678114093840122,0.03927237167954445,-0.02491668052971363,-0.06398103386163712,-0.0541640967130661,-0.031015895307064056,-0.04197052866220474,-0.03708804398775101,0.012645305134356022,-0.06535842269659042,0.04991137608885765,0.1169411912560463,0.05210020765662193,0.032370299100875854,-0.08294292539358139,0.02740643545985222,-0.07451988011598587,-0.006028083153069019,0.018977057188749313,-0.004299607127904892,0.030940862372517586,-0.03127126023173332,0.01463465765118599,0.04536312445998192,-0.029444701969623566,0.008649093098938465,-0.013213123194873333,-0.09532630443572998,-0.03199749439954758,-0.08270315080881119,0.04237576201558113,-0.08239670842885971,0.08880545198917389,0.03889242187142372,-0.0366133451461792,-0.030254803597927094,0.037771690636873245,0.0036291060969233513,-0.01698993891477585,0.033870358020067215,0.060977354645729065,0.07302660495042801,0.009961526840925217,-0.015898099169135094,-0.054152198135852814,-0.02477123588323593,-0.05253669247031212,0.027311677113175392,0.05745498463511467,0.03943571820855141,-0.04074101895093918,0.04055098816752434,0.015981387346982956,0.015625016763806343,-0.0558849461376667,0.068113774061203,0.05734308809041977,-2.3038787451544564e-33,-0.09633123874664307,0.026400843635201454,0.014071154408156872,0.0005270808469504118,0.02749359980225563,0.001063528936356306,0.006562535185366869,0.07135198265314102,-0.04235547035932541,-0.07283321022987366,0.0008059182437136769,0.016828684136271477,-0.010940066538751125,-0.004059827420860529,0.027575910091400146,-0.047369323670864105,-0.07462166249752045,0.01204568799585104,-0.05147341638803482,0.006065089721232653,-0.0374523401260376,0.016676783561706543,-0.04844924435019493,0.05942820385098457,0.020847292616963387,-0.023766128346323967,-0.02948865108191967,0.04006202146410942,0.06232229620218277,0.06131742522120476,0.09896750748157501,0.06432037800550461,-0.07052931934595108,-0.011593963950872421,0.012005354277789593,-0.12189404666423798,0.06627713888883591,-0.061033930629491806,0.009341316297650337,-0.05664987489581108,0.02757289446890354,-0.01981237716972828,0.04256221279501915,0.019235901534557343,-0.024763237684965134,-0.044687025249004364,-0.014746724627912045,-0.05184541642665863,0.05170251801609993,0.08859264850616455,-0.011700380593538284,-0.023251334205269814,0.11843060702085495,-0.10472726076841354,-0.0002527915348764509,0.057517293840646744,0.043494295328855515,0.09421153366565704,0.08375952392816544,0.009530794806778431,0.0729416087269783,0.05446242913603783,-0.011231095530092716,-0.014877526089549065,-0.007927794940769672,0.08854594081640244,0.03874071687459946,0.026833003386855125,0.043448325246572495,-0.003019647439941764,0.023184500634670258,-0.03065984696149826,-0.03363092616200447,-0.10833385586738586,-0.027756057679653168,-0.04381083697080612,0.07100491970777512,0.07254816591739655,-0.03059234470129013,-0.006970858667045832,0.032153282314538956,0.014098132960498333,0.058570489287376404,0.05124470964074135,0.02349834516644478,-0.047501128166913986,-0.001309386920183897,-0.10652273148298264,-0.03481456637382507,-0.04161803424358368,0.022900501266121864,0.012101232074201107,-0.05284382402896881,0.030707908794283867,0.005044159013777971,-5.0548724317422966e-8,-0.029436049982905388,0.02233356423676014,0.01215355470776558,-0.0013261232525110245,-0.02038940042257309,-0.03791499882936478,0.05640031769871712,-0.05589713156223297,0.018267937004566193,0.04179588332772255,-0.009122928604483604,-0.07857310026884079,-0.032057423144578934,0.0020445233676582575,-0.020510338246822357,-0.026478663086891174,0.03924254700541496,0.037002455443143845,0.0009467852069064975,-0.01567358896136284,-0.01839815266430378,-0.006965390406548977,0.07407020032405853,-0.15100102126598358,-0.05852849408984184,-0.022527802735567093,-0.07045150548219681,-0.036837972700595856,-0.017468973994255066,-0.05060343071818352,0.009179819375276566,0.18613725900650024,0.022450802847743034,-0.00047910778084769845,0.02459263615310192,-0.10447102040052414,-0.057128146290779114,0.06895235925912857,-0.048034824430942535,-0.02937484346330166,-0.04255959391593933,0.03753980994224548,-0.0022438878659158945,0.03509732708334923,-0.03198602795600891,0.01846066117286682,-0.016653820872306824,-0.03968829661607742,0.0753648653626442,-0.04327616095542908,-0.05234261974692345,0.0492117814719677,-0.005516663659363985,-0.008493638597428799,-0.039328284561634064,-0.011849276721477509,0.00881810300052166,0.04337690398097038,-0.06976060569286346,0.010787611827254295,-0.008735036477446556,-0.03469323739409447,0.01973462663590908,-0.03374751657247543
centroid	2	-0.12695710361003876,-0.05143369734287262,-0.08806432038545609,-0.01597750186920166,0.004370010457932949,-0.0018566857324913144,-0.03366634249687195,0.03165876120328903,-0.0996258482336998,-0.06802413612604141,-0.0031916361767798662,-0.028920335695147514,0.01597282849252224,-0.01139827910810709,0.03150612488389015,0.02703305333852768,-0.03506658971309662,0.0339251309633255,0.06404567509889603,-0.05113542824983597,-0.025305984541773796,0.005561681929975748,0.038875605911016464,-0.07564239203929901,0.03665745258331299,0.03752165660262108,-0.018299130722880363,0.01799584925174713,0.022587725892663002,-0.025859978049993515,0.04252628982067108,0.06930418312549591,-0.0031259465031325817,-0.033881332725286484,0.009553899988532066,0.13266973197460175,-0.0216826181858778,-0.014831257052719593,-0.13445252180099487,0.007139562163501978,-0.06828204542398453,0.050117820501327515,-0.08712607622146606,0.0005567445768974721,-0.02877224236726761,-0.057886481285095215,-0.009441999718546867,-0.05275838077068329,-0.08873815834522247,-0.043906405568122864,-0.006187355611473322,-0.07161375880241394,0.046519238501787186,-0.01812315545976162,0.061861589550971985,-0.06696832925081253,-0.03374777361750603,-0.03403521701693535,-0.02112947590649128,0.021886901929974556,-0.0067988126538693905,0.07511785626411438,-0.008021390996873379,0.014108431525528431,0.017574883997440338,0.09139351546764374,0.06028413027524948,0.03398051857948303,-0.06254886090755463,-0.11294952034950256,-0.09976594895124435,-0.05079137533903122,-0.06262972205877304,0.08776169270277023,-0.0008022161782719195,0.0495179146528244,-0.009935214184224606,-0.01780577376484871,0.028216300532221794,-0.08469536900520325,-0.07044021785259247,0.0603603757917881,0.04275555908679962,0.05957552790641785,0.050748102366924286,0.15077881515026093,0.014448625966906548,0.009614002890884876,0.08594414591789246,0.11665204167366028,0.03766542673110962,-0.05914844572544098,-0.01816224306821823,-0.016379017382860184,0.07212086766958237,0.031186889857053757,0.06846479326486588,0.03785204514861107,-0.0022412980906665325,0.04922858253121376,-0.04848947376012802,0.005478601437062025,-0.0439315065741539,-0.1008673831820488,0.02639656327664852,0.05720071867108345,0.07830406725406647,0.0230194590985775,0.003375437343493104,-0.023986320942640305,-0.011172176338732243,-0.01447058841586113,-0.00714484229683876,-0.15085431933403015,-0.008407720364630222,0.0002398748038103804,-0.004412283189594746,-0.008717319928109646,0.08647472411394119,0.06366866081953049,0.011440490372478962,0.031661368906497955,-0.04610010236501694,0.03306014463305473,0.05291811004281044,-0.026711907237768173,-0.010633498430252075,-1.8577340069662655e-33,0.01203173864632845,-0.008428694680333138,-0.07135457545518875,-0.00635637016966939,0.0513271689414978,-0.08826298266649246,0.007572523783892393,0.006694122217595577,-0.09463478624820709,-0.03610371798276901,0.03664986044168472,0.0069326250813901424,-0.0392657071352005,0.08630424737930298,0.022525105625391006,-0.012606474570930004,0.07906413823366165,-0.023095587268471718,-0.045649588108062744,-0.04831176623702049,0.03899490460753441,-0.012106693349778652,0.015639737248420715,-0.026118095964193344,0.0106050381436944,0.05069900304079056,-0.003899817820638418,-1.6051817510742694e-5,0.08367063850164413,0.03608660027384758,-0.053065523505210876,-0.12453513592481613,-0.006809313781559467,0.01035833079367876,0.026697617024183273,0.03878723829984665,-0.08012808859348297,0.017953842878341675,-0.08250921219587326,0.013472768478095531,0.10808086395263672,0.003920868504792452,-0.11158424615859985,-0.020978892222046852,0.020209558308124542,-0.055389802902936935,-0.06399040669202805,0.002715987851843238,-0.0033798159565776587,-0.07377706468105316,0.03475832939147949,0.12601971626281738,-0.006694094277918339,0.04378759115934372,0.06798040866851807,-0.021877741441130638,0.03654494509100914,-0.03458119183778763,0.01714322343468666,0.07859058678150177,-0.07038309425115585,0.03973298892378807,0.03922796994447708,0.017726950347423553,0.024606727063655853,-0.10009563714265823,-0.014595740474760532,-0.0399058535695076,0.016583368182182312,-0.011186668649315834,-0.02291261777281761,-0.008857724256813526,0.017672676593065262,0.041404057294130325,-0.03956771641969681,-0.01305981446057558,-0.011607052758336067,-0.06981109082698822,0.00470374058932066,-0.035981204360723495,-0.061596740037202835,-0.025873228907585144,-0.00039235554868355393,-0.01742909662425518,0.04978446289896965,0.021902384236454964,0.03739945963025093,-0.10884715616703033,-0.06699981540441513,-0.062016814947128296,0.06096213310956955,-0.01754203625023365,0.023046765476465225,-0.1035921722650528,-0.004192699212580919,-1.8770385629426445e-33,0.020077873021364212,0.04447191208600998,-0.043008748441934586,0.05273449793457985,-0.1053767204284668,-0.06580492854118347,0.03651168942451477,0.020803868770599365,-0.0051597426645457745,0.0636741891503334,-0.03503546118736267,-0.0399787612259388,0.012923669070005417,0.04200533777475357,0.036717649549245834,-0.027206918224692345,-0.058958642184734344,0.044597379863262177,0.06357081979513168,0.06413668394088745,-0.022837640717625618,0.11316545307636261,0.062346603721380234,0.0036119003780186176,0.016040531918406487,0.00476350961253047,-0.04629550501704216,0.08223278820514679,-0.06883668154478073,0.0009383299038745463,-2.6839876227313653e-5,0.012674869038164616,-0.05110301077365875,-0.10640273988246918,-0.012172175571322441,0.001807163585908711,0.07765913009643555,0.02860211953520775,0.00447958754375577,0.035303667187690735,0.13348405063152313,-0.08603508770465851,-0.11281318962574005,-0.0013693891232833266,-0.03896082565188408,0.07693992555141449,-0.0336187444627285,0.03801649436354637,0.07023162394762039,-0.09716389328241348,0.09188689291477203,0.01874455250799656,0.03617236390709877,-0.016855325549840927,-0.005413465667515993,-0.05794184282422066,-0.019844673573970795,0.008647053502500057,-0.056274984031915665,0.05574404448270798,-0.01741832122206688,-0.06141071021556854,0.06055779382586479,-0.0067989276722073555,0.06336318701505661,-0.00866603758186102,-0.03096778504550457,-0.01935751549899578,-0.02462725155055523,-0.12007924914360046,-0.005227264482527971,-0.025468546897172928,-0.014154080301523209,0.06932300329208374,0.03135422244668007,-0.05920341983437538,0.046607889235019684,-0.012494879774749279,0.03640555217862129,0.03946523368358612,-0.031088702380657196,0.007163216359913349,-0.05084552243351936,0.027483655139803886,-0.0016211217734962702,-0.02845846116542816,-0.03561118245124817,0.02679731510579586,-0.029787270352244377,0.007182049565017223,0.029702695086598396,0.09381058067083359,-0.007516089826822281,0.021290650591254234,-0.005534096155315638,-5.9343090441643653e-8,0.01207035593688488,0.018285607919096947,-0.01821274310350418,0.020299097523093224,0.058044467121362686,0.022978654131293297,0.01787971891462803,-0.08379015326499939,-0.016923215240240097,0.08645728975534439,0.012821155600249767,0.012862097471952438,-0.025202209129929543,-0.012454550713300705,0.025449290871620178,0.034358978271484375,-0.018459774553775787,0.0882035344839096,-0.07253248244524002,-0.07625529170036316,0.06390786916017532,0.11554496735334396,-0.003385015297681093,0.023238368332386017,-0.04549819231033325,-0.03233303874731064,0.03359435498714447,0.044862858951091766,0.008699231781065464,-0.020666170865297318,0.02412223443388939,0.06571059674024582,0.029458574950695038,-0.055408231914043427,-0.010687779635190964,0.02594301849603653,-0.049901463091373444,0.05865691974759102,0.0011761218775063753,0.002406370360404253,-0.037127476185560226,0.020096151158213615,-0.02322373352944851,-0.004359647631645203,-0.055466726422309875,-0.009911724366247654,-0.033986896276474,-0.0258411206305027,-0.025635773316025734,-0.09720762819051743,0.06027114763855934,0.006873979698866606,0.07457324117422104,0.028776125982403755,-0.01475414540618658,0.05764896050095558,0.0043715075589716434,-0.02791742980480194,-0.002900544088333845,-0.012969792820513248,-0.03185061365365982,-0.04507703334093094,0.08896564692258835,-0.005742150824517012
centroid	3	-0.08719325810670853,0.024311693385243416,-0.041667256504297256,0.02740887552499771,-0.01560049969702959,-0.027422839775681496,0.01498662680387497,0.06880725920200348,-0.08379602432250977,-0.0709085762500763,-0.015582720749080181,-0.023009125143289566,-0.018691062927246094,0.001240923535078764,0.04821023717522621,0.022373316809535027,-0.02307896874845028,0.07270093262195587,0.011878113262355328,-0.008250925689935684,0.014772055670619011,0.04686644300818443,-0.017798950895667076,0.022567301988601685,-0.03931600600481033,-0.030694622546434402,-0.06347964704036713,-0.01143635157495737,0.09103532135486603,-0.04160667583346367,0.036008141934871674,0.11364088952541351,-0.042198386043310165,0.02448313869535923,0.0035009505227208138,0.12732534110546112,-0.03389500826597214,-0.03560609742999077,-0.0671028271317482,-0.017140310257673264,-0.012654771097004414,0.06277342140674591,-0.08530221879482269,0.01933916285634041,-0.012716792523860931,-0.006445360369980335,0.06337729841470718,-0.008284320123493671,-0.08078059554100037,-0.015644682571291924,0.02092251554131508,0.038375601172447205,-0.019479697570204735,0.011905240826308727,0.13339881598949432,-0.021741973236203194,-0.018544768914580345,-0.06196409836411476,-0.03433528542518616,0.0468885637819767,-0.07388869673013687,0.03234219178557396,0.01859893836081028,-0.0552043616771698,0.03736259788274765,0.07592900097370148,0.06817759573459625,0.05063725635409355,-0.007187272887676954,0.029673982411623,-0.02862709015607834,-0.007582407910376787,-0.048995014280080795,0.058514632284641266,-0.012974780052900314,0.10884802043437958,-0.018246447667479515,-0.019728684797883034,-0.040558476001024246,-0.06602665036916733,-0.08737719058990479,0.028245072811841965,0.03741523250937462,-0.01812027022242546,0.07557667791843414,0.06434788554906845,-0.01335970126092434,-0.034273333847522736,0.11795639991760254,0.11708545684814453,-0.024235323071479797,-0.08003208786249161,0.0038285988848656416,-0.021149728447198868,0.0686718076467514,0.011483639478683472,0.07121814787387848,-0.014081498607993126,0.029037252068519592,0.06514720618724823,-0.06201516464352608,0.07890676707029343,0.054511383175849915,-0.04662162810564041,0.006175163201987743,0.018858714029192924,0.017582394182682037,-0.02052479051053524,-0.0783548429608345,-0.04202195256948471,0.002449377905577421,0.016898231580853462,0.015760032460093498,-0.11604543030261993,-0.02188301272690296,-0.0172907542437315,0.007340372074395418,-0.041446685791015625,0.08038307726383209,0.03301668167114258,0.06559675186872482,-0.009628485888242722,0.0245852991938591,0.09639144688844681,0.005194667726755142,-0.015769917517900467,-0.06573536247015,1.3278986627743356e-33,-0.004933713469654322,-0.0072203888557851315,-0.04405239224433899,0.02653704397380352,-0.02587071619927883,0.0014785840176045895,0.05833165720105171,-0.004365294240415096,-0.07248596847057343,-0.0021095112897455692,-0.0061954413540661335,0.036954186856746674,-0.02003125287592411,0.0031888748053461313,0.0585174486041069,-0.013311491347849369,0.08575139939785004,0.016856079921126366,-0.03104417584836483,0.018720250576734543,0.0877280905842781,0.03902208432555199,-0.042444322258234024,-0.04805504158139229,0.02050563506782055,0.004250731784850359,-0.01444968767464161,-0.05485177040100098,0.0014875652268528938,0.017831597477197647,-0.02945021353662014,-0.07528418302536011,0.02919265627861023,0.038272425532341,0.07399456202983856,-0.007578311022371054,-0.059015531092882156,0.012591196224093437,-0.08688575029373169,-0.05716145783662796,0.09230086952447891,0.02214164473116398,-0.08202000707387924,0.022883310914039612,0.016495220363140106,-0.08125338703393936,-0.07225556671619415,0.07273101806640625,-0.029834900051355362,-0.09435462951660156,0.05332380533218384,0.11663806438446045,-0.03870544210076332,-0.05408391356468201,0.06640702486038208,-0.07434085756540298,0.018202368170022964,0.00410201633349061,0.013345647603273392,0.1227685958147049,-0.0639585480093956,0.04604525864124298,-0.019835710525512695,0.044382091611623764,-0.038426436483860016,-0.04029468446969986,-0.07311598211526871,-0.019516704604029655,0.047468457370996475,0.005251443944871426,-0.022217638790607452,0.06050293147563934,-0.1245698630809784,0.02938181906938553,-0.03619194030761719,-0.03468863666057587,-0.02537468448281288,-0.10998248308897018,-0.016119450330734253,-0.06726078689098358,-0.029935304075479507,0.04385208711028099,-0.024355491623282433,0.08846603333950043,0.012611995451152325,-0.05684323608875275,0.01334751583635807,-0.06740690022706985,-0.07617594301700592,-0.10739880800247192,0.0052725812420248985,-0.058403972536325455,0.017034687101840973,-0.1272338479757309,-0.03627821430563927,-4.5121769426175986e-33,0.037544962018728256,-0.008863904513418674,-0.017805935814976692,0.06601017713546753,-0.10431596636772156,-0.05870586633682251,0.03980007395148277,-0.031619843095541,-0.022234659641981125,0.013969477266073227,-0.07923255860805511,-0.029855193570256233,0.03549642115831375,-0.021938899531960487,0.0303966011852026,0.02148387022316456,-0.13949687778949738,-0.07200734317302704,0.031093299388885498,0.07474939525127411,-0.0605475939810276,0.04813133180141449,0.08735167980194092,0.03840605169534683,0.0026918319053947926,0.03522063419222832,-0.04944732040166855,0.06102283298969269,-0.004004412330687046,0.00026950010214932263,-0.07832672446966171,-0.00688004307448864,-0.05318528413772583,-0.07684299349784851,0.00043646187987178564,-0.02188137359917164,0.06493771821260452,0.05657419562339783,0.024307604879140854,0.03143737092614174,0.10874345153570175,0.01747395470738411,-0.06257928162813187,0.030213993042707443,-0.03717615827918053,0.050652194768190384,-0.03575422614812851,0.016427068039774895,0.05923224985599518,-0.05371857434511185,0.08103082329034805,-0.0279719028621912,-0.02558324858546257,-0.0037841082084923983,-0.04482428357005119,-0.056540507823228836,0.018314311280846596,-0.014650045894086361,-0.0024361317045986652,0.05842864513397217,0.028857676312327385,-0.10600350797176361,0.047234274446964264,-0.014551736414432526,0.029609180986881256,-0.07142484188079834,-0.03490714356303215,-0.08636844903230667,-0.013294645585119724,-0.04840098321437836,0.04286220669746399,-0.01670178771018982,-0.06074434518814087,0.028566893190145493,-0.00467723561450839,-0.02905024029314518,0.06596003472805023,-0.013288105838000774,0.08485699445009232,0.07635339349508286,-0.04833093285560608,-0.00180168473161757,0.011574412696063519,0.04751069098711014,0.005556120071560144,-0.024121617898344994,0.01955142430961132,0.1116948202252388,-0.019333450123667717,0.010037565603852272,0.0027994473930448294,0.04801839590072632,-0.044039417058229446,0.051342401653528214,-0.028740501031279564,-7.541214586126443e-8,-0.05628223717212677,-0.04167206212878227,-0.04634261503815651,0.057173822075128555,0.04468587785959244,-0.005701520945876837,-0.030115220695734024,-0.05862216278910637,0.007191142532974482,-0.00015916147094685584,0.012126175686717033,0.04964308440685272,0.010377180762588978,-0.06435685604810715,0.05792786926031113,0.013910581357777119,0.014359326101839542,0.033595651388168335,-0.11775068938732147,-0.026919640600681305,-0.009131371974945068,0.06649664044380188,-0.04331729933619499,0.012942787259817123,-0.057419806718826294,-0.08347570896148682,0.0288675669580698,0.03104928694665432,0.11564615368843079,0.010674245655536652,0.06054611876606941,0.04085546359419823,0.035518672317266464,0.011925339698791504,-0.01799549162387848,0.05077997222542763,-0.029383722692728043,0.06107596680521965,0.009176106192171574,0.06107120215892792,-0.04973813518881798,-0.02692425437271595,-0.08853469789028168,0.024434197694063187,-0.018126852810382843,-0.05009611323475838,-0.039315950125455856,0.0010734188836067915,-0.023976610973477364,-0.0003781682753469795,0.02870144508779049,0.017623171210289,0.027053816244006157,0.09324565529823303,-0.055103860795497894,0.0349578894674778,0.02116052247583866,-0.04861241206526756,0.0023450071457773447,-0.021560076624155045,-0.031172797083854675,-0.06029123067855835,0.0708450898528099,0.035982754081487656
centroid	4	-0.08662260323762894,0.03488784655928612,0.03021395392715931,0.02373201958835125,-0.018873155117034912,0.00043567625107243657,0.056700173765420914,0.03553665429353714,-0.022381333634257317,-0.04481630399823189,-0.0075362916104495525,-0.021157266572117805,0.033306170254945755,-0.010357161983847618,0.05988698452711105,0.07014718651771545,-0.10525405406951904,0.019414907321333885,-0.020060688257217407,-0.054437536746263504,0.03214115649461746,0.0515330508351326,-0.015391223132610321,0.018149014562368393,0.024374091997742653,0.007601974066346884,-0.04945163056254387,-0.0028058013413101435,0.09493622183799744,0.01774415373802185,0.017484376206994057,0.052650872617959976,-0.030334338545799255,0.036317672580480576,0.028322309255599976,0.11653359234333038,-0.014421869069337845,-0.03982877731323242,-0.03595704957842827,0.009833459742367268,-0.02597452513873577,0.03623634949326515,-0.06506576389074326,0.01896778680384159,0.0328502357006073,0.035463597625494,0.01134759932756424,0.02915976382791996,-0.052409376949071884,-0.016577323898673058,-0.008798311464488506,0.009345234371721745,-0.0009752706391736865,-0.018623804673552513,0.11264654994010925,-0.0034844535402953625,-0.04078429937362671,-0.017949305474758148,0.04231148958206177,0.01216284092515707,-0.014869908802211285,-0.014135582372546196,-0.016721650958061218,-0.04212113097310066,0.05603131279349327,0.006852714344859123,-0.006703011691570282,0.07038476318120956,-0.050860412418842316,0.10415027290582657,-0.049479611217975616,0.005475143902003765,-0.06611354649066925,0.04493602365255356,-0.042609743773937225,0.12321963161230087,0.04344039782881737,-0.052466683089733124,0.0005026563885621727,-0.013019468635320663,-0.1268334686756134,-0.04694877564907074,0.01681625284254551,-0.05214596912264824,0.048651717603206635,0.04699595272541046,-0.06825145334005356,-0.09759508818387985,0.06262268871068954,0.09500030428171158,-0.010857776738703251,-0.10943657904863358,-0.01066013053059578,0.03036865033209324,0.07734986394643784,0.045688822865486145,0.06667693704366684,0.052061159163713455,-0.020336726680397987,0.06752190738916397,-0.02434525452554226,0.08781365305185318,0.032419122755527496,-0.06423886120319366,-0.014468305744230747,0.0013140251394361258,0.026379385963082314,-0.027198344469070435,-0.057808976620435715,-0.02804402820765972,0.03655785322189331,-0.013754517771303654,0.04513100907206535,-0.05422641336917877,-0.05440647155046463,-0.025087576359510422,0.01399532426148653,-0.04086943343281746,0.08010192215442657,0.0659097284078598,0.06298220902681351,0.0038344610948115587,-0.04220879077911377,0.08348298072814941,0.006762710865586996,-0.019507167860865593,0.016360288485884666,2.2388301938578127e-33,0.0037209554575383663,-0.061007365584373474,-0.0675085112452507,0.0026430869475007057,-0.037398811429739,0.031202735379338264,-0.04887895658612251,-0.0009661888470873237,-0.09566939622163773,0.05525222793221474,0.013589856214821339,-0.05162034183740616,-0.023148566484451294,-0.05522913485765457,-0.01786664128303528,-0.029424678534269333,0.11727747321128845,-0.04189305007457733,-0.04743972420692444,0.016368720680475235,0.05632079392671585,0.050129979848861694,-0.07224717736244202,-0.035466212779283524,-0.042529042810201645,0.007708496414124966,0.0075403060764074326,-0.08371171355247498,0.018340330570936203,0.01178371999412775,-0.03409908711910248,-0.10407570749521255,0.04636309668421745,0.026256388053297997,0.07835058122873306,0.011273952201008797,-0.004543239250779152,0.03528610244393349,-0.1121002808213234,-0.03823525458574295,0.006540418602526188,0.016400031745433807,-0.07833776623010635,0.07226869463920593,0.06859245151281357,-0.07271648198366165,-0.0321156270802021,0.04974816367030144,-0.034043096005916595,-0.08068716526031494,-0.006533802952617407,0.14758925139904022,-0.004266694653779268,-0.02226402424275875,0.07893365621566772,-0.08406949043273926,0.03380351886153221,-0.013878295198082924,-0.04030509665608406,0.07856906205415726,-0.042314641177654266,0.0711618959903717,0.029829226434230804,0.03109913505613804,-0.008921495638787746,-0.04523143544793129,-0.01994491182267666,0.07912549376487732,0.02724170871078968,0.03999509662389755,-0.03515300899744034,0.04838856682181358,-0.06381220370531082,0.030211370438337326,-0.0415344201028347,-0.08270881325006485,-0.01974673569202423,-0.06566184014081955,-0.0118869598954916,-0.1001511886715889,-0.01988792046904564,-0.0027610554825514555,-0.025299642235040665,0.10772537440061569,-0.037828005850315094,0.016217418015003204,-0.0200206246227026,-0.07526661455631256,-0.07570115476846695,-0.06606711447238922,0.05295636132359505,-0.040391262620687485,-0.004729010630398989,-0.10833700001239777,-0.021122122183442116,-5.539060154821148e-33,0.03972020372748375,0.045294489711523056,0.0007522317464463413,0.017188452184200287,-0.08351920545101166,-0.08287332952022552,0.07237385213375092,-0.047332171350717545,0.021456832066178322,0.0007662246352992952,-0.0644780695438385,-0.014137317426502705,0.009515617042779922,-0.030553331598639488,0.016649993136525154,0.03935805335640907,-0.10619183629751205,-0.03128933534026146,0.031011655926704407,0.029171880334615707,-0.04191721975803375,0.03358493745326996,0.031052973121404648,0.0929306223988533,-1.078298100765096e-5,0.04246821627020836,-0.0014437343925237656,0.050898581743240356,0.017947327345609665,0.07899681478738785,-0.03173593059182167,-0.021548716351389885,-0.041077207773923874,0.003636250738054514,-0.04122386872768402,-0.07035254687070847,0.02742208167910576,0.05965790897607803,0.02318643033504486,0.010532001033425331,0.09967513382434845,0.014689031057059765,-0.05487149953842163,0.06658978760242462,-0.015444289892911911,0.054831769317388535,0.000763129850383848,0.02977483905851841,0.024292878806591034,-0.07304777204990387,0.08092615753412247,-0.025247421115636826,-0.059429626911878586,0.005780589301139116,-0.0376373715698719,-0.08056642860174179,-0.053401511162519455,-0.008870002813637257,-0.02269453927874565,0.08382046967744827,0.011104495264589787,-0.040763553231954575,0.06035015732049942,-0.02691691368818283,0.035639479756355286,-0.07896784693002701,-0.04848243296146393,0.004522006493061781,0.03922496363520622,-0.08995958417654037,0.09042041003704071,0.01858816109597683,-0.07656972855329514,0.008161830715835094,-0.01999809220433235,0.011064259335398674,0.06577766686677933,-0.0034785845782607794,0.050179388374090195,0.1182459369301796,-0.06606186926364899,0.01985102891921997,-0.024690136313438416,0.09487468004226685,-0.0216809269040823,-0.030754990875720978,0.047055866569280624,0.1537685990333557,-0.08061046898365021,0.01694810390472412,0.02963886223733425,0.03777356445789337,-0.007135771680623293,0.029217077419161797,-0.038428761065006256,-6.968662802364634e-8,-0.04275083541870117,-0.08070240169763565,-0.057070259004831314,-0.003978382330387831,-0.014753765426576138,0.004835330415517092,-0.011950643733143806,-0.0931067243218422,-0.055585265159606934,-0.014579019509255886,0.012719573453068733,0.066517174243927,-0.04592108726501465,-0.07630586624145508,0.024842524901032448,-0.04550804942846298,-0.01408488117158413,-0.005490471608936787,-0.09607139229774475,-0.008724132552742958,-0.015871835872530937,0.04065994545817375,-0.08970484137535095,-0.03314738720655441,-0.04192483797669411,-0.02676062285900116,-0.0034431633539497852,0.056782934814691544,0.06027686968445778,-0.0012513116234913468,0.07793157547712326,0.050573308020830154,0.021733950823545456,-0.021569877862930298,-0.052620939910411835,0.041536103934049606,0.028786495327949524,0.05982362851500511,0.01977677084505558,0.052589382976293564,-0.09502001851797104,-0.059528108686208725,-0.06349898129701614,0.030816640704870224,-0.11654920130968094,-0.06950359791517258,-0.001863632001914084,0.014519009739160538,0.02202504314482212,-0.0532497800886631,0.04185264930129051,-0.02280627377331257,0.054667145013809204,0.04598746821284294,-0.0062780859880149364,0.0038223634473979473,0.04171828180551529,-0.028462080284953117,-0.02943652868270874,-0.0030774767510592937,0.02655360847711563,-0.07368817925453186,0.04220999404788017,0.01485633384436369
centroid	5	-0.07723473757505417,-0.060567181557416916,0.03699439391493797,0.01920819655060768,0.027813488617539406,-0.003273048670962453,-0.04224003478884697,0.002889683237299323,0.02604144625365734,0.010450952686369419,0.06785663962364197,-0.007244962267577648,-0.06870210915803909,-0.010537585243582726,0.05371834337711334,-0.055093564093112946,-0.030280791223049164,-0.04094046726822853,0.051394522190093994,-0.04251151531934738,0.01425929181277752,-0.06284154951572418,-0.031011784449219704,-0.028708191588521004,-0.018115093931555748,-0.08870938420295715,-0.12017831951379776,-0.013617478311061859,0.07471192628145218,-0.06192357838153839,0.09848028421401978,0.05923027917742729,-0.1410737782716751,-0.027272699400782585,-0.024895356968045235,0.004127251449972391,-0.06765681505203247,-0.017672264948487282,-0.040551334619522095,-0.013479134999215603,0.03686089813709259,-0.04829025641083717,-0.06297260522842407,0.04526670277118683,-0.04174978658556938,0.025625968351960182,0.025635287165641785,-0.020085424184799194,0.0012479341821745038,-0.01689412072300911,-0.06109089031815529,0.03715582564473152,0.05968387797474861,0.01712428592145443,0.050339337438344955,-0.03633018955588341,0.019255340099334717,-0.026357732713222504,0.02982279285788536,-0.06572849303483963,-0.06773016601800919,-0.0025241945404559374,0.03266485780477524,-0.03872343525290489,-0.008784277364611626,0.034092944115400314,0.030677471309900284,0.021554509177803993,0.08185185492038727,-0.04698418453335762,0.04762519523501396,-0.030852731317281723,0.011530375108122826,0.02220100350677967,-0.04757580906152725,-0.040637340396642685,0.026959307491779327,0.04356042295694351,-0.08334515243768692,-0.030363965779542923,-0.019771108403801918,-0.003639248665422201,0.02902543731033802,0.04811885580420494,0.00905456580221653,0.00518474355340004,0.0434289276599884,-0.03683988377451897,0.01977474056184292,0.07139487564563751,0.03729093074798584,-0.05167118459939957,-0.11577829718589783,0.08709298074245453,-0.03033704124391079,-0.0840895026922226,0.02964707277715206,0.005721099674701691,-0.04913511499762535,0.013202833011746407,0.0060361819341778755,0.0444277860224247,0.034192729741334915,-0.009664921090006828,-0.04195909947156906,-0.10268871486186981,0.012877490371465683,0.0008997081313282251,-0.018190667033195496,0.04629034921526909,0.11735531687736511,0.008273957297205925,0.039364393800497055,-0.047955308109521866,-0.020543932914733887,-0.04139978438615799,-0.017940908670425415,0.01785437949001789,0.03985359147191048,0.07761400192975998,0.026323998346924782,0.01907064951956272,0.005445914342999458,0.049626801162958145,0.07431496679782867,-0.09757490456104279,-0.021420123055577278,-4.22275186634592e-33,0.002834165934473276,0.025776421651244164,-0.05928698927164078,0.013893100433051586,-0.05612644925713539,-0.0699818879365921,0.07160334289073944,0.0013377672294154763,-0.0388466939330101,-0.06205897778272629,-0.03920048102736473,-0.010121813975274563,0.012961754575371742,-0.00020162593864370137,0.05451218783855438,-0.045790690928697586,-0.044421762228012085,0.06472466140985489,-0.07247663289308548,-0.0001360617025056854,-0.03929674252867699,-0.04781221225857735,0.014613213017582893,-0.05609783157706261,-0.07600169628858566,0.08082074671983719,-0.014674981124699116,-0.05431932210922241,-0.001806250074878335,0.0329681821167469,0.00612995121628046,0.05472813546657562,0.05718846991658211,0.032023921608924866,0.079165980219841,-0.04128293693065643,0.03317858278751373,-0.08617617934942245,-0.007590314839035273,-0.11707673966884613,-0.054737161844968796,-0.01763942651450634,0.10220522433519363,-0.04728288576006889,-0.04632308706641197,-0.0489649623632431,-0.055202580988407135,0.04722902178764343,-0.010441368445754051,0.0028203532565385103,0.10424990952014923,-0.009035349823534489,-0.032424766570329666,-0.010593565180897713,0.07369355857372284,0.009858445264399052,-0.004870269447565079,-0.01993938721716404,0.04715139418840408,0.11385141313076019,-0.05610205978155136,0.06772593408823013,0.10549811273813248,-0.010932380333542824,-0.017354615032672882,0.031218869611620903,-0.0033713679295033216,-0.07315690815448761,-0.04561295360326767,0.045080941170454025,-0.1061428040266037,0.024779466912150383,-0.03704546019434929,0.0024239378981292248,0.08421314507722855,0.037264373153448105,-0.0013601011596620083,-0.038148973137140274,0.14237679541110992,-0.023324308916926384,0.05503201484680176,-0.0470554381608963,-0.04134254902601242,-0.015174330212175846,-0.08846034854650497,-0.038661327213048935,0.01566438563168049,0.005439909640699625,-0.046205535531044006,0.05274588242173195,-0.0025721571873873472,0.012923607602715492,0.03905494511127472,-0.041296061128377914,-0.0572669617831707,1.1116326814779897e-33,0.014999139122664928,-0.11206366121768951,-0.0023421715013682842,0.016823047772049904,-0.04002345725893974,0.008405722677707672,-0.057429637759923935,0.009442250244319439,0.009157546795904636,0.07558457553386688,0.052524615079164505,0.024668384343385696,-0.03560773283243179,0.021961847320199013,-0.016008161008358,0.03940938785672188,0.09138116240501404,-0.02449752949178219,-0.05171139910817146,0.00751356640830636,0.030982259660959244,-0.03338245302438736,-0.07951068878173828,0.017894046381115913,-0.0781765729188919,0.03547954186797142,0.04993743076920509,0.048963405191898346,0.039163339883089066,-0.0774625837802887,0.002134619513526559,-0.010666840709745884,-0.07893112301826477,0.014412104152143002,0.03519401326775551,0.042034268379211426,0.04040033742785454,0.004253958351910114,-0.020495520904660225,0.0223749540746212,0.1126544252038002,0.041517820209264755,-0.006873350590467453,0.0004419489996507764,-0.03621882200241089,-0.0264024268835783,-0.005907901097089052,0.06121678277850151,0.03932766988873482,0.008494407869875431,0.06024632230401039,-0.022189997136592865,0.12103959918022156,0.02387968823313713,-0.028973372653126717,0.012387390248477459,-0.016271470114588737,-0.04293421655893326,-0.08921283483505249,0.034037742763757706,0.09827516227960587,-0.04438992589712143,-0.028442028909921646,-0.0586753748357296,0.024567775428295135,-0.08081912249326706,0.061766307801008224,-0.04255962744355202,-0.003990252502262592,-0.03174566477537155,0.05886387452483177,-0.09902091324329376,0.013000394217669964,-0.06666843593120575,0.05531948059797287,0.040143389254808426,0.004922266583889723,-0.06575050204992294,-0.028647981584072113,-0.054615553468465805,0.00381038011983037,0.02765626460313797,0.0674373134970665,-0.01606026291847229,0.10449521988630295,0.04031788557767868,-0.01847589574754238,-0.005421954672783613,-0.0024394348729401827,-0.06541711091995239,-0.02518506534397602,0.008409999310970306,0.0926714688539505,0.007828162983059883,0.02826521545648575,-1.6859589280215914e-8,-0.016896193847060204,0.021641148254275322,0.020311668515205383,0.02214890345931053,-0.0027449403423815966,-0.04472436010837555,0.03601350635290146,-0.01900862343609333,-0.10246042907238007,0.026184778660535812,0.07867667824029922,-0.02319061942398548,0.06452562659978867,-0.029405001550912857,0.1803078055381775,-0.03033917397260666,0.032967180013656616,-0.01039074081927538,-0.066075399518013,-0.020678922533988953,-0.030287781730294228,-0.044995151460170746,0.04330788552761078,-0.03869129344820976,-0.05186168849468231,0.07131285965442657,0.04058125242590904,0.018765509128570557,0.033045727759599686,-0.05197634920477867,0.08843834698200226,0.06658139079809189,0.07641866058111191,0.1070789098739624,-0.026365773752331734,0.09923102706670761,-0.0013847043737769127,-0.010666808113455772,0.07503056526184082,0.0625990480184555,-0.04221600666642189,-0.011259379796683788,-0.051484473049640656,0.07474889606237411,-0.112342968583107,0.008537769317626953,0.00237969565205276,-0.05541292950510979,-0.08576155453920364,0.05756773054599762,-0.006248886696994305,-0.002593955723568797,-0.04586991295218468,0.042519520968198776,-0.024260105565190315,-0.04161439836025238,0.02364015206694603,0.008521082811057568,-0.027214519679546356,0.058053772896528244,0.0942947193980217,-0.053256500512361526,-0.060511428862810135,0.0742340162396431
